{
    "model_file": "./data_sets/MovieLens-100K/checkpoint_LightGCN/config_0/fold_1/LightGCN-Apr-25-2025_15-37-01.pth",
    "data_set_name": "MovieLens-100K",
    "algorithm_name": "LightGCN",
    "algorithm_config_index": 0,
    "algorithm_configuration": {
        "embedding_size": 64,
        "learning_rate": 0.01
    },
    "fold": 1,
    "evaluation_time": 0.9121692180633545,
    "NDCG@1": 0.3853727144866385,
    "HR@1": 0.3853727144866385,
    "Recall@1": 0.3853727144866385,
    "NDCG@3": 0.36049648543416873,
    "HR@3": 0.6976090014064698,
    "Recall@3": 0.35396155649320243,
    "NDCG@5": 0.341101933190206,
    "HR@5": 0.8143459915611815,
    "Recall@5": 0.32951242381622065,
    "NDCG@10": 0.3123477071871926,
    "HR@10": 0.9085794655414908,
    "Recall@10": 0.309798964123859,
    "NDCG@20": 0.27674088551119874,
    "HR@20": 0.9578059071729957,
    "Recall@20": 0.33221544663002045
}