{
    "model_file": "./data_sets/ryanairreviews/checkpoint_FwFM/config_0/fold_3/FwFM-May-18-2025_21-59-14.pth",
    "data_set_name": "ryanairreviews",
    "algorithm_name": "FwFM",
    "algorithm_config_index": 0,
    "algorithm_configuration": {},
    "fold": 3,
    "evaluation_time": 0.0195920467376709,
    "NDCG@1": 0.6610169491525424,
    "HR@1": 0.6610169491525424,
    "Recall@1": 0.6610169491525424,
    "NDCG@3": 0.5062031199200756,
    "HR@3": 1.0,
    "Recall@3": 0.9491525423728813,
    "NDCG@5": 0.38514848412677893,
    "HR@5": 1.0,
    "Recall@5": 1.0,
    "NDCG@10": 0.2499350125410636,
    "HR@10": 1.0,
    "Recall@10": 1.0,
    "NDCG@20": 0.16129989633092856,
    "HR@20": 1.0,
    "Recall@20": 1.0
}