{
    "model_file": "./data_sets/starbucks/checkpoint_DSSM/config_0/fold_2/DSSM-May-24-2025_01-30-06.pth",
    "data_set_name": "starbucks",
    "algorithm_name": "DSSM",
    "algorithm_config_index": 0,
    "algorithm_configuration": {},
    "fold": 2,
    "evaluation_time": 0.017002105712890625,
    "NDCG@1": 0.0,
    "HR@1": 0.0,
    "Recall@1": 0.0,
    "NDCG@3": 0.0,
    "HR@3": 0.0,
    "Recall@3": 0.0,
    "NDCG@5": 0.0036517087460676612,
    "HR@5": 0.025,
    "Recall@5": 0.0125,
    "NDCG@10": 0.0023697091092387697,
    "HR@10": 0.025,
    "Recall@10": 0.0125,
    "NDCG@20": 0.002417083132161155,
    "HR@20": 0.05,
    "Recall@20": 0.025
}