{
    "model_file": "./data_sets/MovieLens-100K/checkpoint_ENMF/config_0/fold_3/ENMF-Apr-25-2025_15-08-35.pth",
    "data_set_name": "MovieLens-100K",
    "algorithm_name": "ENMF",
    "algorithm_config_index": 0,
    "algorithm_configuration": {
        "embedding_size": 64,
        "learning_rate": 0.01
    },
    "fold": 3,
    "evaluation_time": 0.8530921936035156,
    "NDCG@1": 0.4472573839662447,
    "HR@1": 0.4472573839662447,
    "Recall@1": 0.4472573839662447,
    "NDCG@3": 0.41846796241065726,
    "HR@3": 0.7088607594936709,
    "Recall@3": 0.40881387716830775,
    "NDCG@5": 0.38899544362429433,
    "HR@5": 0.8227848101265823,
    "Recall@5": 0.3707923112986398,
    "NDCG@10": 0.33786251821454566,
    "HR@10": 0.9170182841068917,
    "Recall@10": 0.32038543968923694,
    "NDCG@20": 0.2864272706526102,
    "HR@20": 0.9479606188466948,
    "Recall@20": 0.31819894281864125
}