{
    "model_file": "./data_sets/starbucks/checkpoint_LR/config_0/fold_0/LR-May-24-2025_01-27-44.pth",
    "data_set_name": "starbucks",
    "algorithm_name": "LR",
    "algorithm_config_index": 0,
    "algorithm_configuration": {},
    "fold": 0,
    "evaluation_time": 0.014999151229858398,
    "NDCG@1": 0.0,
    "HR@1": 0.0,
    "Recall@1": 0.0,
    "NDCG@3": 0.0,
    "HR@3": 0.0,
    "Recall@3": 0.0,
    "NDCG@5": 0.0,
    "HR@5": 0.0,
    "Recall@5": 0.0,
    "NDCG@10": 0.0,
    "HR@10": 0.0,
    "Recall@10": 0.0,
    "NDCG@20": 0.0018779983181472567,
    "HR@20": 0.05714285714285714,
    "Recall@20": 0.05714285714285714
}