{
    "model_file": "./data_sets/iphone/checkpoint_EulerNet/config_0/fold_1/EulerNet-May-23-2025_16-37-18.pth",
    "data_set_name": "iphone",
    "algorithm_name": "EulerNet",
    "algorithm_config_index": 0,
    "algorithm_configuration": {},
    "fold": 1,
    "evaluation_time": 0.0010039806365966797,
    "NDCG@1": 0.0,
    "HR@1": 0.0,
    "Recall@1": 0.0,
    "NDCG@3": 0.0,
    "HR@3": 0.0,
    "Recall@3": 0.0,
    "NDCG@5": 0.13120507751234178,
    "HR@5": 1.0,
    "Recall@5": 1.0,
    "NDCG@10": 0.08514311764162101,
    "HR@10": 1.0,
    "Recall@10": 1.0,
    "NDCG@20": 0.054948588071985875,
    "HR@20": 1.0,
    "Recall@20": 1.0
}