{
    "model_file": "./data_sets/MovieLens-100K/checkpoint_Random/config_0/fold_0/Random-Apr-25-2025_21-43-08.pth",
    "data_set_name": "MovieLens-100K",
    "algorithm_name": "Random",
    "algorithm_config_index": 0,
    "algorithm_configuration": {
        "epochs": 1
    },
    "fold": 0,
    "evaluation_time": 0.8516645431518555,
    "NDCG@1": 0.04781997187060478,
    "HR@1": 0.04781997187060478,
    "Recall@1": 0.04781997187060478,
    "NDCG@3": 0.039538332302535034,
    "HR@3": 0.09985935302390998,
    "Recall@3": 0.03703703703703701,
    "NDCG@5": 0.03957836971555951,
    "HR@5": 0.15752461322081576,
    "Recall@5": 0.038045007032348734,
    "NDCG@10": 0.03832293705785476,
    "HR@10": 0.279887482419128,
    "Recall@10": 0.03807514567008244,
    "NDCG@20": 0.03947735971648774,
    "HR@20": 0.450070323488045,
    "Recall@20": 0.046074082861649386
}