{
    "model_file": "./data_sets/MovieLens-100K/checkpoint_ENMF/config_0/fold_0/ENMF-Apr-25-2025_15-08-03.pth",
    "data_set_name": "MovieLens-100K",
    "algorithm_name": "ENMF",
    "algorithm_config_index": 0,
    "algorithm_configuration": {
        "embedding_size": 64,
        "learning_rate": 0.01
    },
    "fold": 0,
    "evaluation_time": 0.838688850402832,
    "NDCG@1": 0.4078762306610408,
    "HR@1": 0.4078762306610408,
    "Recall@1": 0.4078762306610408,
    "NDCG@3": 0.3732016788046607,
    "HR@3": 0.6469760900140648,
    "Recall@3": 0.3621659634317863,
    "NDCG@5": 0.3555594517507197,
    "HR@5": 0.7538677918424754,
    "Recall@5": 0.3423581809657756,
    "NDCG@10": 0.31210605684240705,
    "HR@10": 0.8607594936708861,
    "Recall@10": 0.2974225883508583,
    "NDCG@20": 0.2686262454434555,
    "HR@20": 0.9367088607594937,
    "Recall@20": 0.2947296760457271
}