{
    "7406": [
        [
            6,
            4,
            5,
            9,
            8,
            2,
            1,
            10,
            7,
            0,
            3
        ],
        [
            0.9999970197677612,
            0.9995143413543701,
            0.9993160963058472,
            0.9990538954734802,
            0.9933766722679138,
            0.9325044751167297,
            0.4724765717983246,
            0.07794629037380219,
            0.02082096040248871,
            -Infinity,
            -Infinity
        ]
    ],
    "5779": [
        [
            10,
            5,
            8,
            1,
            2,
            9,
            4,
            6,
            3,
            0,
            7
        ],
        [
            0.9992710947990417,
            0.999100923538208,
            0.9958829879760742,
            0.9932010769844055,
            0.9232895374298096,
            0.9142811298370361,
            0.907688558101654,
            0.8776525855064392,
            0.06756750494241714,
            -Infinity,
            -Infinity
        ]
    ]
}