{
    "model_file": "./data_sets/laptops/checkpoint_FwFM/config_0/fold_0/FwFM-May-23-2025_16-52-25.pth",
    "data_set_name": "laptops",
    "algorithm_name": "FwFM",
    "algorithm_config_index": 0,
    "algorithm_configuration": {},
    "fold": 0,
    "evaluation_time": 0.0046656131744384766,
    "NDCG@1": 0.0,
    "HR@1": 0.0,
    "Recall@1": 0.0,
    "NDCG@3": 0.0,
    "HR@3": 0.0,
    "Recall@3": 0.0,
    "NDCG@5": 0.0,
    "HR@5": 0.0,
    "Recall@5": 0.0,
    "NDCG@10": 0.008710918775408371,
    "HR@10": 0.1111111111111111,
    "Recall@10": 0.1111111111111111,
    "NDCG@20": 0.005621742552735228,
    "HR@20": 0.1111111111111111,
    "Recall@20": 0.1111111111111111
}