{
    "model_file": "./data_sets/videogamessecond/checkpoint_AFM/config_0/fold_3/AFM-May-24-2025_01-56-01.pth",
    "data_set_name": "videogamessecond",
    "algorithm_name": "AFM",
    "algorithm_config_index": 0,
    "algorithm_configuration": {},
    "fold": 3,
    "evaluation_time": 0.01700878143310547,
    "NDCG@1": 0.0,
    "HR@1": 0.0,
    "Recall@1": 0.0,
    "NDCG@3": 0.0,
    "HR@3": 0.0,
    "Recall@3": 0.0,
    "NDCG@5": 0.004859447315271918,
    "HR@5": 0.037037037037037035,
    "Recall@5": 0.037037037037037035,
    "NDCG@10": 0.015482390348744567,
    "HR@10": 0.2222222222222222,
    "Recall@10": 0.2222222222222222,
    "NDCG@20": 0.015254137064871791,
    "HR@20": 0.37037037037037035,
    "Recall@20": 0.37037037037037035
}