{
    "model_file": "./data_sets/MovieLens-100K/checkpoint_MultiVAE/config_0/fold_4/MultiVAE-Apr-25-2025_15-47-48.pth",
    "data_set_name": "MovieLens-100K",
    "algorithm_name": "MultiVAE",
    "algorithm_config_index": 0,
    "algorithm_configuration": {
        "latent_dimension": 64,
        "learning_rate": 0.01
    },
    "fold": 4,
    "evaluation_time": 0.8664765357971191,
    "NDCG@1": 0.43741209563994377,
    "HR@1": 0.43741209563994377,
    "Recall@1": 0.43741209563994377,
    "NDCG@3": 0.4168260377817751,
    "HR@3": 0.7440225035161744,
    "Recall@3": 0.4120956399437409,
    "NDCG@5": 0.397634603886487,
    "HR@5": 0.849507735583685,
    "Recall@5": 0.3876465072667598,
    "NDCG@10": 0.3644297221854071,
    "HR@10": 0.9381153305203939,
    "Recall@10": 0.3630148683946156,
    "NDCG@20": 0.3176258041852195,
    "HR@20": 0.9704641350210971,
    "Recall@20": 0.3766833174772002
}