{
    "model_file": "./data_sets/MovieLens-100K/checkpoint_NAIS/config_0/fold_3/NAIS-Apr-25-2025_20-23-56.pth",
    "data_set_name": "MovieLens-100K",
    "algorithm_name": "NAIS",
    "algorithm_config_index": 0,
    "algorithm_configuration": {
        "embedding_size": 64,
        "learning_rate": 0.01,
        "split_to": 20
    },
    "fold": 3,
    "evaluation_time": 0.8572132587432861,
    "NDCG@1": 0.08579465541490858,
    "HR@1": 0.08579465541490858,
    "Recall@1": 0.08579465541490858,
    "NDCG@3": 0.07690809624672428,
    "HR@3": 0.20253164556962025,
    "Recall@3": 0.07501172058134092,
    "NDCG@5": 0.0763986226376367,
    "HR@5": 0.3009845288326301,
    "Recall@5": 0.075011720581341,
    "NDCG@10": 0.0713554944538515,
    "HR@10": 0.459915611814346,
    "Recall@10": 0.07075603330877622,
    "NDCG@20": 0.06881307838014479,
    "HR@20": 0.6624472573839663,
    "Recall@20": 0.08188233167936257
}