{
    "model_file": "./data_sets/animes/checkpoint_DSSM/config_0/fold_2/DSSM-May-23-2025_13-22-47.pth",
    "data_set_name": "animes",
    "algorithm_name": "DSSM",
    "algorithm_config_index": 0,
    "algorithm_configuration": {},
    "fold": 2,
    "evaluation_time": 0.20390868186950684,
    "NDCG@1": 0.0,
    "HR@1": 0.0,
    "Recall@1": 0.0,
    "NDCG@3": 0.0012912926374142176,
    "HR@3": 0.004866180048661801,
    "Recall@3": 0.004866180048661801,
    "NDCG@5": 0.0019271164774664856,
    "HR@5": 0.012165450121654502,
    "Recall@5": 0.012165450121654502,
    "NDCG@10": 0.001786861929030876,
    "HR@10": 0.019464720194647202,
    "Recall@10": 0.019464720194647202,
    "NDCG@20": 0.001496714561141482,
    "HR@20": 0.029197080291970802,
    "Recall@20": 0.029197080291970802
}