{
    "model_file": "./data_sets/videogamessecond/checkpoint_FM/config_0/fold_4/FM-May-24-2025_02-10-25.pth",
    "data_set_name": "videogamessecond",
    "algorithm_name": "FM",
    "algorithm_config_index": 0,
    "algorithm_configuration": {
        "task": "rating",
        "epoch": 10,
        "lr": 0.05
    },
    "fold": 4,
    "evaluation_time": 0.016570091247558594,
    "NDCG@1": 0.034482758620689655,
    "HR@1": 0.034482758620689655,
    "Recall@1": 0.034482758620689655,
    "NDCG@3": 0.024273037552901194,
    "HR@3": 0.06896551724137931,
    "Recall@3": 0.06896551724137931,
    "NDCG@5": 0.027103921905705944,
    "HR@5": 0.13793103448275862,
    "Recall@5": 0.13793103448275862,
    "NDCG@10": 0.036449457503538486,
    "HR@10": 0.41379310344827586,
    "Recall@10": 0.41379310344827586,
    "NDCG@20": 0.028232702994907627,
    "HR@20": 0.5517241379310345,
    "Recall@20": 0.5517241379310345
}