{
    "model_file": "./data_sets/animes/checkpoint_AFM/config_0/fold_2/AFM-May-23-2025_13-01-31.pth",
    "data_set_name": "animes",
    "algorithm_name": "AFM",
    "algorithm_config_index": 0,
    "algorithm_configuration": {},
    "fold": 2,
    "evaluation_time": 0.19464874267578125,
    "NDCG@1": 0.0,
    "HR@1": 0.0,
    "Recall@1": 0.0,
    "NDCG@3": 0.002011686581370094,
    "HR@3": 0.0072992700729927005,
    "Recall@3": 0.0072992700729927005,
    "NDCG@5": 0.0024477643235358963,
    "HR@5": 0.014598540145985401,
    "Recall@5": 0.014598540145985401,
    "NDCG@10": 0.0020951791999536695,
    "HR@10": 0.021897810218978103,
    "Recall@10": 0.021897810218978103,
    "NDCG@20": 0.001602178618041114,
    "HR@20": 0.029197080291970802,
    "Recall@20": 0.029197080291970802
}