{
    "model_file": "./data_sets/animes/checkpoint_AFM/config_0/fold_1/AFM-May-23-2025_13-00-49.pth",
    "data_set_name": "animes",
    "algorithm_name": "AFM",
    "algorithm_config_index": 0,
    "algorithm_configuration": {},
    "fold": 1,
    "evaluation_time": 0.22014355659484863,
    "NDCG@1": 0.0,
    "HR@1": 0.0,
    "Recall@1": 0.0,
    "NDCG@3": 0.0,
    "HR@3": 0.0,
    "Recall@3": 0.0,
    "NDCG@5": 0.0008594219051026754,
    "HR@5": 0.006550218340611353,
    "Recall@5": 0.006550218340611353,
    "NDCG@10": 0.0008355260465562588,
    "HR@10": 0.010917030567685589,
    "Recall@10": 0.010917030567685589,
    "NDCG@20": 0.0010585170029084102,
    "HR@20": 0.026200873362445413,
    "Recall@20": 0.026200873362445413
}