{
    "model_file": "./data_sets/videogamessecond/checkpoint_DSSM/config_0/fold_4/DSSM-May-24-2025_02-02-40.pth",
    "data_set_name": "videogamessecond",
    "algorithm_name": "DSSM",
    "algorithm_config_index": 0,
    "algorithm_configuration": {},
    "fold": 4,
    "evaluation_time": 0.017999887466430664,
    "NDCG@1": 0.034482758620689655,
    "HR@1": 0.034482758620689655,
    "Recall@1": 0.034482758620689655,
    "NDCG@3": 0.02639174610305592,
    "HR@3": 0.06896551724137931,
    "Recall@3": 0.06896551724137931,
    "NDCG@5": 0.019074016207177368,
    "HR@5": 0.06896551724137931,
    "Recall@5": 0.06896551724137931,
    "NDCG@10": 0.03397676640636909,
    "HR@10": 0.3793103448275862,
    "Recall@10": 0.3793103448275862,
    "NDCG@20": 0.028068159559591296,
    "HR@20": 0.5517241379310345,
    "Recall@20": 0.5517241379310345
}