{
    "9": [
        [
            2,
            0,
            1,
            3
        ],
        [
            0.9876768589019775,
            -Infinity,
            -Infinity,
            -Infinity
        ]
    ],
    "22": [
        [
            2,
            0,
            1,
            3
        ],
        [
            0.9607810378074646,
            -Infinity,
            -Infinity,
            -Infinity
        ]
    ],
    "40": [
        [
            1,
            0,
            2,
            3
        ],
        [
            0.9867812991142273,
            -Infinity,
            -Infinity,
            -Infinity
        ]
    ],
    "5": [
        [
            3,
            0,
            1,
            2
        ],
        [
            0.9802496433258057,
            -Infinity,
            -Infinity,
            -Infinity
        ]
    ],
    "73": [
        [
            1,
            0,
            2,
            3
        ],
        [
            0.9874688386917114,
            -Infinity,
            -Infinity,
            -Infinity
        ]
    ],
    "45": [
        [
            2,
            0,
            1,
            3
        ],
        [
            0.9844967126846313,
            -Infinity,
            -Infinity,
            -Infinity
        ]
    ],
    "20": [
        [
            3,
            0,
            1,
            2
        ],
        [
            0.9855532050132751,
            -Infinity,
            -Infinity,
            -Infinity
        ]
    ],
    "26": [
        [
            1,
            0,
            2,
            3
        ],
        [
            0.9876725077629089,
            -Infinity,
            -Infinity,
            -Infinity
        ]
    ],
    "80": [
        [
            1,
            3,
            0,
            2
        ],
        [
            0.9823809862136841,
            0.9685711860656738,
            -Infinity,
            -Infinity
        ]
    ],
    "95": [
        [
            1,
            0,
            2,
            3
        ],
        [
            0.9932460188865662,
            -Infinity,
            -Infinity,
            -Infinity
        ]
    ],
    "86": [
        [
            2,
            0,
            1,
            3
        ],
        [
            0.9930245876312256,
            -Infinity,
            -Infinity,
            -Infinity
        ]
    ],
    "57": [
        [
            3,
            2,
            0,
            1
        ],
        [
            0.9914453029632568,
            0.9910377264022827,
            -Infinity,
            -Infinity
        ]
    ],
    "65": [
        [
            1,
            3,
            0,
            2
        ],
        [
            0.9870102405548096,
            0.9765263199806213,
            -Infinity,
            -Infinity
        ]
    ],
    "37": [
        [
            1,
            0,
            2,
            3
        ],
        [
            0.9884275794029236,
            -Infinity,
            -Infinity,
            -Infinity
        ]
    ],
    "53": [
        [
            1,
            0,
            2,
            3
        ],
        [
            0.9803224205970764,
            -Infinity,
            -Infinity,
            -Infinity
        ]
    ],
    "92": [
        [
            2,
            0,
            1,
            3
        ],
        [
            0.985052764415741,
            -Infinity,
            -Infinity,
            -Infinity
        ]
    ],
    "44": [
        [
            3,
            0,
            1,
            2
        ],
        [
            0.9880313873291016,
            -Infinity,
            -Infinity,
            -Infinity
        ]
    ],
    "25": [
        [
            1,
            0,
            2,
            3
        ],
        [
            0.9859170317649841,
            -Infinity,
            -Infinity,
            -Infinity
        ]
    ],
    "50": [
        [
            2,
            0,
            1,
            3
        ],
        [
            0.9904555678367615,
            -Infinity,
            -Infinity,
            -Infinity
        ]
    ],
    "63": [
        [
            3,
            0,
            1,
            2
        ],
        [
            0.9811497926712036,
            -Infinity,
            -Infinity,
            -Infinity
        ]
    ],
    "85": [
        [
            1,
            2,
            0,
            3
        ],
        [
            0.9811237454414368,
            0.9596807956695557,
            -Infinity,
            -Infinity
        ]
    ],
    "69": [
        [
            2,
            0,
            1,
            3
        ],
        [
            0.9809098839759827,
            -Infinity,
            -Infinity,
            -Infinity
        ]
    ],
    "23": [
        [
            2,
            0,
            1,
            3
        ],
        [
            0.9844599962234497,
            -Infinity,
            -Infinity,
            -Infinity
        ]
    ],
    "75": [
        [
            2,
            0,
            1,
            3
        ],
        [
            0.9811913371086121,
            -Infinity,
            -Infinity,
            -Infinity
        ]
    ],
    "12": [
        [
            2,
            0,
            1,
            3
        ],
        [
            0.9866369366645813,
            -Infinity,
            -Infinity,
            -Infinity
        ]
    ],
    "10": [
        [
            1,
            0,
            2,
            3
        ],
        [
            0.9839662909507751,
            -Infinity,
            -Infinity,
            -Infinity
        ]
    ],
    "34": [
        [
            2,
            0,
            1,
            3
        ],
        [
            0.9483594298362732,
            -Infinity,
            -Infinity,
            -Infinity
        ]
    ],
    "68": [
        [
            1,
            0,
            2,
            3
        ],
        [
            0.9854322075843811,
            -Infinity,
            -Infinity,
            -Infinity
        ]
    ],
    "89": [
        [
            1,
            0,
            2,
            3
        ],
        [
            0.985052227973938,
            -Infinity,
            -Infinity,
            -Infinity
        ]
    ],
    "84": [
        [
            1,
            0,
            2,
            3
        ],
        [
            0.9766885638237,
            -Infinity,
            -Infinity,
            -Infinity
        ]
    ],
    "71": [
        [
            1,
            0,
            2,
            3
        ],
        [
            0.9883053302764893,
            -Infinity,
            -Infinity,
            -Infinity
        ]
    ],
    "2": [
        [
            3,
            0,
            1,
            2
        ],
        [
            0.9745352864265442,
            -Infinity,
            -Infinity,
            -Infinity
        ]
    ],
    "96": [
        [
            3,
            0,
            1,
            2
        ],
        [
            0.9802603125572205,
            -Infinity,
            -Infinity,
            -Infinity
        ]
    ],
    "3": [
        [
            3,
            2,
            0,
            1
        ],
        [
            0.9931296706199646,
            0.9923696517944336,
            -Infinity,
            -Infinity
        ]
    ],
    "52": [
        [
            1,
            0,
            2,
            3
        ],
        [
            0.9926873445510864,
            -Infinity,
            -Infinity,
            -Infinity
        ]
    ],
    "88": [
        [
            1,
            0,
            2,
            3
        ],
        [
            0.9841295480728149,
            -Infinity,
            -Infinity,
            -Infinity
        ]
    ],