{
    "4077": [
        [
            2,
            3,
            1,
            5,
            8,
            7,
            6,
            9,
            10,
            0,
            4
        ],
        [
            0.9970296621322632,
            0.9969735145568848,
            0.9969692826271057,
            0.9969238638877869,
            0.9968886971473694,
            0.9968833327293396,
            0.9966625571250916,
            0.9965847730636597,
            0.9957476258277893,
            -Infinity,
            -Infinity
        ]
    ],
    "2905": [
        [
            4,
            2,
            3,
            1,
            5,
            8,
            7,
            9,
            10,
            0,
            6
        ],
        [
            0.9968223571777344,
            0.9968152642250061,
            0.996755063533783,
            0.9967504739761353,
            0.9967017769813538,
            0.9966639876365662,
            0.9966583251953125,
            0.9963383674621582,
            0.9954409599304199,
            -Infinity,
            -Infinity
        ]
    ]
}