{
    "model_file": "./data_sets/MovieLens-100K/checkpoint_LDiffRec/config_0/fold_3/LDiffRec-Apr-25-2025_19-31-31.pth",
    "data_set_name": "MovieLens-100K",
    "algorithm_name": "LDiffRec",
    "algorithm_config_index": 0,
    "algorithm_configuration": {
        "steps": 5,
        "learning_rate": 0.01
    },
    "fold": 3,
    "evaluation_time": 0.8585686683654785,
    "NDCG@1": 0.42616033755274263,
    "HR@1": 0.42616033755274263,
    "Recall@1": 0.42616033755274263,
    "NDCG@3": 0.3821671410995248,
    "HR@3": 0.7032348804500703,
    "Recall@3": 0.36943272386310394,
    "NDCG@5": 0.367359583488221,
    "HR@5": 0.8185654008438819,
    "Recall@5": 0.3538912330051567,
    "NDCG@10": 0.3354563394422723,
    "HR@10": 0.919831223628692,
    "Recall@10": 0.3293874042819189,
    "NDCG@20": 0.29484447992721824,
    "HR@20": 0.9873417721518988,
    "Recall@20": 0.35078149798091485
}