{
    "model_file": "./data_sets/productssecond/checkpoint_FM/config_0/fold_4/FM-May-24-2025_00-54-50.pth",
    "data_set_name": "productssecond",
    "algorithm_name": "FM",
    "algorithm_config_index": 0,
    "algorithm_configuration": {
        "task": "rating",
        "epoch": 10,
        "lr": 0.05
    },
    "fold": 4,
    "evaluation_time": 0.002000093460083008,
    "NDCG@1": 0.5,
    "HR@1": 0.5,
    "Recall@1": 0.5,
    "NDCG@3": 0.35195904451706733,
    "HR@3": 1.0,
    "Recall@3": 1.0,
    "NDCG@5": 0.2543701539552121,
    "HR@5": 1.0,
    "Recall@5": 1.0,
    "NDCG@10": 0.16506882472356016,
    "HR@10": 1.0,
    "Recall@10": 1.0,
    "NDCG@20": 0.10653002972524298,
    "HR@20": 1.0,
    "Recall@20": 1.0
}