{
    "1268": [
        [
            3,
            9,
            6,
            4,
            5,
            8,
            7,
            10,
            1,
            0,
            2
        ],
        [
            1.0,
            1.0,
            0.9999998807907104,
            0.9999997615814209,
            0.013055636547505856,
            0.007202306762337685,
            0.006433175411075354,
            3.737947338322556e-07,
            9.6658418158313e-08,
            -Infinity,
            -Infinity
        ]
    ],
    "5334": [
        [
            2,
            5,
            7,
            9,
            3,
            1,
            10,
            8,
            6,
            0,
            4
        ],
        [
            1.0,
            0.9999998807907104,
            0.9999998807907104,
            0.9999994039535522,
            0.9974693059921265,
            0.9953497052192688,
            0.9939371347427368,
            0.006169585045427084,
            0.00599076459184289,
            -Infinity,
            -Infinity
        ]
    ]
}