{
    "model_file": "./data_sets/winesspa/checkpoint_FwFM/config_0/fold_0/FwFM-May-18-2025_21-05-04.pth",
    "data_set_name": "winesspa",
    "algorithm_name": "FwFM",
    "algorithm_config_index": 0,
    "algorithm_configuration": {},
    "fold": 0,
    "evaluation_time": 0.046142578125,
    "NDCG@1": 0.5,
    "HR@1": 0.5,
    "Recall@1": 0.5,
    "NDCG@3": 0.5018432764386346,
    "HR@3": 0.91,
    "Recall@3": 0.5000000000000002,
    "NDCG@5": 0.5092301332482816,
    "HR@5": 0.96,
    "Recall@5": 0.5243333333333333,
    "NDCG@10": 0.4389871192859449,
    "HR@10": 0.99,
    "Recall@10": 0.5356904761904762,
    "NDCG@20": 0.3043278266406501,
    "HR@20": 0.99,
    "Recall@20": 0.5918022533022532
}