{
    "40": [
        [
            3,
            1,
            0,
            2
        ],
        [
            1.0,
            0.9999998807907104,
            -Infinity,
            -Infinity
        ]
    ],
    "93": [
        [
            1,
            3,
            0,
            2
        ],
        [
            0.9999998807907104,
            0.9999998807907104,
            -Infinity,
            -Infinity
        ]
    ],
    "41": [
        [
            1,
            0,
            2,
            3
        ],
        [
            0.9999998807907104,
            -Infinity,
            -Infinity,
            -Infinity
        ]
    ],
    "74": [
        [
            3,
            1,
            0,
            2
        ],
        [
            1.0,
            0.9999998807907104,
            -Infinity,
            -Infinity
        ]
    ],
    "32": [
        [
            2,
            0,
            1,
            3
        ],
        [
            1.0,
            -Infinity,
            -Infinity,
            -Infinity
        ]
    ],
    "56": [
        [
            1,
            0,
            2,
            3
        ],
        [
            0.9999998807907104,
            -Infinity,
            -Infinity,
            -Infinity
        ]
    ],
    "81": [
        [
            1,
            0,
            2,
            3
        ],
        [
            1.0,
            -Infinity,
            -Infinity,
            -Infinity
        ]
    ],
    "48": [
        [
            2,
            0,
            1,
            3
        ],
        [
            1.0,
            -Infinity,
            -Infinity,
            -Infinity
        ]
    ],
    "37": [
        [
            1,
            0,
            2,
            3
        ],
        [
            1.0,
            -Infinity,
            -Infinity,
            -Infinity
        ]
    ],
    "11": [
        [
            2,
            0,
            1,
            3
        ],
        [
            1.0,
            -Infinity,
            -Infinity,
            -Infinity
        ]
    ],
    "89": [
        [
            2,
            0,
            1,
            3
        ],
        [
            0.9999997615814209,
            -Infinity,
            -Infinity,
            -Infinity
        ]
    ],
    "34": [
        [
            2,
            0,
            1,
            3
        ],
        [
            1.0,
            -Infinity,
            -Infinity,
            -Infinity
        ]
    ],
    "70": [
        [
            2,
            0,
            1,
            3
        ],
        [
            1.0,
            -Infinity,
            -Infinity,
            -Infinity
        ]
    ],
    "68": [
        [
            2,
            0,
            1,
            3
        ],
        [
            1.0,
            -Infinity,
            -Infinity,
            -Infinity
        ]
    ],
    "16": [
        [
            2,
            0,
            1,
            3
        ],
        [
            1.0,
            -Infinity,
            -Infinity,
            -Infinity
        ]
    ],
    "38": [
        [
            1,
            0,
            2,
            3
        ],
        [
            1.0,
            -Infinity,
            -Infinity,
            -Infinity
        ]
    ],
    "88": [
        [
            2,
            0,
            1,
            3
        ],
        [
            1.0,
            -Infinity,
            -Infinity,
            -Infinity
        ]
    ],
    "13": [
        [
            1,
            0,
            2,
            3
        ],
        [
            1.0,
            -Infinity,
            -Infinity,
            -Infinity
        ]
    ],
    "25": [
        [
            1,
            0,
            2,
            3
        ],
        [
            1.0,
            -Infinity,
            -Infinity,
            -Infinity
        ]
    ],
    "80": [
        [
            1,
            0,
            2,
            3
        ],
        [
            1.0,
            -Infinity,
            -Infinity,
            -Infinity
        ]
    ],
    "26": [
        [
            1,
            3,
            0,
            2
        ],
        [
            1.0,
            0.9999998807907104,
            -Infinity,
            -Infinity
        ]
    ],
    "52": [
        [
            3,
            1,
            0,
            2
        ],
        [
            1.0,
            0.9999991655349731,
            -Infinity,
            -Infinity
        ]
    ],
    "95": [
        [
            3,
            0,
            1,
            2
        ],
        [
            0.9999995231628418,
            -Infinity,
            -Infinity,
            -Infinity
        ]
    ],
    "67": [
        [
            3,
            0,
            1,
            2
        ],
        [
            1.0,
            -Infinity,
            -Infinity,
            -Infinity
        ]
    ],
    "71": [
        [
            3,
            1,
            0,
            2
        ],
        [
            1.0,
            0.9999998807907104,
            -Infinity,
            -Infinity
        ]
    ],
    "22": [
        [
            2,
            1,
            0,
            3
        ],
        [
            0.9999998807907104,
            0.9999997615814209,
            -Infinity,
            -Infinity
        ]
    ],
    "43": [
        [
            1,
            0,
            2,
            3
        ],
        [
            1.0,
            -Infinity,
            -Infinity,
            -Infinity
        ]
    ],
    "14": [
        [
            3,
            0,
            1,
            2
        ],
        [
            0.9999984502792358,
            -Infinity,
            -Infinity,
            -Infinity
        ]
    ],
    "75": [
        [
            3,
            0,
            1,
            2
        ],
        [
            0.9999997615814209,
            -Infinity,
            -Infinity,
            -Infinity
        ]
    ],
    "94": [
        [
            3,
            0,
            1,
            2
        ],
        [
            1.0,
            -Infinity,
            -Infinity,
            -Infinity
        ]
    ],
    "28": [
        [
            1,
            2,
            0,
            3
        ],
        [
            1.0,
            1.0,
            -Infinity,
            -Infinity
        ]
    ],
    "69": [
        [
            2,
            3,
            0,
            1
        ],
        [
            0.9999998807907104,
            0.9999998807907104,
            -Infinity,
            -Infinity
        ]
    ],
    "65": [
        [
            2,
            0,
            1,
            3
        ],
        [
            1.0,
            -Infinity,
            -Infinity,
            -Infinity
        ]
    ],
    "51": [
        [
            2,
            0,
            1,
            3
        ],
        [
            0.9999977350234985,
            -Infinity,
            -Infinity,
            -Infinity
        ]
    ],
    "87": [
        [
            1,
            0,
            2,
            3
        ],
        [
            1.0,
            -Infinity,
            -Infinity,
            -Infinity
        ]
    ],
    "91": [
        [
            2,
            0,
            1,
            3
        ],
        [
            1.0,
            -Infinity,
            -Infinity,
            -Infinity
        ]
    ],
    "96": [
        [
            2,
            1,
            0,
            3
        ],
        [
            1.0,
            0.9999996423721313,
            -Infinity,
            -Infinity
        ]
    ],