{
    "model_file": "./data_sets/animes/checkpoint_FNN/config_0/fold_0/FNN-May-23-2025_14-03-10.pth",
    "data_set_name": "animes",
    "algorithm_name": "FNN",
    "algorithm_config_index": 0,
    "algorithm_configuration": {},
    "fold": 0,
    "evaluation_time": 0.21933865547180176,
    "NDCG@1": 0.0,
    "HR@1": 0.0,
    "Recall@1": 0.0,
    "NDCG@3": 0.0011638624429325514,
    "HR@3": 0.0043859649122807015,
    "Recall@3": 0.0043859649122807015,
    "NDCG@5": 0.0008411543144108238,
    "HR@5": 0.0043859649122807015,
    "Recall@5": 0.0043859649122807015,
    "NDCG@10": 0.0016468483682242833,
    "HR@10": 0.019736842105263157,
    "Recall@10": 0.019736842105263157,
    "NDCG@20": 0.0015951759174751912,
    "HR@20": 0.03508771929824561,
    "Recall@20": 0.03508771929824561
}