{
    "model_file": "./data_sets/laptops/checkpoint_LR/config_0/fold_2/LR-May-23-2025_16-40-52.pth",
    "data_set_name": "laptops",
    "algorithm_name": "LR",
    "algorithm_config_index": 0,
    "algorithm_configuration": {},
    "fold": 2,
    "evaluation_time": 0.01560211181640625,
    "NDCG@1": 0.0,
    "HR@1": 0.0,
    "Recall@1": 0.0,
    "NDCG@3": 0.0,
    "HR@3": 0.0,
    "Recall@3": 0.0,
    "NDCG@5": 0.020866907120386635,
    "HR@5": 0.14285714285714285,
    "Recall@5": 0.14285714285714285,
    "NDCG@10": 0.013541194909935828,
    "HR@10": 0.14285714285714285,
    "Recall@10": 0.14285714285714285,
    "NDCG@20": 0.00873904505400455,
    "HR@20": 0.14285714285714285,
    "Recall@20": 0.14285714285714285
}