{
    "model_file": "./data_sets/airlinesreviews/checkpoint_PNN/config_0/fold_1/PNN-May-18-2025_21-24-56.pth",
    "data_set_name": "airlinesreviews",
    "algorithm_name": "PNN",
    "algorithm_config_index": 0,
    "algorithm_configuration": {},
    "fold": 1,
    "evaluation_time": 0.058606624603271484,
    "NDCG@1": 0.20175438596491227,
    "HR@1": 0.20175438596491227,
    "Recall@1": 0.20175438596491227,
    "NDCG@3": 0.1681859369741832,
    "HR@3": 0.4649122807017544,
    "Recall@3": 0.4517543859649123,
    "NDCG@5": 0.16148855669873613,
    "HR@5": 0.7192982456140351,
    "Recall@5": 0.7105263157894737,
    "NDCG@10": 0.12669818551249948,
    "HR@10": 1.0,
    "Recall@10": 1.0,
    "NDCG@20": 0.08176687203888755,
    "HR@20": 1.0,
    "Recall@20": 1.0
}