{
    "model_file": "./data_sets/MovieLens-100K/checkpoint_SpectralCF/config_0/fold_3/SpectralCF-Apr-25-2025_17-28-00.pth",
    "data_set_name": "MovieLens-100K",
    "algorithm_name": "SpectralCF",
    "algorithm_config_index": 0,
    "algorithm_configuration": {
        "embedding_size": 64,
        "learning_rate": 0.01
    },
    "fold": 3,
    "evaluation_time": 0.9369561672210693,
    "NDCG@1": 0.27285513361462727,
    "HR@1": 0.27285513361462727,
    "Recall@1": 0.27285513361462727,
    "NDCG@3": 0.25695188081607245,
    "HR@3": 0.549929676511955,
    "Recall@3": 0.25222691045475887,
    "NDCG@5": 0.24802221047044282,
    "HR@5": 0.7116736990154712,
    "Recall@5": 0.24172526957337104,
    "NDCG@10": 0.23124806026325828,
    "HR@10": 0.8607594936708861,
    "Recall@10": 0.2323136427566807,
    "NDCG@20": 0.2069728794443802,
    "HR@20": 0.9578059071729957,
    "Recall@20": 0.25506949412891244
}