{
    "model_file": "./data_sets/airlines/checkpoint_DSSM/config_0/fold_4/DSSM-May-23-2025_12-44-57.pth",
    "data_set_name": "airlines",
    "algorithm_name": "DSSM",
    "algorithm_config_index": 0,
    "algorithm_configuration": {},
    "fold": 4,
    "evaluation_time": 0.005746364593505859,
    "NDCG@1": 0.0,
    "HR@1": 0.0,
    "Recall@1": 0.0,
    "NDCG@3": 0.02607104033459758,
    "HR@3": 0.1111111111111111,
    "Recall@3": 0.1111111111111111,
    "NDCG@5": 0.018842233626312006,
    "HR@5": 0.1111111111111111,
    "Recall@5": 0.1111111111111111,
    "NDCG@10": 0.012227320349893343,
    "HR@10": 0.1111111111111111,
    "Recall@10": 0.1111111111111111,
    "NDCG@20": 0.00789111331298096,
    "HR@20": 0.1111111111111111,
    "Recall@20": 0.1111111111111111
}