{
    "model_file": "./data_sets/MovieLens-100K/checkpoint_MacridVAE/config_0/fold_2/MacridVAE-Apr-25-2025_19-32-58.pth",
    "data_set_name": "MovieLens-100K",
    "algorithm_name": "MacridVAE",
    "algorithm_config_index": 0,
    "algorithm_configuration": {
        "embedding_size": 64,
        "learning_rate": 0.01
    },
    "fold": 2,
    "evaluation_time": 0.8556773662567139,
    "NDCG@1": 0.4191279887482419,
    "HR@1": 0.4191279887482419,
    "Recall@1": 0.4191279887482419,
    "NDCG@3": 0.39063727001318627,
    "HR@3": 0.7074542897327707,
    "Recall@3": 0.3820909517112056,
    "NDCG@5": 0.37203947899457573,
    "HR@5": 0.819971870604782,
    "Recall@5": 0.36033755274261536,
    "NDCG@10": 0.3399457610423134,
    "HR@10": 0.9142053445850914,
    "Recall@10": 0.3364588216908892,
    "NDCG@20": 0.2966961408807004,
    "HR@20": 0.9662447257383966,
    "Recall@20": 0.3485034481495994
}