{
    "model_file": "./data_sets/animes/checkpoint_FM/config_0/fold_2/FM-May-23-2025_14-01-15.pth",
    "data_set_name": "animes",
    "algorithm_name": "FM",
    "algorithm_config_index": 0,
    "algorithm_configuration": {
        "task": "rating",
        "epoch": 10,
        "lr": 0.05
    },
    "fold": 2,
    "evaluation_time": 0.19167685508728027,
    "NDCG@1": 0.0024330900243309003,
    "HR@1": 0.0024330900243309003,
    "Recall@1": 0.0024330900243309003,
    "NDCG@3": 0.0018621913308725588,
    "HR@3": 0.004866180048661801,
    "Recall@3": 0.004866180048661801,
    "NDCG@5": 0.0017012526030434308,
    "HR@5": 0.0072992700729927005,
    "Recall@5": 0.0072992700729927005,
    "NDCG@10": 0.0012651990218870428,
    "HR@10": 0.009732360097323601,
    "Recall@10": 0.009732360097323601,
    "NDCG@20": 0.0013636608501007622,
    "HR@20": 0.024330900243309004,
    "Recall@20": 0.024330900243309004
}