{
    "model_file": "./data_sets/MovieLens-100K/checkpoint_Pop/config_0/fold_3/Pop-Apr-25-2025_16-03-26.pth",
    "data_set_name": "MovieLens-100K",
    "algorithm_name": "Pop",
    "algorithm_config_index": 0,
    "algorithm_configuration": {
        "epochs": 1
    },
    "fold": 3,
    "evaluation_time": 0.8828256130218506,
    "NDCG@1": 0.14627285513361463,
    "HR@1": 0.14627285513361463,
    "Recall@1": 0.14627285513361463,
    "NDCG@3": 0.1450235643700456,
    "HR@3": 0.34458509142053445,
    "Recall@3": 0.14486638537271418,
    "NDCG@5": 0.15025872722554262,
    "HR@5": 0.4838255977496484,
    "Recall@5": 0.15243788091889424,
    "NDCG@10": 0.14644825729706343,
    "HR@10": 0.6582278481012658,
    "Recall@10": 0.14944299332484962,
    "NDCG@20": 0.1446471892519671,
    "HR@20": 0.8059071729957806,
    "Recall@20": 0.16839107794826882
}