{
    "model_file": "./data_sets/products/checkpoint_DSSM/config_0/fold_0/DSSM-May-23-2025_17-24-50.pth",
    "data_set_name": "products",
    "algorithm_name": "DSSM",
    "algorithm_config_index": 0,
    "algorithm_configuration": {},
    "fold": 0,
    "evaluation_time": 0.03257274627685547,
    "NDCG@1": 0.0,
    "HR@1": 0.0,
    "Recall@1": 0.0,
    "NDCG@3": 0.010036674947995431,
    "HR@3": 0.03389830508474576,
    "Recall@3": 0.03389830508474576,
    "NDCG@5": 0.009729506429012907,
    "HR@5": 0.05084745762711865,
    "Recall@5": 0.05084745762711865,
    "NDCG@10": 0.01346316413375537,
    "HR@10": 0.15254237288135594,
    "Recall@10": 0.15254237288135594,
    "NDCG@20": 0.011087962275544568,
    "HR@20": 0.22033898305084745,
    "Recall@20": 0.22033898305084745
}