{
    "model_file": "./data_sets/MovieLens-100K/checkpoint_LDiffRec/config_0/fold_4/LDiffRec-Apr-25-2025_19-31-44.pth",
    "data_set_name": "MovieLens-100K",
    "algorithm_name": "LDiffRec",
    "algorithm_config_index": 0,
    "algorithm_configuration": {
        "steps": 5,
        "learning_rate": 0.01
    },
    "fold": 4,
    "evaluation_time": 0.883927583694458,
    "NDCG@1": 0.4345991561181435,
    "HR@1": 0.4345991561181435,
    "Recall@1": 0.4345991561181435,
    "NDCG@3": 0.39437762834484313,
    "HR@3": 0.70042194092827,
    "Recall@3": 0.38396624472573865,
    "NDCG@5": 0.37519903298612417,
    "HR@5": 0.8171589310829818,
    "Recall@5": 0.3609704641350203,
    "NDCG@10": 0.3382281390708613,
    "HR@10": 0.9156118143459916,
    "Recall@10": 0.3315752461322082,
    "NDCG@20": 0.30069227925324915,
    "HR@20": 0.9592123769338959,
    "Recall@20": 0.35335700877496573
}