{
    "model_file": "./data_sets/airlinesreviews/checkpoint_NFM/config_0/fold_0/NFM-May-18-2025_21-16-45.pth",
    "data_set_name": "airlinesreviews",
    "algorithm_name": "NFM",
    "algorithm_config_index": 0,
    "algorithm_configuration": {
        "n_factors": 15,
        "n_epochs": 10
    },
    "fold": 0,
    "evaluation_time": 0.0797264575958252,
    "NDCG@1": 0.22522522522522523,
    "HR@1": 0.22522522522522523,
    "Recall@1": 0.22522522522522523,
    "NDCG@3": 0.18164023411036317,
    "HR@3": 0.4864864864864865,
    "Recall@3": 0.4354354354354354,
    "NDCG@5": 0.1749235512633532,
    "HR@5": 0.7387387387387387,
    "Recall@5": 0.7087087087087086,
    "NDCG@10": 0.13825552986451953,
    "HR@10": 1.0,
    "Recall@10": 1.0,
    "NDCG@20": 0.08922560471858919,
    "HR@20": 1.0,
    "Recall@20": 1.0
}