{
    "2126": [
        [
            4,
            1,
            3,
            8,
            5,
            7,
            6,
            9,
            10,
            0,
            2
        ],
        [
            0.9948238134384155,
            0.9947298765182495,
            0.994726836681366,
            0.9946632385253906,
            0.9946590065956116,
            0.9944705963134766,
            0.9942723512649536,
            0.993961751461029,
            0.9898248314857483,
            -Infinity,
            -Infinity
        ]
    ],
    "8400": [
        [
            4,
            1,
            3,
            8,
            5,
            7,
            6,
            9,
            10,
            0,
            2
        ],
        [
            0.9938943982124329,
            0.9937838315963745,
            0.9937801957130432,
            0.9937052130699158,
            0.9937002658843994,
            0.9934782981872559,
            0.9932445883750916,
            0.9928787350654602,
            0.9880087375640869,
            -Infinity,
            -Infinity
        ]
    ]
}