{
    "model_file": "./data_sets/airlines/checkpoint_LR/config_0/fold_0/LR-May-23-2025_12-39-19.pth",
    "data_set_name": "airlines",
    "algorithm_name": "LR",
    "algorithm_config_index": 0,
    "algorithm_configuration": {},
    "fold": 0,
    "evaluation_time": 0.010380744934082031,
    "NDCG@1": 0.0,
    "HR@1": 0.0,
    "Recall@1": 0.0,
    "NDCG@3": 0.0,
    "HR@3": 0.0,
    "Recall@3": 0.0,
    "NDCG@5": 0.02186751291872363,
    "HR@5": 0.16666666666666666,
    "Recall@5": 0.16666666666666666,
    "NDCG@10": 0.014190519606936835,
    "HR@10": 0.16666666666666666,
    "Recall@10": 0.16666666666666666,
    "NDCG@20": 0.009158098011997646,
    "HR@20": 0.16666666666666666,
    "Recall@20": 0.16666666666666666
}