{
    "1268": [
        [
            5,
            1,
            3,
            10,
            8,
            9,
            6,
            4,
            7,
            0,
            2
        ],
        [
            1.0,
            0.9999972581863403,
            0.9964467883110046,
            0.9964072108268738,
            0.995681881904602,
            0.43332764506340027,
            0.26273855566978455,
            0.17853136360645294,
            0.00032696526614017785,
            -Infinity,
            -Infinity
        ]
    ],
    "5334": [
        [
            6,
            9,
            7,
            3,
            5,
            8,
            2,
            10,
            1,
            0,
            4
        ],
        [
            1.0,
            0.9999805688858032,
            0.9965237975120544,
            0.9960208535194397,
            0.9959885478019714,
            0.9957809448242188,
            0.14207129180431366,
            0.00030834629433229566,
            8.792108019406442e-08,
            -Infinity,
            -Infinity
        ]
    ]
}