{
    "model_file": "./data_sets/MovieLens-100K/checkpoint_ConvNCF/config_0/fold_0/ConvNCF-Apr-25-2025_17-39-20.pth",
    "data_set_name": "MovieLens-100K",
    "algorithm_name": "ConvNCF",
    "algorithm_config_index": 0,
    "algorithm_configuration": {
        "embedding_size": 64,
        "learning_rate": 0.01
    },
    "fold": 0,
    "evaluation_time": 0.8662989139556885,
    "NDCG@1": 0.25316455696202533,
    "HR@1": 0.25316455696202533,
    "Recall@1": 0.25316455696202533,
    "NDCG@3": 0.22099672784786284,
    "HR@3": 0.47257383966244726,
    "Recall@3": 0.2126113455227378,
    "NDCG@5": 0.20528837302361583,
    "HR@5": 0.5963431786216596,
    "Recall@5": 0.193600562587905,
    "NDCG@10": 0.19072795755959623,
    "HR@10": 0.7609001406469761,
    "Recall@10": 0.18553680262541009,
    "NDCG@20": 0.17349007409482797,
    "HR@20": 0.90014064697609,
    "Recall@20": 0.2027571103853584
}