{
    "model_file": "./data_sets/MovieLens-100K/checkpoint_DGCF/config_0/fold_3/DGCF-Apr-25-2025_14-40-08.pth",
    "data_set_name": "MovieLens-100K",
    "algorithm_name": "DGCF",
    "algorithm_config_index": 0,
    "algorithm_configuration": {
        "embedding_size": 64,
        "learning_rate": 0.01
    },
    "fold": 3,
    "evaluation_time": 0.9069955348968506,
    "NDCG@1": 0.3080168776371308,
    "HR@1": 0.3080168776371308,
    "Recall@1": 0.3080168776371308,
    "NDCG@3": 0.30412748152322294,
    "HR@3": 0.6315049226441631,
    "Recall@3": 0.3028598218471643,
    "NDCG@5": 0.29570734735413534,
    "HR@5": 0.7834036568213784,
    "Recall@5": 0.291889357712142,
    "NDCG@10": 0.2724075979694158,
    "HR@10": 0.8959212376933896,
    "Recall@10": 0.2735310204719486,
    "NDCG@20": 0.24303450081627556,
    "HR@20": 0.9732770745428974,
    "Recall@20": 0.2984701741078211
}