{
    "model_file": "./data_sets/MovieLens-100K/checkpoint_MultiDAE/config_0/fold_2/MultiDAE-Apr-25-2025_15-46-22.pth",
    "data_set_name": "MovieLens-100K",
    "algorithm_name": "MultiDAE",
    "algorithm_config_index": 0,
    "algorithm_configuration": {
        "latent_dimension": 64,
        "learning_rate": 0.01
    },
    "fold": 2,
    "evaluation_time": 0.8359222412109375,
    "NDCG@1": 0.4739803094233474,
    "HR@1": 0.4739803094233474,
    "Recall@1": 0.4739803094233474,
    "NDCG@3": 0.42332422889776167,
    "HR@3": 0.7566807313642757,
    "Recall@3": 0.40975152367557427,
    "NDCG@5": 0.4010846836620424,
    "HR@5": 0.8551336146272855,
    "Recall@5": 0.38469292076886996,
    "NDCG@10": 0.36254300323844396,
    "HR@10": 0.9479606188466948,
    "Recall@10": 0.35666845266001385,
    "NDCG@20": 0.31952843190359015,
    "HR@20": 0.9817158931082982,
    "Recall@20": 0.3814854623772868
}