{
    "model_file": "./data_sets/laptops/checkpoint_FM/config_0/fold_1/FM-May-23-2025_16-50-48.pth",
    "data_set_name": "laptops",
    "algorithm_name": "FM",
    "algorithm_config_index": 0,
    "algorithm_configuration": {
        "task": "rating",
        "epoch": 10,
        "lr": 0.05
    },
    "fold": 1,
    "evaluation_time": 0.0020301342010498047,
    "NDCG@1": 0.0,
    "HR@1": 0.0,
    "Recall@1": 0.0,
    "NDCG@3": 0.0,
    "HR@3": 0.0,
    "Recall@3": 0.0,
    "NDCG@5": 0.0,
    "HR@5": 0.0,
    "Recall@5": 0.0,
    "NDCG@10": 0.006669447463578187,
    "HR@10": 0.09090909090909091,
    "Recall@10": 0.09090909090909091,
    "NDCG@20": 0.0075324263442091,
    "HR@20": 0.18181818181818182,
    "Recall@20": 0.18181818181818182
}