{
    "model_file": "./data_sets/ryanairreviews/checkpoint_AFM/config_0/fold_1/AFM-May-18-2025_21-54-04.pth",
    "data_set_name": "ryanairreviews",
    "algorithm_name": "AFM",
    "algorithm_config_index": 0,
    "algorithm_configuration": {},
    "fold": 1,
    "evaluation_time": 0.030990123748779297,
    "NDCG@1": 0.9354838709677419,
    "HR@1": 0.9354838709677419,
    "Recall@1": 0.9354838709677419,
    "NDCG@3": 0.5886665933477025,
    "HR@3": 1.0,
    "Recall@3": 0.9865591397849462,
    "NDCG@5": 0.4301568716937548,
    "HR@5": 1.0,
    "Recall@5": 1.0,
    "NDCG@10": 0.2791423763880476,
    "HR@10": 1.0,
    "Recall@10": 1.0,
    "NDCG@20": 0.18014937529236127,
    "HR@20": 1.0,
    "Recall@20": 1.0
}