{
    "model_file": "./data_sets/airlinesreviews/checkpoint_FwFM/config_0/fold_2/FwFM-May-18-2025_21-24-30.pth",
    "data_set_name": "airlinesreviews",
    "algorithm_name": "FwFM",
    "algorithm_config_index": 0,
    "algorithm_configuration": {},
    "fold": 2,
    "evaluation_time": 0.04460549354553223,
    "NDCG@1": 0.13445378151260504,
    "HR@1": 0.13445378151260504,
    "Recall@1": 0.13445378151260504,
    "NDCG@3": 0.14877242091625323,
    "HR@3": 0.44537815126050423,
    "Recall@3": 0.41036414565826335,
    "NDCG@5": 0.1418692560084827,
    "HR@5": 0.6470588235294118,
    "Recall@5": 0.6218487394957983,
    "NDCG@10": 0.1233735657284631,
    "HR@10": 1.0,
    "Recall@10": 1.0,
    "NDCG@20": 0.07962127098422651,
    "HR@20": 1.0,
    "Recall@20": 1.0
}