{
    "model_file": "./data_sets/airlinesreviews/checkpoint_LR/config_0/fold_3/LR-May-18-2025_21-16-33.pth",
    "data_set_name": "airlinesreviews",
    "algorithm_name": "LR",
    "algorithm_config_index": 0,
    "algorithm_configuration": {},
    "fold": 3,
    "evaluation_time": 0.04263663291931152,
    "NDCG@1": 0.19402985074626866,
    "HR@1": 0.19402985074626866,
    "Recall@1": 0.19402985074626866,
    "NDCG@3": 0.194488377223541,
    "HR@3": 0.5522388059701493,
    "Recall@3": 0.5298507462686567,
    "NDCG@5": 0.17605202059277916,
    "HR@5": 0.7910447761194029,
    "Recall@5": 0.7723880597014925,
    "NDCG@10": 0.13251589665845603,
    "HR@10": 1.0,
    "Recall@10": 1.0,
    "NDCG@20": 0.08552143285525944,
    "HR@20": 1.0,
    "Recall@20": 1.0
}