{
    "model_file": "./data_sets/productssecond/checkpoint_FwFM/config_0/fold_2/FwFM-May-24-2025_00-56-01.pth",
    "data_set_name": "productssecond",
    "algorithm_name": "FwFM",
    "algorithm_config_index": 0,
    "algorithm_configuration": {},
    "fold": 2,
    "evaluation_time": 0.0020003318786621094,
    "NDCG@1": 0.0,
    "HR@1": 0.0,
    "Recall@1": 0.0,
    "NDCG@3": 0.1480409554829326,
    "HR@3": 0.5,
    "Recall@3": 0.5,
    "NDCG@5": 0.10699313236726378,
    "HR@5": 0.5,
    "Recall@5": 0.5,
    "NDCG@10": 0.10863035642611496,
    "HR@10": 1.0,
    "Recall@10": 1.0,
    "NDCG@20": 0.07010648508898025,
    "HR@20": 1.0,
    "Recall@20": 1.0
}