{
    "2126": [
        [
            7,
            3,
            6,
            9,
            4,
            5,
            1,
            10,
            8,
            0,
            2
        ],
        [
            0.9999908208847046,
            0.9999164342880249,
            0.9992865920066833,
            0.9992125034332275,
            0.9949772953987122,
            0.9943407773971558,
            0.9514558911323547,
            0.7861465811729431,
            0.6488983035087585,
            -Infinity,
            -Infinity
        ]
    ],
    "8400": [
        [
            7,
            3,
            6,
            9,
            5,
            4,
            1,
            10,
            8,
            0,
            2
        ],
        [
            0.9999679327011108,
            0.9998255372047424,
            0.9986203908920288,
            0.9982441663742065,
            0.9920156002044678,
            0.9916979074478149,
            0.9505563974380493,
            0.8133962154388428,
            0.7672907710075378,
            -Infinity,
            -Infinity
        ]
    ]
}