{
    "model_file": "./data_sets/products/checkpoint_AFM/config_0/fold_0/AFM-May-23-2025_17-18-38.pth",
    "data_set_name": "products",
    "algorithm_name": "AFM",
    "algorithm_config_index": 0,
    "algorithm_configuration": {},
    "fold": 0,
    "evaluation_time": 0.028015613555908203,
    "NDCG@1": 0.0,
    "HR@1": 0.0,
    "Recall@1": 0.0,
    "NDCG@3": 0.015055012421993147,
    "HR@3": 0.05084745762711865,
    "Recall@3": 0.05084745762711865,
    "NDCG@5": 0.01558020714506154,
    "HR@5": 0.0847457627118644,
    "Recall@5": 0.0847457627118644,
    "NDCG@10": 0.01492863477319744,
    "HR@10": 0.15254237288135594,
    "Recall@10": 0.15254237288135594,
    "NDCG@20": 0.014628635846019351,
    "HR@20": 0.288135593220339,
    "Recall@20": 0.288135593220339
}