{
    "model_file": "./data_sets/MovieLens-100K/checkpoint_NGCF/config_0/fold_3/NGCF-Apr-25-2025_15-58-45.pth",
    "data_set_name": "MovieLens-100K",
    "algorithm_name": "NGCF",
    "algorithm_config_index": 0,
    "algorithm_configuration": {
        "embedding_size": 64,
        "learning_rate": 0.01
    },
    "fold": 3,
    "evaluation_time": 0.8840188980102539,
    "NDCG@1": 0.30520393811533053,
    "HR@1": 0.30520393811533053,
    "Recall@1": 0.30520393811533053,
    "NDCG@3": 0.2815375482630896,
    "HR@3": 0.5752461322081576,
    "Recall@3": 0.2737927801218948,
    "NDCG@5": 0.2684198454764716,
    "HR@5": 0.7144866385372715,
    "Recall@5": 0.25811064228785724,
    "NDCG@10": 0.24040906172828638,
    "HR@10": 0.849507735583685,
    "Recall@10": 0.23525495055030904,
    "NDCG@20": 0.21376180931106453,
    "HR@20": 0.9451476793248945,
    "Recall@20": 0.2573356587417476
}