{
    "model_file": "./data_sets/videogamessecond/checkpoint_DSSM/config_0/fold_0/DSSM-May-24-2025_01-59-59.pth",
    "data_set_name": "videogamessecond",
    "algorithm_name": "DSSM",
    "algorithm_config_index": 0,
    "algorithm_configuration": {},
    "fold": 0,
    "evaluation_time": 0.012001991271972656,
    "NDCG@1": 0.05,
    "HR@1": 0.05,
    "Recall@1": 0.05,
    "NDCG@3": 0.03826803184943108,
    "HR@3": 0.1,
    "Recall@3": 0.1,
    "NDCG@5": 0.027657323500407182,
    "HR@5": 0.1,
    "Recall@5": 0.1,
    "NDCG@10": 0.03216124240792241,
    "HR@10": 0.3,
    "Recall@10": 0.3,
    "NDCG@20": 0.028196571549779736,
    "HR@20": 0.5,
    "Recall@20": 0.5
}