{
    "model_file": "./data_sets/iphone/checkpoint_FM/config_0/fold_1/FM-May-23-2025_16-37-49.pth",
    "data_set_name": "iphone",
    "algorithm_name": "FM",
    "algorithm_config_index": 0,
    "algorithm_configuration": {
        "task": "rating",
        "epoch": 10,
        "lr": 0.05
    },
    "fold": 1,
    "evaluation_time": 0.004165172576904297,
    "NDCG@1": 0.0,
    "HR@1": 0.0,
    "Recall@1": 0.0,
    "NDCG@3": 0.2960819109658652,
    "HR@3": 1.0,
    "Recall@3": 1.0,
    "NDCG@5": 0.21398626473452756,
    "HR@5": 1.0,
    "Recall@5": 1.0,
    "NDCG@10": 0.13886244387355456,
    "HR@10": 1.0,
    "Recall@10": 1.0,
    "NDCG@20": 0.08961728720334346,
    "HR@20": 1.0,
    "Recall@20": 1.0
}