{
    "model_file": "./data_sets/rottentomatoesmovies/checkpoint_FM/config_0/fold_1/FM-May-18-2025_21-47-22.pth",
    "data_set_name": "rottentomatoesmovies",
    "algorithm_name": "FM",
    "algorithm_config_index": 0,
    "algorithm_configuration": {
        "task": "rating",
        "epoch": 10,
        "lr": 0.05
    },
    "fold": 1,
    "evaluation_time": 0.04250359535217285,
    "NDCG@1": 0.0,
    "HR@1": 0.0,
    "Recall@1": 0.0,
    "NDCG@3": 0.0029608191096586523,
    "HR@3": 0.01,
    "Recall@3": 0.003333333333333333,
    "NDCG@5": 0.0021398626473452757,
    "HR@5": 0.01,
    "Recall@5": 0.002,
    "NDCG@10": 0.0013886244387355457,
    "HR@10": 0.01,
    "Recall@10": 0.001,
    "NDCG@20": 0.0008961728720334346,
    "HR@20": 0.01,
    "Recall@20": 0.0005
}