{
    "model_file": "./data_sets/ryanairreviews/checkpoint_AutoInt/config_0/fold_2/AutoInt-May-18-2025_21-57-12.pth",
    "data_set_name": "ryanairreviews",
    "algorithm_name": "AutoInt",
    "algorithm_config_index": 0,
    "algorithm_configuration": {},
    "fold": 2,
    "evaluation_time": 0.01593613624572754,
    "NDCG@1": 0.9152542372881356,
    "HR@1": 0.9152542372881356,
    "Recall@1": 0.9152542372881356,
    "NDCG@3": 0.6219116484784336,
    "HR@3": 1.0,
    "Recall@3": 1.0,
    "NDCG@5": 0.4519478089358868,
    "HR@5": 1.0,
    "Recall@5": 1.0,
    "NDCG@10": 0.29328320362054183,
    "HR@10": 1.0,
    "Recall@10": 1.0,
    "NDCG@20": 0.18927540346842617,
    "HR@20": 1.0,
    "Recall@20": 1.0
}