{
    "model_file": "./data_sets/winesspa/checkpoint_DSSM/config_0/fold_3/DSSM-May-18-2025_21-01-19.pth",
    "data_set_name": "winesspa",
    "algorithm_name": "DSSM",
    "algorithm_config_index": 0,
    "algorithm_configuration": {},
    "fold": 3,
    "evaluation_time": 0.03737616539001465,
    "NDCG@1": 0.01,
    "HR@1": 0.01,
    "Recall@1": 0.01,
    "NDCG@3": 0.004692787260227565,
    "HR@3": 0.01,
    "Recall@3": 0.003333333333333333,
    "NDCG@5": 0.004852285551163226,
    "HR@5": 0.02,
    "Recall@5": 0.004,
    "NDCG@10": 0.0068072603611550805,
    "HR@10": 0.07,
    "Recall@10": 0.009444444444444445,
    "NDCG@20": 0.008452761668466783,
    "HR@20": 0.16,
    "Recall@20": 0.021184343434343438
}