{
    "model_file": "./data_sets/MovieLens-100K/checkpoint_GCMC/config_0/fold_0/GCMC-Apr-25-2025_19-15-01.pth",
    "data_set_name": "MovieLens-100K",
    "algorithm_name": "GCMC",
    "algorithm_config_index": 0,
    "algorithm_configuration": {
        "embedding_size": 64,
        "learning_rate": 0.01
    },
    "fold": 0,
    "evaluation_time": 0.8736929893493652,
    "NDCG@1": 0.012658227848101266,
    "HR@1": 0.012658227848101266,
    "Recall@1": 0.012658227848101266,
    "NDCG@3": 0.015816835712824124,
    "HR@3": 0.0450070323488045,
    "Recall@3": 0.01640881387716831,
    "NDCG@5": 0.016480039705725185,
    "HR@5": 0.07313642756680731,
    "Recall@5": 0.017158931082981707,
    "NDCG@10": 0.017177002285579362,
    "HR@10": 0.11814345991561181,
    "Recall@10": 0.017951465630790503,
    "NDCG@20": 0.0197726104679683,
    "HR@20": 0.2348804500703235,
    "Recall@20": 0.0249091151518945
}