{
    "model_file": "./data_sets/winesspa/checkpoint_LR/config_0/fold_3/LR-May-18-2025_20-58-23.pth",
    "data_set_name": "winesspa",
    "algorithm_name": "LR",
    "algorithm_config_index": 0,
    "algorithm_configuration": {},
    "fold": 3,
    "evaluation_time": 0.03997397422790527,
    "NDCG@1": 0.34,
    "HR@1": 0.34,
    "Recall@1": 0.34,
    "NDCG@3": 0.38491540383635886,
    "HR@3": 0.79,
    "Recall@3": 0.39666666666666633,
    "NDCG@5": 0.38998975785474044,
    "HR@5": 0.96,
    "Recall@5": 0.4061666666666665,
    "NDCG@10": 0.36789047515292567,
    "HR@10": 1.0,
    "Recall@10": 0.48207539682539674,
    "NDCG@20": 0.28265282448332346,
    "HR@20": 1.0,
    "Recall@20": 0.6205631590631591
}