{
    "model_file": "./data_sets/MovieLens-100K/checkpoint_GCMC/config_0/fold_1/GCMC-Apr-25-2025_19-18-59.pth",
    "data_set_name": "MovieLens-100K",
    "algorithm_name": "GCMC",
    "algorithm_config_index": 0,
    "algorithm_configuration": {
        "embedding_size": 64,
        "learning_rate": 0.01
    },
    "fold": 1,
    "evaluation_time": 0.8640768527984619,
    "NDCG@1": 0.015471167369901548,
    "HR@1": 0.015471167369901548,
    "Recall@1": 0.015471167369901548,
    "NDCG@3": 0.017553318642516635,
    "HR@3": 0.04922644163150492,
    "Recall@3": 0.017815283638068453,
    "NDCG@5": 0.019500389543340744,
    "HR@5": 0.0829817158931083,
    "Recall@5": 0.020534458509142036,
    "NDCG@10": 0.019102396054319015,
    "HR@10": 0.14486638537271448,
    "Recall@10": 0.019917174558524743,
    "NDCG@20": 0.019248229234747567,
    "HR@20": 0.2390998593530239,
    "Recall@20": 0.022356438580426508
}