{
    "model_file": "./data_sets/MovieLens-100K/checkpoint_FISM/config_0/fold_0/FISM-Apr-25-2025_18-49-39.pth",
    "data_set_name": "MovieLens-100K",
    "algorithm_name": "FISM",
    "algorithm_config_index": 0,
    "algorithm_configuration": {
        "embedding_size": 64,
        "learning_rate": 0.01,
        "split_to": 5
    },
    "fold": 0,
    "evaluation_time": 0.8519570827484131,
    "NDCG@1": 0.2587904360056259,
    "HR@1": 0.2587904360056259,
    "Recall@1": 0.2587904360056259,
    "NDCG@3": 0.2678967948676618,
    "HR@3": 0.5710267229254571,
    "Recall@3": 0.26840131270511053,
    "NDCG@5": 0.252443505214238,
    "HR@5": 0.6947960618846695,
    "Recall@5": 0.24664791373652115,
    "NDCG@10": 0.23417460742332719,
    "HR@10": 0.8157524613220816,
    "Recall@10": 0.23290246243832713,
    "NDCG@20": 0.20872135865221686,
    "HR@20": 0.8959212376933896,
    "Recall@20": 0.2363992419995935
}