{
    "model_file": "./data_sets/ryanairreviews/checkpoint_DSSM/config_0/fold_3/DSSM-May-18-2025_21-55-48.pth",
    "data_set_name": "ryanairreviews",
    "algorithm_name": "DSSM",
    "algorithm_config_index": 0,
    "algorithm_configuration": {},
    "fold": 3,
    "evaluation_time": 0.026241302490234375,
    "NDCG@1": 0.3050847457627119,
    "HR@1": 0.3050847457627119,
    "Recall@1": 0.3050847457627119,
    "NDCG@3": 0.3728813559322035,
    "HR@3": 0.9830508474576272,
    "Recall@3": 0.8531073446327684,
    "NDCG@5": 0.3174944400179809,
    "HR@5": 1.0,
    "Recall@5": 1.0,
    "NDCG@10": 0.20603216711997088,
    "HR@10": 1.0,
    "Recall@10": 1.0,
    "NDCG@20": 0.13296643339167136,
    "HR@20": 1.0,
    "Recall@20": 1.0
}