{
    "model_file": "./data_sets/animes/checkpoint_PNN/config_0/fold_1/PNN-May-23-2025_14-14-35.pth",
    "data_set_name": "animes",
    "algorithm_name": "PNN",
    "algorithm_config_index": 0,
    "algorithm_configuration": {},
    "fold": 1,
    "evaluation_time": 0.21992158889770508,
    "NDCG@1": 0.004366812227074236,
    "HR@1": 0.004366812227074236,
    "Recall@1": 0.004366812227074236,
    "NDCG@3": 0.0020492520787019934,
    "HR@3": 0.004366812227074236,
    "Recall@3": 0.004366812227074236,
    "NDCG@5": 0.0020539968680609515,
    "HR@5": 0.008733624454148471,
    "Recall@5": 0.008733624454148471,
    "NDCG@10": 0.0017496334770223964,
    "HR@10": 0.015283842794759825,
    "Recall@10": 0.015283842794759825,
    "NDCG@20": 0.0016437112182064565,
    "HR@20": 0.03056768558951965,
    "Recall@20": 0.03056768558951965
}