{
    "model_file": "./data_sets/MovieLens-100K/checkpoint_SimpleX/config_0/fold_0/SimpleX-Apr-25-2025_17-07-24.pth",
    "data_set_name": "MovieLens-100K",
    "algorithm_name": "SimpleX",
    "algorithm_config_index": 0,
    "algorithm_configuration": {
        "embedding_size": 64
    },
    "fold": 0,
    "evaluation_time": 0.8697106838226318,
    "NDCG@1": 0.4219409282700422,
    "HR@1": 0.4219409282700422,
    "Recall@1": 0.4219409282700422,
    "NDCG@3": 0.3698076160719564,
    "HR@3": 0.6821378340365682,
    "Recall@3": 0.3553680262541026,
    "NDCG@5": 0.33751101149525775,
    "HR@5": 0.7862165963431786,
    "Recall@5": 0.3149320206282227,
    "NDCG@10": 0.2967900377801517,
    "HR@10": 0.8959212376933896,
    "Recall@10": 0.28090605674993835,
    "NDCG@20": 0.25280105018327487,
    "HR@20": 0.9507735583684951,
    "Recall@20": 0.2923074533029009
}