{
    "model_file": "./data_sets/MovieLens-100K/checkpoint_EASE/config_0/fold_2/EASE-Apr-25-2025_18-48-05.pth",
    "data_set_name": "MovieLens-100K",
    "algorithm_name": "EASE",
    "algorithm_config_index": 0,
    "algorithm_configuration": {
        "epochs": 1,
        "reg_weight": 250
    },
    "fold": 2,
    "evaluation_time": 0.8631923198699951,
    "NDCG@1": 0.5724331926863573,
    "HR@1": 0.5724331926863573,
    "Recall@1": 0.5724331926863573,
    "NDCG@3": 0.5151455384366637,
    "HR@3": 0.8045007032348804,
    "Recall@3": 0.49976558837318286,
    "NDCG@5": 0.4872342782440666,
    "HR@5": 0.8860759493670886,
    "Recall@5": 0.4674167838724794,
    "NDCG@10": 0.43234812729370475,
    "HR@10": 0.9578059071729957,
    "Recall@10": 0.4203006050052464,
    "NDCG@20": 0.36474136873531515,
    "HR@20": 0.9817158931082982,
    "Recall@20": 0.41387255054695765
}