{
    "model_file": "./data_sets/winesspa/checkpoint_AFM/config_0/fold_0/AFM-May-18-2025_20-59-05.pth",
    "data_set_name": "winesspa",
    "algorithm_name": "AFM",
    "algorithm_config_index": 0,
    "algorithm_configuration": {},
    "fold": 0,
    "evaluation_time": 0.03101825714111328,
    "NDCG@1": 0.05,
    "HR@1": 0.05,
    "Recall@1": 0.05,
    "NDCG@3": 0.06804541527329967,
    "HR@3": 0.23,
    "Recall@3": 0.07999999999999997,
    "NDCG@5": 0.07702856148887344,
    "HR@5": 0.41,
    "Recall@5": 0.09150000000000003,
    "NDCG@10": 0.07846664055649648,
    "HR@10": 0.64,
    "Recall@10": 0.11258730158730154,
    "NDCG@20": 0.0841282787736422,
    "HR@20": 0.91,
    "Recall@20": 0.22608547008547
}