{
    "model_file": "./data_sets/animes/checkpoint_FwFM/config_0/fold_1/FwFM-May-23-2025_14-11-11.pth",
    "data_set_name": "animes",
    "algorithm_name": "FwFM",
    "algorithm_config_index": 0,
    "algorithm_configuration": {},
    "fold": 1,
    "evaluation_time": 0.22594308853149414,
    "NDCG@1": 0.002183406113537118,
    "HR@1": 0.002183406113537118,
    "Recall@1": 0.002183406113537118,
    "NDCG@3": 0.0010246260393509967,
    "HR@3": 0.002183406113537118,
    "Recall@3": 0.002183406113537118,
    "NDCG@5": 0.0013134724023980342,
    "HR@5": 0.006550218340611353,
    "Recall@5": 0.006550218340611353,
    "NDCG@10": 0.0014402590287267527,
    "HR@10": 0.015283842794759825,
    "Recall@10": 0.015283842794759825,
    "NDCG@20": 0.0016207635072872208,
    "HR@20": 0.034934497816593885,
    "Recall@20": 0.03384279475982533
}