{
    "model_file": "./data_sets/animes/checkpoint_AFM/config_0/fold_4/AFM-May-23-2025_13-02-55.pth",
    "data_set_name": "animes",
    "algorithm_name": "AFM",
    "algorithm_config_index": 0,
    "algorithm_configuration": {},
    "fold": 4,
    "evaluation_time": 0.21413493156433105,
    "NDCG@1": 0.0,
    "HR@1": 0.0,
    "Recall@1": 0.0,
    "NDCG@3": 0.0006436563281866635,
    "HR@3": 0.002173913043478261,
    "Recall@3": 0.002173913043478261,
    "NDCG@5": 0.0010679558523686429,
    "HR@5": 0.006521739130434782,
    "Recall@5": 0.006521739130434782,
    "NDCG@10": 0.0011653361711672962,
    "HR@10": 0.013043478260869565,
    "Recall@10": 0.013043478260869565,
    "NDCG@20": 0.0010542765190449778,
    "HR@20": 0.021739130434782608,
    "Recall@20": 0.021739130434782608
}