{
    "model_file": "./data_sets/airlinesreviews/checkpoint_AFM/config_0/fold_4/AFM-May-18-2025_21-17-44.pth",
    "data_set_name": "airlinesreviews",
    "algorithm_name": "AFM",
    "algorithm_config_index": 0,
    "algorithm_configuration": {},
    "fold": 4,
    "evaluation_time": 0.07855534553527832,
    "NDCG@1": 0.1865671641791045,
    "HR@1": 0.1865671641791045,
    "Recall@1": 0.1865671641791045,
    "NDCG@3": 0.15083863959252422,
    "HR@3": 0.39552238805970147,
    "Recall@3": 0.3706467661691542,
    "NDCG@5": 0.1304644423166402,
    "HR@5": 0.5447761194029851,
    "Recall@5": 0.5111940298507462,
    "NDCG@10": 0.12397894778959234,
    "HR@10": 1.0,
    "Recall@10": 1.0,
    "NDCG@20": 0.08001196479982278,
    "HR@20": 1.0,
    "Recall@20": 1.0
}