{
    "model_file": "./data_sets/productssecond/checkpoint_AFM/config_0/fold_1/AFM-May-24-2025_00-47-52.pth",
    "data_set_name": "productssecond",
    "algorithm_name": "AFM",
    "algorithm_config_index": 0,
    "algorithm_configuration": {},
    "fold": 1,
    "evaluation_time": 0.0015037059783935547,
    "NDCG@1": 0.0,
    "HR@1": 0.0,
    "Recall@1": 0.0,
    "NDCG@3": 0.0,
    "HR@3": 0.0,
    "Recall@3": 0.0,
    "NDCG@5": 0.06560253875617089,
    "HR@5": 0.5,
    "Recall@5": 0.5,
    "NDCG@10": 0.08177069331014818,
    "HR@10": 1.0,
    "Recall@10": 1.0,
    "NDCG@20": 0.05277213552330146,
    "HR@20": 1.0,
    "Recall@20": 1.0
}