{
    "7406": [
        [
            5,
            8,
            10,
            1,
            2,
            7,
            6,
            9,
            4,
            0,
            3
        ],
        [
            1.0,
            1.0,
            1.0,
            0.9999904632568359,
            0.37014079093933105,
            0.17851918935775757,
            2.3781876734574325e-07,
            1.1266746469118516e-07,
            2.3344600257604166e-18,
            -Infinity,
            -Infinity
        ]
    ],
    "5779": [
        [
            5,
            6,
            2,
            10,
            3,
            4,
            9,
            1,
            8,
            0,
            7
        ],
        [
            1.0,
            1.0,
            0.9999998807907104,
            0.9999998807907104,
            0.9325005412101746,
            0.8941347002983093,
            0.0013644450809806585,
            1.5500701920245774e-05,
            1.975878660687158e-07,
            -Infinity,
            -Infinity
        ]
    ]
}