{
    "model_file": "./data_sets/MovieLens-100K/checkpoint_NeuMF/config_0/fold_0/NeuMF-Apr-25-2025_15-48-15.pth",
    "data_set_name": "MovieLens-100K",
    "algorithm_name": "NeuMF",
    "algorithm_config_index": 0,
    "algorithm_configuration": {
        "mf_embedding_size": 64,
        "mlp_embedding_size": 64,
        "learning_rate": 0.01
    },
    "fold": 0,
    "evaluation_time": 0.865985631942749,
    "NDCG@1": 0.2419127988748242,
    "HR@1": 0.2419127988748242,
    "Recall@1": 0.2419127988748242,
    "NDCG@3": 0.22464252787870934,
    "HR@3": 0.5049226441631505,
    "Recall@3": 0.22081575246132204,
    "NDCG@5": 0.2152665257719322,
    "HR@5": 0.6455696202531646,
    "Recall@5": 0.20939990623534974,
    "NDCG@10": 0.19743386184967712,
    "HR@10": 0.7932489451476793,
    "Recall@10": 0.19545018194807212,
    "NDCG@20": 0.17746865804830084,
    "HR@20": 0.9085794655414908,
    "Recall@20": 0.21248277531817275
}