{
    "model_file": "./data_sets/animes/checkpoint_FM/config_0/fold_0/FM-May-23-2025_13-59-59.pth",
    "data_set_name": "animes",
    "algorithm_name": "FM",
    "algorithm_config_index": 0,
    "algorithm_configuration": {
        "task": "rating",
        "epoch": 10,
        "lr": 0.05
    },
    "fold": 0,
    "evaluation_time": 0.21315765380859375,
    "NDCG@1": 0.0043859649122807015,
    "HR@1": 0.0043859649122807015,
    "Recall@1": 0.0043859649122807015,
    "NDCG@3": 0.0027075424627442503,
    "HR@3": 0.006578947368421052,
    "Recall@3": 0.006578947368421052,
    "NDCG@5": 0.001956812884389824,
    "HR@5": 0.006578947368421052,
    "Recall@5": 0.006578947368421052,
    "NDCG@10": 0.0026683902428696485,
    "HR@10": 0.02631578947368421,
    "Recall@10": 0.02631578947368421,
    "NDCG@20": 0.0021851541745710303,
    "HR@20": 0.039473684210526314,
    "Recall@20": 0.039473684210526314
}