{
    "model_file": "./data_sets/MovieLens-100K/checkpoint_MacridVAE/config_0/fold_3/MacridVAE-Apr-25-2025_19-33-12.pth",
    "data_set_name": "MovieLens-100K",
    "algorithm_name": "MacridVAE",
    "algorithm_config_index": 0,
    "algorithm_configuration": {
        "embedding_size": 64,
        "learning_rate": 0.01
    },
    "fold": 3,
    "evaluation_time": 0.8743722438812256,
    "NDCG@1": 0.450070323488045,
    "HR@1": 0.450070323488045,
    "Recall@1": 0.450070323488045,
    "NDCG@3": 0.4132979651849204,
    "HR@3": 0.7271448663853727,
    "Recall@3": 0.4022503516174402,
    "NDCG@5": 0.38660980858225075,
    "HR@5": 0.8382559774964838,
    "Recall@5": 0.3692451945616494,
    "NDCG@10": 0.34851580822030026,
    "HR@10": 0.9310829817158931,
    "Recall@10": 0.33942468689304117,
    "NDCG@20": 0.3020734029074316,
    "HR@20": 0.9746835443037974,
    "Recall@20": 0.354141016629423
}