{
    "4077": [
        [
            3,
            9,
            2,
            10,
            5,
            7,
            8,
            6,
            1,
            0,
            4
        ],
        [
            1.0,
            1.0,
            0.9975014328956604,
            0.9968517422676086,
            0.9963011741638184,
            0.995928943157196,
            0.00343826855532825,
            3.3173588320778435e-08,
            1.652728798262615e-08,
            -Infinity,
            -Infinity
        ]
    ],
    "2905": [
        [
            1,
            2,
            7,
            10,
            8,
            5,
            9,
            4,
            3,
            0,
            6
        ],
        [
            1.0,
            1.0,
            1.0,
            0.9999997615814209,
            0.9966604709625244,
            0.002800760557875037,
            8.937106343864798e-08,
            2.117960740122271e-08,
            1.7241924847501838e-13,
            -Infinity,
            -Infinity
        ]
    ]
}