{
    "model_file": "./data_sets/products/checkpoint_DeepFM/config_0/fold_4/DeepFM-May-23-2025_17-24-27.pth",
    "data_set_name": "products",
    "algorithm_name": "DeepFM",
    "algorithm_config_index": 0,
    "algorithm_configuration": {},
    "fold": 4,
    "evaluation_time": 0.03450751304626465,
    "NDCG@1": 0.0,
    "HR@1": 0.0,
    "Recall@1": 0.0,
    "NDCG@3": 0.014013613304120485,
    "HR@3": 0.05084745762711865,
    "Recall@3": 0.05084745762711865,
    "NDCG@5": 0.012351825586749235,
    "HR@5": 0.06779661016949153,
    "Recall@5": 0.06779661016949153,
    "NDCG@10": 0.029580632291848815,
    "HR@10": 0.3898305084745763,
    "Recall@10": 0.3898305084745763,
    "NDCG@20": 0.02372628782216405,
    "HR@20": 0.5254237288135594,
    "Recall@20": 0.5254237288135594
}