{
    "model_file": "./data_sets/MovieLens-100K/checkpoint_LightGCN/config_0/fold_3/LightGCN-Apr-25-2025_15-39-13.pth",
    "data_set_name": "MovieLens-100K",
    "algorithm_name": "LightGCN",
    "algorithm_config_index": 0,
    "algorithm_configuration": {
        "embedding_size": 64,
        "learning_rate": 0.01
    },
    "fold": 3,
    "evaluation_time": 0.9439339637756348,
    "NDCG@1": 0.3853727144866385,
    "HR@1": 0.3853727144866385,
    "Recall@1": 0.3853727144866385,
    "NDCG@3": 0.36268070896664506,
    "HR@3": 0.6694796061884669,
    "Recall@3": 0.3558368495077358,
    "NDCG@5": 0.3482447269681908,
    "HR@5": 0.8045007032348804,
    "Recall@5": 0.3383731833098917,
    "NDCG@10": 0.3157262697453975,
    "HR@10": 0.9282700421940928,
    "Recall@10": 0.3115509119728528,
    "NDCG@20": 0.27929046305788247,
    "HR@20": 0.980309423347398,
    "Recall@20": 0.33880843384279014
}