{
    "model_file": "./data_sets/MovieLens-100K/checkpoint_EASE/config_0/fold_4/EASE-Apr-25-2025_18-48-37.pth",
    "data_set_name": "MovieLens-100K",
    "algorithm_name": "EASE",
    "algorithm_config_index": 0,
    "algorithm_configuration": {
        "epochs": 1,
        "reg_weight": 250
    },
    "fold": 4,
    "evaluation_time": 1.0209851264953613,
    "NDCG@1": 0.5428973277074542,
    "HR@1": 0.5428973277074542,
    "Recall@1": 0.5428973277074542,
    "NDCG@3": 0.4992654547712903,
    "HR@3": 0.790436005625879,
    "Recall@3": 0.48570089076418227,
    "NDCG@5": 0.472616601531586,
    "HR@5": 0.8621659634317862,
    "Recall@5": 0.4546882325363336,
    "NDCG@10": 0.4199467376788848,
    "HR@10": 0.9353023909985936,
    "Recall@10": 0.40734545576317727,
    "NDCG@20": 0.3574511815138938,
    "HR@20": 0.9732770745428974,
    "Recall@20": 0.40453257132986997
}