{
    "model_file": "./data_sets/products/checkpoint_AFM/config_0/fold_4/AFM-May-23-2025_17-19-35.pth",
    "data_set_name": "products",
    "algorithm_name": "AFM",
    "algorithm_config_index": 0,
    "algorithm_configuration": {},
    "fold": 4,
    "evaluation_time": 0.03151988983154297,
    "NDCG@1": 0.0,
    "HR@1": 0.0,
    "Recall@1": 0.0,
    "NDCG@3": 0.00899527583012277,
    "HR@3": 0.03389830508474576,
    "Recall@3": 0.03389830508474576,
    "NDCG@5": 0.006501124870700604,
    "HR@5": 0.03389830508474576,
    "Recall@5": 0.03389830508474576,
    "NDCG@10": 0.012075268598456406,
    "HR@10": 0.15254237288135594,
    "Recall@10": 0.15254237288135594,
    "NDCG@20": 0.008927355989591134,
    "HR@20": 0.1864406779661017,
    "Recall@20": 0.1864406779661017
}