{
    "model_file": "./data_sets/airlinesreviews/checkpoint_FwFM/config_0/fold_4/FwFM-May-18-2025_21-24-42.pth",
    "data_set_name": "airlinesreviews",
    "algorithm_name": "FwFM",
    "algorithm_config_index": 0,
    "algorithm_configuration": {},
    "fold": 4,
    "evaluation_time": 0.0495762825012207,
    "NDCG@1": 0.13432835820895522,
    "HR@1": 0.13432835820895522,
    "Recall@1": 0.13432835820895522,
    "NDCG@3": 0.1513802319564126,
    "HR@3": 0.4701492537313433,
    "Recall@3": 0.43407960199004975,
    "NDCG@5": 0.14195919140230165,
    "HR@5": 0.6791044776119403,
    "Recall@5": 0.6393034825870647,
    "NDCG@10": 0.12235622189727019,
    "HR@10": 1.0,
    "Recall@10": 1.0,
    "NDCG@20": 0.07896471049341751,
    "HR@20": 1.0,
    "Recall@20": 1.0
}