{
    "model_file": "./data_sets/disneylandreviews/checkpoint_FM/config_0/fold_3/FM-May-18-2025_20-38-04.pth",
    "data_set_name": "disneylandreviews",
    "algorithm_name": "FM",
    "algorithm_config_index": 0,
    "algorithm_configuration": {
        "task": "rating",
        "epoch": 10,
        "lr": 0.05
    },
    "fold": 3,
    "evaluation_time": 0.021588802337646484,
    "NDCG@1": 1.0,
    "HR@1": 1.0,
    "Recall@1": 1.0,
    "NDCG@3": 0.511576141875023,
    "HR@3": 1.0,
    "Recall@3": 1.0,
    "NDCG@5": 0.36972967166426307,
    "HR@5": 1.0,
    "Recall@5": 1.0,
    "NDCG@10": 0.2399292582800168,
    "HR@10": 1.0,
    "Recall@10": 1.0,
    "NDCG@20": 0.1548425092341348,
    "HR@20": 1.0,
    "Recall@20": 1.0
}