{
    "44": [
        [
            2,
            0,
            1,
            3
        ],
        [
            0.9937636256217957,
            -Infinity,
            -Infinity,
            -Infinity
        ]
    ],
    "87": [
        [
            3,
            0,
            1,
            2
        ],
        [
            0.9893431663513184,
            -Infinity,
            -Infinity,
            -Infinity
        ]
    ],
    "97": [
        [
            3,
            2,
            0,
            1
        ],
        [
            0.9929990768432617,
            0.9851065874099731,
            -Infinity,
            -Infinity
        ]
    ],
    "19": [
        [
            3,
            0,
            1,
            2
        ],
        [
            0.9930404424667358,
            -Infinity,
            -Infinity,
            -Infinity
        ]
    ],
    "59": [
        [
            2,
            0,
            1,
            3
        ],
        [
            0.9749308228492737,
            -Infinity,
            -Infinity,
            -Infinity
        ]
    ],
    "26": [
        [
            2,
            0,
            1,
            3
        ],
        [
            0.9889817833900452,
            -Infinity,
            -Infinity,
            -Infinity
        ]
    ],
    "83": [
        [
            3,
            0,
            1,
            2
        ],
        [
            0.9900076389312744,
            -Infinity,
            -Infinity,
            -Infinity
        ]
    ],
    "11": [
        [
            1,
            2,
            0,
            3
        ],
        [
            0.9930397272109985,
            0.9839521050453186,
            -Infinity,
            -Infinity
        ]
    ],
    "34": [
        [
            3,
            0,
            1,
            2
        ],
        [
            0.983567476272583,
            -Infinity,
            -Infinity,
            -Infinity
        ]
    ],
    "72": [
        [
            2,
            0,
            1,
            3
        ],
        [
            0.9860612154006958,
            -Infinity,
            -Infinity,
            -Infinity
        ]
    ],
    "69": [
        [
            1,
            0,
            2,
            3
        ],
        [
            0.9900897741317749,
            -Infinity,
            -Infinity,
            -Infinity
        ]
    ],
    "1": [
        [
            3,
            0,
            1,
            2
        ],
        [
            0.9872968196868896,
            -Infinity,
            -Infinity,
            -Infinity
        ]
    ],
    "80": [
        [
            2,
            0,
            1,
            3
        ],
        [
            0.9858279228210449,
            -Infinity,
            -Infinity,
            -Infinity
        ]
    ],
    "54": [
        [
            3,
            0,
            1,
            2
        ],
        [
            0.9933884143829346,
            -Infinity,
            -Infinity,
            -Infinity
        ]
    ],
    "8": [
        [
            3,
            0,
            1,
            2
        ],
        [
            0.9929074048995972,
            -Infinity,
            -Infinity,
            -Infinity
        ]
    ],
    "68": [
        [
            2,
            0,
            1,
            3
        ],
        [
            0.9899163842201233,
            -Infinity,
            -Infinity,
            -Infinity
        ]
    ],
    "37": [
        [
            1,
            0,
            2,
            3
        ],
        [
            0.9924617409706116,
            -Infinity,
            -Infinity,
            -Infinity
        ]
    ],
    "60": [
        [
            3,
            0,
            1,
            2
        ],
        [
            0.9892505407333374,
            -Infinity,
            -Infinity,
            -Infinity
        ]
    ],
    "39": [
        [
            2,
            0,
            1,
            3
        ],
        [
            0.989402174949646,
            -Infinity,
            -Infinity,
            -Infinity
        ]
    ],
    "25": [
        [
            3,
            0,
            1,
            2
        ],
        [
            0.9805710911750793,
            -Infinity,
            -Infinity,
            -Infinity
        ]
    ],
    "57": [
        [
            2,
            0,
            1,
            3
        ],
        [
            0.9751683473587036,
            -Infinity,
            -Infinity,
            -Infinity
        ]
    ],
    "90": [
        [
            2,
            0,
            1,
            3
        ],
        [
            0.9874171018600464,
            -Infinity,
            -Infinity,
            -Infinity
        ]
    ],
    "92": [
        [
            3,
            0,
            1,
            2
        ],
        [
            0.9935846924781799,
            -Infinity,
            -Infinity,
            -Infinity
        ]
    ],
    "63": [
        [
            1,
            0,
            2,
            3
        ],
        [
            0.989875078201294,
            -Infinity,
            -Infinity,
            -Infinity
        ]
    ],
    "36": [
        [
            3,
            2,
            0,
            1
        ],
        [
            0.9950035214424133,
            0.9839720726013184,
            -Infinity,
            -Infinity
        ]
    ],
    "29": [
        [
            2,
            0,
            1,
            3
        ],
        [
            0.9862303137779236,
            -Infinity,
            -Infinity,
            -Infinity
        ]
    ],
    "77": [
        [
            3,
            0,
            1,
            2
        ],
        [
            0.9955839514732361,
            -Infinity,
            -Infinity,
            -Infinity
        ]
    ],
    "74": [
        [
            3,
            0,
            1,
            2
        ],
        [
            0.9887942671775818,
            -Infinity,
            -Infinity,
            -Infinity
        ]
    ],
    "76": [
        [
            3,
            0,
            1,
            2
        ],
        [
            0.987930178642273,
            -Infinity,
            -Infinity,
            -Infinity
        ]
    ],
    "43": [
        [
            3,
            0,
            1,
            2
        ],
        [
            0.9903537034988403,
            -Infinity,
            -Infinity,
            -Infinity
        ]
    ],
    "42": [
        [
            3,
            0,
            1,
            2
        ],
        [
            0.9791338443756104,
            -Infinity,
            -Infinity,
            -Infinity
        ]
    ],
    "15": [
        [
            2,
            0,
            1,
            3
        ],
        [
            0.9911581873893738,
            -Infinity,
            -Infinity,
            -Infinity
        ]
    ],
    "78": [
        [
            2,
            0,
            1,
            3
        ],
        [
            0.9931889772415161,
            -Infinity,
            -Infinity,
            -Infinity
        ]
    ],
    "91": [
        [
            3,
            1,
            0,
            2
        ],
        [
            0.9917153716087341,
            0.9916213750839233,
            -Infinity,
            -Infinity
        ]
    ],
    "30": [
        [
            2,
            0,
            1,
            3
        ],
        [
            0.9901183247566223,
            -Infinity,
            -Infinity,
            -Infinity
        ]
    ],
    "46": [
        [
            2,
            0,
            1,
            3
        ],
        [
            0.9860361814498901,
            -Infinity,
            -Infinity,
            -Infinity
        ]
    ],