{
    "model_file": "./data_sets/laptops/checkpoint_LR/config_0/fold_4/LR-May-23-2025_16-41-05.pth",
    "data_set_name": "laptops",
    "algorithm_name": "LR",
    "algorithm_config_index": 0,
    "algorithm_configuration": {},
    "fold": 4,
    "evaluation_time": 0.0045070648193359375,
    "NDCG@1": 0.2,
    "HR@1": 0.2,
    "Recall@1": 0.2,
    "NDCG@3": 0.09385574520455128,
    "HR@3": 0.2,
    "Recall@3": 0.2,
    "NDCG@5": 0.06783204105472322,
    "HR@5": 0.2,
    "Recall@5": 0.2,
    "NDCG@10": 0.04401835325961604,
    "HR@10": 0.2,
    "Recall@10": 0.2,
    "NDCG@20": 0.03608493555980804,
    "HR@20": 0.4,
    "Recall@20": 0.4
}