{
    "model_file": "./data_sets/productssecond/checkpoint_DSSM/config_0/fold_1/DSSM-May-24-2025_00-50-16.pth",
    "data_set_name": "productssecond",
    "algorithm_name": "DSSM",
    "algorithm_config_index": 0,
    "algorithm_configuration": {},
    "fold": 1,
    "evaluation_time": 0.002000093460083008,
    "NDCG@1": 0.5,
    "HR@1": 0.5,
    "Recall@1": 0.5,
    "NDCG@3": 0.23463936301137822,
    "HR@3": 0.5,
    "Recall@3": 0.5,
    "NDCG@5": 0.16958010263680806,
    "HR@5": 0.5,
    "Recall@5": 0.5,
    "NDCG@10": 0.14672784419872012,
    "HR@10": 1.0,
    "Recall@10": 1.0,
    "NDCG@20": 0.09469335975577153,
    "HR@20": 1.0,
    "Recall@20": 1.0
}