{
    "7406": [
        [
            2,
            8,
            7,
            6,
            10,
            4,
            1,
            9,
            5,
            0,
            3
        ],
        [
            0.731042206287384,
            0.7310394048690796,
            0.7310325503349304,
            0.2694605886936188,
            0.26945996284484863,
            0.2694571614265442,
            0.2694545090198517,
            0.26945045590400696,
            0.2694430649280548,
            -Infinity,
            -Infinity
        ]
    ],
    "5779": [
        [
            8,
            2,
            3,
            1,
            10,
            6,
            4,
            9,
            5,
            0,
            7
        ],
        [
            0.7306884527206421,
            0.7306786775588989,
            0.7306744456291199,
            0.27081841230392456,
            0.27081653475761414,
            0.2708132863044739,
            0.27081286907196045,
            0.270803838968277,
            0.2707981765270233,
            -Infinity,
            -Infinity
        ]
    ]
}