{
    "model_file": "./data_sets/airlinesreviews/checkpoint_NFM/config_0/fold_3/NFM-May-18-2025_21-17-05.pth",
    "data_set_name": "airlinesreviews",
    "algorithm_name": "NFM",
    "algorithm_config_index": 0,
    "algorithm_configuration": {
        "n_factors": 15,
        "n_epochs": 10
    },
    "fold": 3,
    "evaluation_time": 0.06631755828857422,
    "NDCG@1": 0.1044776119402985,
    "HR@1": 0.1044776119402985,
    "Recall@1": 0.1044776119402985,
    "NDCG@3": 0.1530050090480782,
    "HR@3": 0.4701492537313433,
    "Recall@3": 0.44776119402985076,
    "NDCG@5": 0.15806157352440742,
    "HR@5": 0.7761194029850746,
    "Recall@5": 0.7649253731343284,
    "NDCG@10": 0.12112650202573796,
    "HR@10": 1.0,
    "Recall@10": 1.0,
    "NDCG@20": 0.07817108944057827,
    "HR@20": 1.0,
    "Recall@20": 1.0
}