{
    "model_file": "./data_sets/animes/checkpoint_FM/config_0/fold_1/FM-May-23-2025_14-00-38.pth",
    "data_set_name": "animes",
    "algorithm_name": "FM",
    "algorithm_config_index": 0,
    "algorithm_configuration": {
        "task": "rating",
        "epoch": 10,
        "lr": 0.05
    },
    "fold": 1,
    "evaluation_time": 0.21798372268676758,
    "NDCG@1": 0.0,
    "HR@1": 0.0,
    "Recall@1": 0.0,
    "NDCG@3": 0.001158780074186121,
    "HR@3": 0.004366812227074236,
    "Recall@3": 0.0032751091703056767,
    "NDCG@5": 0.0020158295846093174,
    "HR@5": 0.013100436681222707,
    "Recall@5": 0.012008733624454149,
    "NDCG@10": 0.0014527953444790338,
    "HR@10": 0.015283842794759825,
    "Recall@10": 0.014192139737991267,
    "NDCG@20": 0.0015228648355856962,
    "HR@20": 0.03275109170305677,
    "Recall@20": 0.03165938864628821
}