{
    "model_file": "./data_sets/clothes/checkpoint_DSSM/config_0/fold_3/DSSM-May-23-2025_15-36-53.pth",
    "data_set_name": "clothes",
    "algorithm_name": "DSSM",
    "algorithm_config_index": 0,
    "algorithm_configuration": {},
    "fold": 3,
    "evaluation_time": 0.005002021789550781,
    "NDCG@1": 0.125,
    "HR@1": 0.125,
    "Recall@1": 0.125,
    "NDCG@3": 0.058659840752844555,
    "HR@3": 0.125,
    "Recall@3": 0.125,
    "NDCG@5": 0.042395025659202015,
    "HR@5": 0.125,
    "Recall@5": 0.125,
    "NDCG@10": 0.027511470787260024,
    "HR@10": 0.125,
    "Recall@10": 0.125,
    "NDCG@20": 0.017755004954207163,
    "HR@20": 0.125,
    "Recall@20": 0.125
}