{
    "model_file": "./data_sets/ryanairreviews/checkpoint_FiGNN/config_0/fold_0/FiGNN-May-18-2025_21-56-30.pth",
    "data_set_name": "ryanairreviews",
    "algorithm_name": "FiGNN",
    "algorithm_config_index": 0,
    "algorithm_configuration": {},
    "fold": 0,
    "evaluation_time": 0.021041393280029297,
    "NDCG@1": 0.84375,
    "HR@1": 0.84375,
    "Recall@1": 0.84375,
    "NDCG@3": 0.5623260807998977,
    "HR@3": 1.0,
    "Recall@3": 0.9947916666666667,
    "NDCG@5": 0.41097263701796244,
    "HR@5": 1.0,
    "Recall@5": 1.0,
    "NDCG@10": 0.2666931207583499,
    "HR@10": 1.0,
    "Recall@10": 1.0,
    "NDCG@20": 0.1721150321963233,
    "HR@20": 1.0,
    "Recall@20": 1.0
}