{
    "model_file": "./data_sets/videogamessecond/checkpoint_FwFM/config_0/fold_2/FwFM-May-24-2025_02-12-50.pth",
    "data_set_name": "videogamessecond",
    "algorithm_name": "FwFM",
    "algorithm_config_index": 0,
    "algorithm_configuration": {},
    "fold": 2,
    "evaluation_time": 0.013363122940063477,
    "NDCG@1": 0.0,
    "HR@1": 0.0,
    "Recall@1": 0.0,
    "NDCG@3": 0.0,
    "HR@3": 0.0,
    "Recall@3": 0.0,
    "NDCG@5": 0.005618013455488709,
    "HR@5": 0.038461538461538464,
    "Recall@5": 0.038461538461538464,
    "NDCG@10": 0.011087852470070896,
    "HR@10": 0.15384615384615385,
    "Recall@10": 0.15384615384615385,
    "NDCG@20": 0.015471966494618895,
    "HR@20": 0.38461538461538464,
    "Recall@20": 0.38461538461538464
}