{
    "model_file": "./data_sets/ryanairreviews/checkpoint_AFM/config_0/fold_2/AFM-May-18-2025_21-54-10.pth",
    "data_set_name": "ryanairreviews",
    "algorithm_name": "AFM",
    "algorithm_config_index": 0,
    "algorithm_configuration": {},
    "fold": 2,
    "evaluation_time": 0.012746334075927734,
    "NDCG@1": 0.6610169491525424,
    "HR@1": 0.6610169491525424,
    "Recall@1": 0.6610169491525424,
    "NDCG@3": 0.5312948072900643,
    "HR@3": 1.0,
    "Recall@3": 0.9463276836158192,
    "NDCG@5": 0.40303099347156324,
    "HR@5": 1.0,
    "Recall@5": 1.0,
    "NDCG@10": 0.26153953750106096,
    "HR@10": 1.0,
    "Recall@10": 1.0,
    "NDCG@20": 0.1687890778344992,
    "HR@20": 1.0,
    "Recall@20": 1.0
}