{
    "model_file": "./data_sets/videogamessecond/checkpoint_FwFM/config_0/fold_1/FwFM-May-24-2025_02-12-40.pth",
    "data_set_name": "videogamessecond",
    "algorithm_name": "FwFM",
    "algorithm_config_index": 0,
    "algorithm_configuration": {},
    "fold": 1,
    "evaluation_time": 0.01768660545349121,
    "NDCG@1": 0.0,
    "HR@1": 0.0,
    "Recall@1": 0.0,
    "NDCG@3": 0.008379977250406364,
    "HR@3": 0.03571428571428571,
    "Recall@3": 0.03571428571428571,
    "NDCG@5": 0.010742327862469637,
    "HR@5": 0.07142857142857142,
    "Recall@5": 0.07142857142857142,
    "NDCG@10": 0.0165688020113413,
    "HR@10": 0.21428571428571427,
    "Recall@10": 0.21428571428571427,
    "NDCG@20": 0.025131983712015138,
    "HR@20": 0.6071428571428571,
    "Recall@20": 0.6071428571428571
}