{
    "model_file": "./data_sets/videogamessecond/checkpoint_DSSM/config_0/fold_3/DSSM-May-24-2025_02-01-59.pth",
    "data_set_name": "videogamessecond",
    "algorithm_name": "DSSM",
    "algorithm_config_index": 0,
    "algorithm_configuration": {},
    "fold": 3,
    "evaluation_time": 0.0145111083984375,
    "NDCG@1": 0.07407407407407407,
    "HR@1": 0.07407407407407407,
    "Recall@1": 0.07407407407407407,
    "NDCG@3": 0.04345173389099597,
    "HR@3": 0.1111111111111111,
    "Recall@3": 0.1111111111111111,
    "NDCG@5": 0.03626317002579193,
    "HR@5": 0.14814814814814814,
    "Recall@5": 0.14814814814814814,
    "NDCG@10": 0.028703358479280388,
    "HR@10": 0.2222222222222222,
    "Recall@10": 0.2222222222222222,
    "NDCG@20": 0.03322969030210296,
    "HR@20": 0.6296296296296297,
    "Recall@20": 0.6296296296296297
}