{
    "model_file": "./data_sets/products/checkpoint_NFM/config_0/fold_1/NFM-May-23-2025_17-17-34.pth",
    "data_set_name": "products",
    "algorithm_name": "NFM",
    "algorithm_config_index": 0,
    "algorithm_configuration": {
        "n_factors": 15,
        "n_epochs": 10
    },
    "fold": 1,
    "evaluation_time": 0.02916693687438965,
    "NDCG@1": 0.0,
    "HR@1": 0.0,
    "Recall@1": 0.0,
    "NDCG@3": 0.024269009095562722,
    "HR@3": 0.08196721311475409,
    "Recall@3": 0.08196721311475409,
    "NDCG@5": 0.03787262476401922,
    "HR@5": 0.22950819672131148,
    "Recall@5": 0.22950819672131148,
    "NDCG@10": 0.03732412964783991,
    "HR@10": 0.4098360655737705,
    "Recall@10": 0.4098360655737705,
    "NDCG@20": 0.03247707259824852,
    "HR@20": 0.639344262295082,
    "Recall@20": 0.639344262295082
}