{
    "model_file": "./data_sets/airlinesreviews/checkpoint_AFM/config_0/fold_2/AFM-May-18-2025_21-17-31.pth",
    "data_set_name": "airlinesreviews",
    "algorithm_name": "AFM",
    "algorithm_config_index": 0,
    "algorithm_configuration": {},
    "fold": 2,
    "evaluation_time": 0.05977630615234375,
    "NDCG@1": 0.14285714285714285,
    "HR@1": 0.14285714285714285,
    "Recall@1": 0.14285714285714285,
    "NDCG@3": 0.12792864314457822,
    "HR@3": 0.3697478991596639,
    "Recall@3": 0.33753501400560226,
    "NDCG@5": 0.12470312867677809,
    "HR@5": 0.5714285714285714,
    "Recall@5": 0.5441176470588235,
    "NDCG@10": 0.11894861007227286,
    "HR@10": 1.0,
    "Recall@10": 1.0,
    "NDCG@20": 0.07676554908533821,
    "HR@20": 1.0,
    "Recall@20": 1.0
}