{
    "model_file": "./data_sets/airlinesreviews/checkpoint_DSSM/config_0/fold_2/DSSM-May-18-2025_21-19-42.pth",
    "data_set_name": "airlinesreviews",
    "algorithm_name": "DSSM",
    "algorithm_config_index": 0,
    "algorithm_configuration": {},
    "fold": 2,
    "evaluation_time": 0.038112640380859375,
    "NDCG@1": 0.10084033613445378,
    "HR@1": 0.10084033613445378,
    "Recall@1": 0.10084033613445378,
    "NDCG@3": 0.11670794733527394,
    "HR@3": 0.35294117647058826,
    "Recall@3": 0.3249299719887956,
    "NDCG@5": 0.11917346534943958,
    "HR@5": 0.5798319327731093,
    "Recall@5": 0.5399159663865546,
    "NDCG@10": 0.11512147606017398,
    "HR@10": 1.0,
    "Recall@10": 1.0,
    "NDCG@20": 0.0742956417557492,
    "HR@20": 1.0,
    "Recall@20": 1.0
}