{
    "model_file": "./data_sets/MovieLens-100K/checkpoint_NeuMF/config_0/fold_4/NeuMF-Apr-25-2025_15-53-09.pth",
    "data_set_name": "MovieLens-100K",
    "algorithm_name": "NeuMF",
    "algorithm_config_index": 0,
    "algorithm_configuration": {
        "mf_embedding_size": 64,
        "mlp_embedding_size": 64,
        "learning_rate": 0.01
    },
    "fold": 4,
    "evaluation_time": 0.9561796188354492,
    "NDCG@1": 0.2419127988748242,
    "HR@1": 0.2419127988748242,
    "Recall@1": 0.2419127988748242,
    "NDCG@3": 0.22616672507360044,
    "HR@3": 0.4936708860759494,
    "Recall@3": 0.22175339896858887,
    "NDCG@5": 0.21961695228745123,
    "HR@5": 0.6441631504922645,
    "Recall@5": 0.21411157993436486,
    "NDCG@10": 0.20778333224701973,
    "HR@10": 0.8227848101265823,
    "Recall@10": 0.20926149175094294,
    "NDCG@20": 0.1850752118786808,
    "HR@20": 0.9170182841068917,
    "Recall@20": 0.2207330002709883
}