{
    "model_file": "./data_sets/starbucks/checkpoint_AFM/config_0/fold_3/AFM-May-24-2025_01-28-50.pth",
    "data_set_name": "starbucks",
    "algorithm_name": "AFM",
    "algorithm_config_index": 0,
    "algorithm_configuration": {},
    "fold": 3,
    "evaluation_time": 0.014000654220581055,
    "NDCG@1": 0.0,
    "HR@1": 0.0,
    "Recall@1": 0.0,
    "NDCG@3": 0.0,
    "HR@3": 0.0,
    "Recall@3": 0.0,
    "NDCG@5": 0.0,
    "HR@5": 0.0,
    "Recall@5": 0.0,
    "NDCG@10": 0.0025297904172193126,
    "HR@10": 0.034482758620689655,
    "Recall@10": 0.017241379310344827,
    "NDCG@20": 0.002919083801528634,
    "HR@20": 0.06896551724137931,
    "Recall@20": 0.034482758620689655
}