{
    "4077": [
        [
            6,
            7,
            10,
            1,
            2,
            3,
            5,
            8,
            9,
            0,
            4
        ],
        [
            1.0,
            1.0,
            1.0,
            5.544471704754124e-18,
            0.0,
            0.0,
            0.0,
            0.0,
            0.0,
            -Infinity,
            -Infinity
        ]
    ],
    "2905": [
        [
            1,
            4,
            5,
            7,
            9,
            8,
            2,
            3,
            10,
            0,
            6
        ],
        [
            1.0,
            1.0,
            1.0,
            1.0,
            1.0,
            0.9999972581863403,
            3.1156655562573106e-25,
            0.0,
            0.0,
            -Infinity,
            -Infinity
        ]
    ]
}