{
    "model_file": "./data_sets/MovieLens-100K/checkpoint_LINE/config_0/fold_1/LINE-Apr-25-2025_15-44-31.pth",
    "data_set_name": "MovieLens-100K",
    "algorithm_name": "LINE",
    "algorithm_config_index": 0,
    "algorithm_configuration": {
        "embedding_size": 64,
        "learning_rate": 0.01
    },
    "fold": 1,
    "evaluation_time": 0.844947099685669,
    "NDCG@1": 0.19549929676511954,
    "HR@1": 0.19549929676511954,
    "Recall@1": 0.19549929676511954,
    "NDCG@3": 0.19653630179388715,
    "HR@3": 0.43319268635724334,
    "Recall@3": 0.1957337083919361,
    "NDCG@5": 0.18901005538330648,
    "HR@5": 0.5654008438818565,
    "Recall@5": 0.18502109704641412,
    "NDCG@10": 0.1783139761995263,
    "HR@10": 0.7369901547116737,
    "Recall@10": 0.1794789364409616,
    "NDCG@20": 0.1605493154784377,
    "HR@20": 0.870604781997187,
    "Recall@20": 0.18945555783072632
}