{
    "model_file": "./data_sets/videogamessecond/checkpoint_AFM/config_0/fold_1/AFM-May-24-2025_01-55-40.pth",
    "data_set_name": "videogamessecond",
    "algorithm_name": "AFM",
    "algorithm_config_index": 0,
    "algorithm_configuration": {},
    "fold": 1,
    "evaluation_time": 0.013120412826538086,
    "NDCG@1": 0.0,
    "HR@1": 0.0,
    "Recall@1": 0.0,
    "NDCG@3": 0.0,
    "HR@3": 0.0,
    "Recall@3": 0.0,
    "NDCG@5": 0.009902622405537437,
    "HR@5": 0.07142857142857142,
    "Recall@5": 0.07142857142857142,
    "NDCG@10": 0.019425715680790063,
    "HR@10": 0.25,
    "Recall@10": 0.25,
    "NDCG@20": 0.024942825356183078,
    "HR@20": 0.6071428571428571,
    "Recall@20": 0.6071428571428571
}