{
    "9": [
        [
            2,
            0,
            1,
            3
        ],
        [
            0.9396568536758423,
            -Infinity,
            -Infinity,
            -Infinity
        ]
    ],
    "22": [
        [
            2,
            0,
            1,
            3
        ],
        [
            0.9421390295028687,
            -Infinity,
            -Infinity,
            -Infinity
        ]
    ],
    "40": [
        [
            1,
            0,
            2,
            3
        ],
        [
            0.9004849195480347,
            -Infinity,
            -Infinity,
            -Infinity
        ]
    ],
    "5": [
        [
            3,
            0,
            1,
            2
        ],
        [
            0.9628118276596069,
            -Infinity,
            -Infinity,
            -Infinity
        ]
    ],
    "73": [
        [
            1,
            0,
            2,
            3
        ],
        [
            0.9401069283485413,
            -Infinity,
            -Infinity,
            -Infinity
        ]
    ],
    "45": [
        [
            2,
            0,
            1,
            3
        ],
        [
            0.9448625445365906,
            -Infinity,
            -Infinity,
            -Infinity
        ]
    ],
    "20": [
        [
            3,
            0,
            1,
            2
        ],
        [
            0.9666745066642761,
            -Infinity,
            -Infinity,
            -Infinity
        ]
    ],
    "26": [
        [
            1,
            0,
            2,
            3
        ],
        [
            0.89383465051651,
            -Infinity,
            -Infinity,
            -Infinity
        ]
    ],
    "80": [
        [
            3,
            1,
            0,
            2
        ],
        [
            0.9340367317199707,
            0.8887567520141602,
            -Infinity,
            -Infinity
        ]
    ],
    "95": [
        [
            1,
            0,
            2,
            3
        ],
        [
            0.9225277900695801,
            -Infinity,
            -Infinity,
            -Infinity
        ]
    ],
    "86": [
        [
            2,
            0,
            1,
            3
        ],
        [
            0.9159584641456604,
            -Infinity,
            -Infinity,
            -Infinity
        ]
    ],
    "57": [
        [
            3,
            2,
            0,
            1
        ],
        [
            0.9541170001029968,
            0.9288451075553894,
            -Infinity,
            -Infinity
        ]
    ],
    "65": [
        [
            3,
            1,
            0,
            2
        ],
        [
            0.949752151966095,
            0.9212252497673035,
            -Infinity,
            -Infinity
        ]
    ],
    "37": [
        [
            1,
            0,
            2,
            3
        ],
        [
            0.899304211139679,
            -Infinity,
            -Infinity,
            -Infinity
        ]
    ],
    "53": [
        [
            1,
            0,
            2,
            3
        ],
        [
            0.9408712983131409,
            -Infinity,
            -Infinity,
            -Infinity
        ]
    ],
    "92": [
        [
            2,
            0,
            1,
            3
        ],
        [
            0.9089363217353821,
            -Infinity,
            -Infinity,
            -Infinity
        ]
    ],
    "44": [
        [
            3,
            0,
            1,
            2
        ],
        [
            0.9597671627998352,
            -Infinity,
            -Infinity,
            -Infinity
        ]
    ],
    "25": [
        [
            1,
            0,
            2,
            3
        ],
        [
            0.9120981693267822,
            -Infinity,
            -Infinity,
            -Infinity
        ]
    ],
    "50": [
        [
            2,
            0,
            1,
            3
        ],
        [
            0.939746618270874,
            -Infinity,
            -Infinity,
            -Infinity
        ]
    ],
    "63": [
        [
            3,
            0,
            1,
            2
        ],
        [
            0.9487254023551941,
            -Infinity,
            -Infinity,
            -Infinity
        ]
    ],
    "85": [
        [
            2,
            1,
            0,
            3
        ],
        [
            0.9630048274993896,
            0.9530720710754395,
            -Infinity,
            -Infinity
        ]
    ],
    "69": [
        [
            2,
            0,
            1,
            3
        ],
        [
            0.9253668785095215,
            -Infinity,
            -Infinity,
            -Infinity
        ]
    ],
    "23": [
        [
            2,
            0,
            1,
            3
        ],
        [
            0.9364594221115112,
            -Infinity,
            -Infinity,
            -Infinity
        ]
    ],
    "75": [
        [
            2,
            0,
            1,
            3
        ],
        [
            0.94700026512146,
            -Infinity,
            -Infinity,
            -Infinity
        ]
    ],
    "12": [
        [
            2,
            0,
            1,
            3
        ],
        [
            0.9226582646369934,
            -Infinity,
            -Infinity,
            -Infinity
        ]
    ],
    "10": [
        [
            1,
            0,
            2,
            3
        ],
        [
            0.924668550491333,
            -Infinity,
            -Infinity,
            -Infinity
        ]
    ],
    "34": [
        [
            2,
            0,
            1,
            3
        ],
        [
            0.9741694331169128,
            -Infinity,
            -Infinity,
            -Infinity
        ]
    ],
    "68": [
        [
            1,
            0,
            2,
            3
        ],
        [
            0.9286677837371826,
            -Infinity,
            -Infinity,
            -Infinity
        ]
    ],
    "89": [
        [
            1,
            0,
            2,
            3
        ],
        [
            0.9003235697746277,
            -Infinity,
            -Infinity,
            -Infinity
        ]
    ],
    "84": [
        [
            1,
            0,
            2,
            3
        ],
        [
            0.9138487577438354,
            -Infinity,
            -Infinity,
            -Infinity
        ]
    ],
    "71": [
        [
            1,
            0,
            2,
            3
        ],
        [
            0.9139724373817444,
            -Infinity,
            -Infinity,
            -Infinity
        ]
    ],
    "2": [
        [
            3,
            0,
            1,
            2
        ],
        [
            0.9737943410873413,
            -Infinity,
            -Infinity,
            -Infinity
        ]
    ],
    "96": [
        [
            3,
            0,
            1,
            2
        ],
        [
            0.9577001929283142,
            -Infinity,
            -Infinity,
            -Infinity
        ]
    ],
    "3": [
        [
            3,
            2,
            0,
            1
        ],
        [
            0.9648920297622681,
            0.9428132176399231,
            -Infinity,
            -Infinity
        ]
    ],
    "52": [
        [
            1,
            0,
            2,
            3
        ],
        [
            0.9234244227409363,
            -Infinity,
            -Infinity,
            -Infinity
        ]
    ],
    "88": [
        [
            1,
            0,
            2,
            3
        ],
        [
            0.9655050039291382,
            -Infinity,
            -Infinity,
            -Infinity
        ]
    ],