{
    "model_file": "./data_sets/airlinesreviews/checkpoint_AFM/config_0/fold_0/AFM-May-18-2025_21-17-18.pth",
    "data_set_name": "airlinesreviews",
    "algorithm_name": "AFM",
    "algorithm_config_index": 0,
    "algorithm_configuration": {},
    "fold": 0,
    "evaluation_time": 0.04803156852722168,
    "NDCG@1": 0.13513513513513514,
    "HR@1": 0.13513513513513514,
    "Recall@1": 0.13513513513513514,
    "NDCG@3": 0.1432376266820195,
    "HR@3": 0.3963963963963964,
    "Recall@3": 0.36936936936936937,
    "NDCG@5": 0.14085711772637202,
    "HR@5": 0.6216216216216216,
    "Recall@5": 0.5885885885885885,
    "NDCG@10": 0.12574852907121975,
    "HR@10": 1.0,
    "Recall@10": 1.0,
    "NDCG@20": 0.08115399477943103,
    "HR@20": 1.0,
    "Recall@20": 1.0
}