{
    "model_file": "./data_sets/products/checkpoint_AFM/config_0/fold_3/AFM-May-23-2025_17-19-21.pth",
    "data_set_name": "products",
    "algorithm_name": "AFM",
    "algorithm_config_index": 0,
    "algorithm_configuration": {},
    "fold": 3,
    "evaluation_time": 0.035089731216430664,
    "NDCG@1": 0.0,
    "HR@1": 0.0,
    "Recall@1": 0.0,
    "NDCG@3": 0.004001106904944125,
    "HR@3": 0.013513513513513514,
    "Recall@3": 0.013513513513513514,
    "NDCG@5": 0.008210831044210174,
    "HR@5": 0.05405405405405406,
    "Recall@5": 0.05405405405405406,
    "NDCG@10": 0.01777612548620139,
    "HR@10": 0.22972972972972974,
    "Recall@10": 0.22972972972972974,
    "NDCG@20": 0.013943456491623837,
    "HR@20": 0.2972972972972973,
    "Recall@20": 0.2972972972972973
}