{
    "model_file": "./data_sets/MovieLens-100K/checkpoint_LDiffRec/config_0/fold_2/LDiffRec-Apr-25-2025_19-31-17.pth",
    "data_set_name": "MovieLens-100K",
    "algorithm_name": "LDiffRec",
    "algorithm_config_index": 0,
    "algorithm_configuration": {
        "steps": 5,
        "learning_rate": 0.01
    },
    "fold": 2,
    "evaluation_time": 0.8514328002929688,
    "NDCG@1": 0.43741209563994377,
    "HR@1": 0.43741209563994377,
    "Recall@1": 0.43741209563994377,
    "NDCG@3": 0.4055035177829733,
    "HR@3": 0.7271448663853727,
    "Recall@3": 0.39662447257383965,
    "NDCG@5": 0.37986933848179466,
    "HR@5": 0.8171589310829818,
    "Recall@5": 0.36565869667135426,
    "NDCG@10": 0.34768267073065856,
    "HR@10": 0.9184247538677919,
    "Recall@10": 0.34400687607438685,
    "NDCG@20": 0.3067583492149947,
    "HR@20": 0.9662447257383966,
    "Recall@20": 0.35988373585906647
}