{
    "9": [
        [
            2,
            0,
            1,
            3
        ],
        [
            0.9660226106643677,
            -Infinity,
            -Infinity,
            -Infinity
        ]
    ],
    "22": [
        [
            2,
            0,
            1,
            3
        ],
        [
            0.9025291800498962,
            -Infinity,
            -Infinity,
            -Infinity
        ]
    ],
    "40": [
        [
            1,
            0,
            2,
            3
        ],
        [
            0.9847247004508972,
            -Infinity,
            -Infinity,
            -Infinity
        ]
    ],
    "5": [
        [
            3,
            0,
            1,
            2
        ],
        [
            0.9721395969390869,
            -Infinity,
            -Infinity,
            -Infinity
        ]
    ],
    "73": [
        [
            1,
            0,
            2,
            3
        ],
        [
            0.9392492771148682,
            -Infinity,
            -Infinity,
            -Infinity
        ]
    ],
    "45": [
        [
            2,
            0,
            1,
            3
        ],
        [
            0.9366446137428284,
            -Infinity,
            -Infinity,
            -Infinity
        ]
    ],
    "20": [
        [
            3,
            0,
            1,
            2
        ],
        [
            0.9721203446388245,
            -Infinity,
            -Infinity,
            -Infinity
        ]
    ],
    "26": [
        [
            1,
            0,
            2,
            3
        ],
        [
            0.9914378523826599,
            -Infinity,
            -Infinity,
            -Infinity
        ]
    ],
    "80": [
        [
            1,
            3,
            0,
            2
        ],
        [
            0.9798080325126648,
            0.9331058859825134,
            -Infinity,
            -Infinity
        ]
    ],
    "95": [
        [
            1,
            0,
            2,
            3
        ],
        [
            0.9727071523666382,
            -Infinity,
            -Infinity,
            -Infinity
        ]
    ],
    "86": [
        [
            2,
            0,
            1,
            3
        ],
        [
            0.9892939329147339,
            -Infinity,
            -Infinity,
            -Infinity
        ]
    ],
    "57": [
        [
            2,
            3,
            0,
            1
        ],
        [
            0.9891849756240845,
            0.9775775074958801,
            -Infinity,
            -Infinity
        ]
    ],
    "65": [
        [
            1,
            3,
            0,
            2
        ],
        [
            0.9893510937690735,
            0.9275179505348206,
            -Infinity,
            -Infinity
        ]
    ],
    "37": [
        [
            1,
            0,
            2,
            3
        ],
        [
            0.9828426241874695,
            -Infinity,
            -Infinity,
            -Infinity
        ]
    ],
    "53": [
        [
            1,
            0,
            2,
            3
        ],
        [
            0.9837763905525208,
            -Infinity,
            -Infinity,
            -Infinity
        ]
    ],
    "92": [
        [
            2,
            0,
            1,
            3
        ],
        [
            0.9620484113693237,
            -Infinity,
            -Infinity,
            -Infinity
        ]
    ],
    "44": [
        [
            3,
            0,
            1,
            2
        ],
        [
            0.9688998460769653,
            -Infinity,
            -Infinity,
            -Infinity
        ]
    ],
    "25": [
        [
            1,
            0,
            2,
            3
        ],
        [
            0.9866220355033875,
            -Infinity,
            -Infinity,
            -Infinity
        ]
    ],
    "50": [
        [
            2,
            0,
            1,
            3
        ],
        [
            0.9872932434082031,
            -Infinity,
            -Infinity,
            -Infinity
        ]
    ],
    "63": [
        [
            3,
            0,
            1,
            2
        ],
        [
            0.9645484089851379,
            -Infinity,
            -Infinity,
            -Infinity
        ]
    ],
    "85": [
        [
            1,
            2,
            0,
            3
        ],
        [
            0.9355092644691467,
            0.8674749732017517,
            -Infinity,
            -Infinity
        ]
    ],
    "69": [
        [
            2,
            0,
            1,
            3
        ],
        [
            0.9558658599853516,
            -Infinity,
            -Infinity,
            -Infinity
        ]
    ],
    "23": [
        [
            2,
            0,
            1,
            3
        ],
        [
            0.9503228068351746,
            -Infinity,
            -Infinity,
            -Infinity
        ]
    ],
    "75": [
        [
            2,
            0,
            1,
            3
        ],
        [
            0.9431639909744263,
            -Infinity,
            -Infinity,
            -Infinity
        ]
    ],
    "12": [
        [
            2,
            0,
            1,
            3
        ],
        [
            0.9222626686096191,
            -Infinity,
            -Infinity,
            -Infinity
        ]
    ],
    "10": [
        [
            1,
            0,
            2,
            3
        ],
        [
            0.9822136163711548,
            -Infinity,
            -Infinity,
            -Infinity
        ]
    ],
    "34": [
        [
            2,
            0,
            1,
            3
        ],
        [
            0.8469003438949585,
            -Infinity,
            -Infinity,
            -Infinity
        ]
    ],
    "68": [
        [
            1,
            0,
            2,
            3
        ],
        [
            0.9786343574523926,
            -Infinity,
            -Infinity,
            -Infinity
        ]
    ],
    "89": [
        [
            1,
            0,
            2,
            3
        ],
        [
            0.9867849946022034,
            -Infinity,
            -Infinity,
            -Infinity
        ]
    ],
    "84": [
        [
            1,
            0,
            2,
            3
        ],
        [
            0.9826555252075195,
            -Infinity,
            -Infinity,
            -Infinity
        ]
    ],
    "71": [
        [
            1,
            0,
            2,
            3
        ],
        [
            0.9825534224510193,
            -Infinity,
            -Infinity,
            -Infinity
        ]
    ],
    "2": [
        [
            3,
            0,
            1,
            2
        ],
        [
            0.9731504917144775,
            -Infinity,
            -Infinity,
            -Infinity
        ]
    ],
    "96": [
        [
            3,
            0,
            1,
            2
        ],
        [
            0.94243985414505,
            -Infinity,
            -Infinity,
            -Infinity
        ]
    ],
    "3": [
        [
            2,
            3,
            0,
            1
        ],
        [
            0.9915869235992432,
            0.9733578562736511,
            -Infinity,
            -Infinity
        ]
    ],
    "52": [
        [
            1,
            0,
            2,
            3
        ],
        [
            0.9647048115730286,
            -Infinity,
            -Infinity,
            -Infinity
        ]
    ],
    "88": [
        [
            1,
            0,
            2,
            3
        ],
        [
            0.9243940711021423,
            -Infinity,
            -Infinity,
            -Infinity
        ]
    ],