{
    "model_file": "./data_sets/winesspa/checkpoint_DSSM/config_0/fold_2/DSSM-May-18-2025_21-01-09.pth",
    "data_set_name": "winesspa",
    "algorithm_name": "DSSM",
    "algorithm_config_index": 0,
    "algorithm_configuration": {},
    "fold": 2,
    "evaluation_time": 0.032377004623413086,
    "NDCG@1": 0.0,
    "HR@1": 0.0,
    "Recall@1": 0.0,
    "NDCG@3": 0.0,
    "HR@3": 0.0,
    "Recall@3": 0.0,
    "NDCG@5": 0.0,
    "HR@5": 0.0,
    "Recall@5": 0.0,
    "NDCG@10": 0.0027003672043404083,
    "HR@10": 0.03,
    "Recall@10": 0.004916666666666667,
    "NDCG@20": 0.0038906777038779255,
    "HR@20": 0.09,
    "Recall@20": 0.011851953601953602
}