{
    "model_file": "./data_sets/winesspa/checkpoint_DSSM/config_0/fold_1/DSSM-May-18-2025_21-00-59.pth",
    "data_set_name": "winesspa",
    "algorithm_name": "DSSM",
    "algorithm_config_index": 0,
    "algorithm_configuration": {},
    "fold": 1,
    "evaluation_time": 0.039864301681518555,
    "NDCG@1": 0.01,
    "HR@1": 0.01,
    "Recall@1": 0.01,
    "NDCG@3": 0.013575244589203521,
    "HR@3": 0.04,
    "Recall@3": 0.013333333333333332,
    "NDCG@5": 0.011123240769895406,
    "HR@5": 0.05,
    "Recall@5": 0.01,
    "NDCG@10": 0.012901513530807483,
    "HR@10": 0.13,
    "Recall@10": 0.01685714285714286,
    "NDCG@20": 0.009747038700071086,
    "HR@20": 0.16,
    "Recall@20": 0.022532467532467532
}