{
    "model_file": "./data_sets/MovieLens-100K/checkpoint_NAIS/config_0/fold_1/NAIS-Apr-25-2025_19-52-59.pth",
    "data_set_name": "MovieLens-100K",
    "algorithm_name": "NAIS",
    "algorithm_config_index": 0,
    "algorithm_configuration": {
        "embedding_size": 64,
        "learning_rate": 0.01,
        "split_to": 20
    },
    "fold": 1,
    "evaluation_time": 0.8752028942108154,
    "NDCG@1": 0.06751054852320675,
    "HR@1": 0.06751054852320675,
    "Recall@1": 0.06751054852320675,
    "NDCG@3": 0.06402192748969154,
    "HR@3": 0.17158931082981715,
    "Recall@3": 0.06329113924050633,
    "NDCG@5": 0.06417107324581221,
    "HR@5": 0.270042194092827,
    "Recall@5": 0.06364275668073145,
    "NDCG@10": 0.06004942489587932,
    "HR@10": 0.4092827004219409,
    "Recall@10": 0.060115977942982415,
    "NDCG@20": 0.056548506277219475,
    "HR@20": 0.6118143459915611,
    "Recall@20": 0.06784386595035717
}