{
    "model_file": "./data_sets/MovieLens-100K/checkpoint_ENMF/config_0/fold_2/ENMF-Apr-25-2025_15-08-24.pth",
    "data_set_name": "MovieLens-100K",
    "algorithm_name": "ENMF",
    "algorithm_config_index": 0,
    "algorithm_configuration": {
        "embedding_size": 64,
        "learning_rate": 0.01
    },
    "fold": 2,
    "evaluation_time": 0.8827314376831055,
    "NDCG@1": 0.42756680731364277,
    "HR@1": 0.42756680731364277,
    "Recall@1": 0.42756680731364277,
    "NDCG@3": 0.3844459229328115,
    "HR@3": 0.659634317862166,
    "Recall@3": 0.3731833098921712,
    "NDCG@5": 0.36506494327547606,
    "HR@5": 0.7890295358649789,
    "Recall@5": 0.3507032348804495,
    "NDCG@10": 0.32125463920894737,
    "HR@10": 0.8818565400843882,
    "Recall@10": 0.30772609559529335,
    "NDCG@20": 0.27486171911502044,
    "HR@20": 0.9409282700421941,
    "Recall@20": 0.30272700819133946
}