{
    "model_file": "./data_sets/ryanairreviews/checkpoint_AFM/config_0/fold_0/AFM-May-18-2025_21-53-59.pth",
    "data_set_name": "ryanairreviews",
    "algorithm_name": "AFM",
    "algorithm_config_index": 0,
    "algorithm_configuration": {},
    "fold": 0,
    "evaluation_time": 0.02063584327697754,
    "NDCG@1": 0.703125,
    "HR@1": 0.703125,
    "Recall@1": 0.703125,
    "NDCG@3": 0.5081186007057917,
    "HR@3": 1.0,
    "Recall@3": 0.9557291666666667,
    "NDCG@5": 0.3809247225829993,
    "HR@5": 1.0,
    "Recall@5": 0.9947916666666667,
    "NDCG@10": 0.24841905326142444,
    "HR@10": 1.0,
    "Recall@10": 1.0,
    "NDCG@20": 0.16032154571025456,
    "HR@20": 1.0,
    "Recall@20": 1.0
}