{
    "model_file": "./data_sets/airlinesreviews/checkpoint_DSSM/config_0/fold_0/DSSM-May-18-2025_21-19-17.pth",
    "data_set_name": "airlinesreviews",
    "algorithm_name": "DSSM",
    "algorithm_config_index": 0,
    "algorithm_configuration": {},
    "fold": 0,
    "evaluation_time": 0.05752158164978027,
    "NDCG@1": 0.11711711711711711,
    "HR@1": 0.11711711711711711,
    "Recall@1": 0.11711711711711711,
    "NDCG@3": 0.12355899925982618,
    "HR@3": 0.35135135135135137,
    "Recall@3": 0.30480480480480476,
    "NDCG@5": 0.11769113992618024,
    "HR@5": 0.5045045045045045,
    "Recall@5": 0.46996996996997004,
    "NDCG@10": 0.11897508183268063,
    "HR@10": 1.0,
    "Recall@10": 1.0,
    "NDCG@20": 0.07678263309516163,
    "HR@20": 1.0,
    "Recall@20": 1.0
}