{
    "model_file": "./data_sets/videogamessecond/checkpoint_FM/config_0/fold_3/FM-May-24-2025_02-10-15.pth",
    "data_set_name": "videogamessecond",
    "algorithm_name": "FM",
    "algorithm_config_index": 0,
    "algorithm_configuration": {
        "task": "rating",
        "epoch": 10,
        "lr": 0.05
    },
    "fold": 3,
    "evaluation_time": 0.017000198364257812,
    "NDCG@1": 0.037037037037037035,
    "HR@1": 0.037037037037037035,
    "Recall@1": 0.037037037037037035,
    "NDCG@3": 0.01738069355639839,
    "HR@3": 0.037037037037037035,
    "Recall@3": 0.037037037037037035,
    "NDCG@5": 0.017420936399479923,
    "HR@5": 0.07407407407407407,
    "Recall@5": 0.07407407407407407,
    "NDCG@10": 0.03133699747885643,
    "HR@10": 0.37037037037037035,
    "Recall@10": 0.37037037037037035,
    "NDCG@20": 0.025347507289408742,
    "HR@20": 0.5185185185185185,
    "Recall@20": 0.5185185185185185
}