{
    "61": [
        [
            2,
            1,
            0,
            3
        ],
        [
            0.9539065957069397,
            0.9480937123298645,
            -Infinity,
            -Infinity
        ]
    ],
    "17": [
        [
            1,
            0,
            2,
            3
        ],
        [
            0.9660133719444275,
            -Infinity,
            -Infinity,
            -Infinity
        ]
    ],
    "85": [
        [
            2,
            0,
            1,
            3
        ],
        [
            0.9808454513549805,
            -Infinity,
            -Infinity,
            -Infinity
        ]
    ],
    "12": [
        [
            2,
            0,
            1,
            3
        ],
        [
            0.9848892688751221,
            -Infinity,
            -Infinity,
            -Infinity
        ]
    ],
    "72": [
        [
            3,
            0,
            1,
            2
        ],
        [
            0.9668805003166199,
            -Infinity,
            -Infinity,
            -Infinity
        ]
    ],
    "77": [
        [
            3,
            0,
            1,
            2
        ],
        [
            0.9631907939910889,
            -Infinity,
            -Infinity,
            -Infinity
        ]
    ],
    "82": [
        [
            2,
            0,
            1,
            3
        ],
        [
            0.9910412430763245,
            -Infinity,
            -Infinity,
            -Infinity
        ]
    ],
    "5": [
        [
            3,
            0,
            1,
            2
        ],
        [
            0.9619539976119995,
            -Infinity,
            -Infinity,
            -Infinity
        ]
    ],
    "80": [
        [
            1,
            0,
            2,
            3
        ],
        [
            0.9890205264091492,
            -Infinity,
            -Infinity,
            -Infinity
        ]
    ],
    "79": [
        [
            2,
            3,
            0,
            1
        ],
        [
            0.989526629447937,
            0.9598431587219238,
            -Infinity,
            -Infinity
        ]
    ],
    "89": [
        [
            1,
            3,
            0,
            2
        ],
        [
            0.9906250238418579,
            0.9845134615898132,
            -Infinity,
            -Infinity
        ]
    ],
    "74": [
        [
            2,
            3,
            0,
            1
        ],
        [
            0.9858483076095581,
            0.9625363349914551,
            -Infinity,
            -Infinity
        ]
    ],
    "31": [
        [
            3,
            0,
            1,
            2
        ],
        [
            0.9806248545646667,
            -Infinity,
            -Infinity,
            -Infinity
        ]
    ],
    "27": [
        [
            1,
            0,
            2,
            3
        ],
        [
            0.9935112595558167,
            -Infinity,
            -Infinity,
            -Infinity
        ]
    ],
    "25": [
        [
            3,
            0,
            1,
            2
        ],
        [
            0.9820937514305115,
            -Infinity,
            -Infinity,
            -Infinity
        ]
    ],
    "59": [
        [
            3,
            0,
            1,
            2
        ],
        [
            0.9837954044342041,
            -Infinity,
            -Infinity,
            -Infinity
        ]
    ],
    "71": [
        [
            2,
            0,
            1,
            3
        ],
        [
            0.9457799792289734,
            -Infinity,
            -Infinity,
            -Infinity
        ]
    ],
    "91": [
        [
            2,
            0,
            1,
            3
        ],
        [
            0.9539986848831177,
            -Infinity,
            -Infinity,
            -Infinity
        ]
    ],
    "67": [
        [
            1,
            0,
            2,
            3
        ],
        [
            0.9874368906021118,
            -Infinity,
            -Infinity,
            -Infinity
        ]
    ],
    "23": [
        [
            1,
            0,
            2,
            3
        ],
        [
            0.9501431584358215,
            -Infinity,
            -Infinity,
            -Infinity
        ]
    ],
    "36": [
        [
            3,
            0,
            1,
            2
        ],
        [
            0.9693121910095215,
            -Infinity,
            -Infinity,
            -Infinity
        ]
    ],
    "28": [
        [
            1,
            0,
            2,
            3
        ],
        [
            0.9862750768661499,
            -Infinity,
            -Infinity,
            -Infinity
        ]
    ],
    "64": [
        [
            1,
            0,
            2,
            3
        ],
        [
            0.978240966796875,
            -Infinity,
            -Infinity,
            -Infinity
        ]
    ],
    "19": [
        [
            2,
            0,
            1,
            3
        ],
        [
            0.9584512710571289,
            -Infinity,
            -Infinity,
            -Infinity
        ]
    ],
    "69": [
        [
            2,
            0,
            1,
            3
        ],
        [
            0.9263350963592529,
            -Infinity,
            -Infinity,
            -Infinity
        ]
    ],
    "93": [
        [
            2,
            0,
            1,
            3
        ],
        [
            0.9695106148719788,
            -Infinity,
            -Infinity,
            -Infinity
        ]
    ],
    "90": [
        [
            3,
            0,
            1,
            2
        ],
        [
            0.9770137667655945,
            -Infinity,
            -Infinity,
            -Infinity
        ]
    ],
    "87": [
        [
            1,
            0,
            2,
            3
        ],
        [
            0.9896033406257629,
            -Infinity,
            -Infinity,
            -Infinity
        ]
    ],
    "51": [
        [
            2,
            0,
            1,
            3
        ],
        [
            0.9763729572296143,
            -Infinity,
            -Infinity,
            -Infinity
        ]
    ],
    "11": [
        [
            1,
            0,
            2,
            3
        ],
        [
            0.9574168920516968,
            -Infinity,
            -Infinity,
            -Infinity
        ]
    ],
    "86": [
        [
            2,
            0,
            1,
            3
        ],
        [
            0.9940041899681091,
            -Infinity,
            -Infinity,
            -Infinity
        ]
    ],
    "84": [
        [
            2,
            0,
            1,
            3
        ],
        [
            0.9826130867004395,
            -Infinity,
            -Infinity,
            -Infinity
        ]
    ],
    "42": [
        [
            2,
            3,
            0,
            1
        ],
        [
            0.9922518134117126,
            0.9686281085014343,
            -Infinity,
            -Infinity
        ]
    ],
    "30": [
        [
            2,
            3,
            0,
            1
        ],
        [
            0.9874996542930603,
            0.9155916571617126,
            -Infinity,
            -Infinity
        ]
    ],
    "33": [
        [
            3,
            0,
            1,
            2
        ],
        [
            0.9782226085662842,
            -Infinity,
            -Infinity,
            -Infinity
        ]
    ],
    "76": [
        [
            3,
            0,
            1,
            2
        ],
        [
            0.9637168645858765,
            -Infinity,
            -Infinity,
            -Infinity
        ]
    ],