{
    "model_file": "./data_sets/MovieLens-100K/checkpoint_FISM/config_0/fold_1/FISM-Apr-25-2025_18-57-25.pth",
    "data_set_name": "MovieLens-100K",
    "algorithm_name": "FISM",
    "algorithm_config_index": 0,
    "algorithm_configuration": {
        "embedding_size": 64,
        "learning_rate": 0.01,
        "split_to": 5
    },
    "fold": 1,
    "evaluation_time": 0.8639383316040039,
    "NDCG@1": 0.29254571026722925,
    "HR@1": 0.29254571026722925,
    "Recall@1": 0.29254571026722925,
    "NDCG@3": 0.26293156941767537,
    "HR@3": 0.549929676511955,
    "Recall@3": 0.2557430848570094,
    "NDCG@5": 0.26289416572109653,
    "HR@5": 0.6933895921237694,
    "Recall@5": 0.2589779653070789,
    "NDCG@10": 0.24368250917400344,
    "HR@10": 0.819971870604782,
    "Recall@10": 0.24040196012769832,
    "NDCG@20": 0.21214246425075145,
    "HR@20": 0.90014064697609,
    "Recall@20": 0.2379065714743892
}