{
    "model_file": "./data_sets/MovieLens-100K/checkpoint_SGL/config_0/fold_4/SGL-Apr-25-2025_16-57-49.pth",
    "data_set_name": "MovieLens-100K",
    "algorithm_name": "SGL",
    "algorithm_config_index": 0,
    "algorithm_configuration": {
        "embedding_size": 64
    },
    "fold": 4,
    "evaluation_time": 0.9647412300109863,
    "NDCG@1": 0.35443037974683544,
    "HR@1": 0.35443037974683544,
    "Recall@1": 0.35443037974683544,
    "NDCG@3": 0.33654704793552626,
    "HR@3": 0.6708860759493671,
    "Recall@3": 0.3309892170651672,
    "NDCG@5": 0.3257465284791465,
    "HR@5": 0.8016877637130801,
    "Recall@5": 0.3178387248007494,
    "NDCG@10": 0.2958317877810715,
    "HR@10": 0.8874824191279888,
    "Recall@10": 0.2913239791931775,
    "NDCG@20": 0.2620620300711764,
    "HR@20": 0.9578059071729957,
    "Recall@20": 0.3108199325384603
}