{
    "model_file": "./data_sets/videogamessecond/checkpoint_AFM/config_0/fold_2/AFM-May-24-2025_01-55-51.pth",
    "data_set_name": "videogamessecond",
    "algorithm_name": "AFM",
    "algorithm_config_index": 0,
    "algorithm_configuration": {},
    "fold": 2,
    "evaluation_time": 0.013506412506103516,
    "NDCG@1": 0.0,
    "HR@1": 0.0,
    "Recall@1": 0.0,
    "NDCG@3": 0.009024590885053009,
    "HR@3": 0.038461538461538464,
    "Recall@3": 0.038461538461538464,
    "NDCG@5": 0.022233023365546077,
    "HR@5": 0.15384615384615385,
    "Recall@5": 0.15384615384615385,
    "NDCG@10": 0.02026471822614878,
    "HR@10": 0.23076923076923078,
    "Recall@10": 0.23076923076923078,
    "NDCG@20": 0.026898873962096066,
    "HR@20": 0.6153846153846154,
    "Recall@20": 0.6153846153846154
}