{
    "model_file": "./data_sets/winesspa/checkpoint_EulerNet/config_0/fold_1/EulerNet-May-18-2025_21-03-25.pth",
    "data_set_name": "winesspa",
    "algorithm_name": "EulerNet",
    "algorithm_config_index": 0,
    "algorithm_configuration": {},
    "fold": 1,
    "evaluation_time": 0.04902791976928711,
    "NDCG@1": 0.01,
    "HR@1": 0.01,
    "Recall@1": 0.01,
    "NDCG@3": 0.06458147897216185,
    "HR@3": 0.25,
    "Recall@3": 0.08666666666666664,
    "NDCG@5": 0.06635551258074386,
    "HR@5": 0.34,
    "Recall@5": 0.08383333333333337,
    "NDCG@10": 0.05679147718277307,
    "HR@10": 0.47,
    "Recall@10": 0.08078968253968252,
    "NDCG@20": 0.06572223757626128,
    "HR@20": 0.8,
    "Recall@20": 0.17977379564879561
}