{
    "model_file": "./data_sets/starbucks/checkpoint_DSSM/config_0/fold_1/DSSM-May-24-2025_01-30-00.pth",
    "data_set_name": "starbucks",
    "algorithm_name": "DSSM",
    "algorithm_config_index": 0,
    "algorithm_configuration": {},
    "fold": 1,
    "evaluation_time": 0.021509647369384766,
    "NDCG@1": 0.0,
    "HR@1": 0.0,
    "Recall@1": 0.0,
    "NDCG@3": 0.0,
    "HR@3": 0.0,
    "Recall@3": 0.0,
    "NDCG@5": 0.0,
    "HR@5": 0.0,
    "Recall@5": 0.0,
    "NDCG@10": 0.0,
    "HR@10": 0.0,
    "Recall@10": 0.0,
    "NDCG@20": 0.0007269019866242063,
    "HR@20": 0.021739130434782608,
    "Recall@20": 0.021739130434782608
}