{
    "model_file": "./data_sets/winesspa/checkpoint_FwFM/config_0/fold_2/FwFM-May-18-2025_21-05-15.pth",
    "data_set_name": "winesspa",
    "algorithm_name": "FwFM",
    "algorithm_config_index": 0,
    "algorithm_configuration": {},
    "fold": 2,
    "evaluation_time": 0.036402225494384766,
    "NDCG@1": 0.32,
    "HR@1": 0.32,
    "Recall@1": 0.32,
    "NDCG@3": 0.3110062343829583,
    "HR@3": 0.6,
    "Recall@3": 0.31333333333333335,
    "NDCG@5": 0.3126081702606017,
    "HR@5": 0.82,
    "Recall@5": 0.3183333333333332,
    "NDCG@10": 0.2918111716183386,
    "HR@10": 0.92,
    "Recall@10": 0.36932936507936504,
    "NDCG@20": 0.25136550092465854,
    "HR@20": 1.0,
    "Recall@20": 0.5808414085914085
}