{
    "model_file": "./data_sets/MovieLens-100K/checkpoint_ENMF/config_0/fold_1/ENMF-Apr-25-2025_15-08-14.pth",
    "data_set_name": "MovieLens-100K",
    "algorithm_name": "ENMF",
    "algorithm_config_index": 0,
    "algorithm_configuration": {
        "embedding_size": 64,
        "learning_rate": 0.01
    },
    "fold": 1,
    "evaluation_time": 0.8325862884521484,
    "NDCG@1": 0.4289732770745429,
    "HR@1": 0.4289732770745429,
    "Recall@1": 0.4289732770745429,
    "NDCG@3": 0.3865042778162164,
    "HR@3": 0.6624472573839663,
    "Recall@3": 0.3731833098921711,
    "NDCG@5": 0.35162893306935483,
    "HR@5": 0.7538677918424754,
    "Recall@5": 0.3286685419596804,
    "NDCG@10": 0.31160549661516246,
    "HR@10": 0.8748241912798875,
    "Recall@10": 0.29309322885272215,
    "NDCG@20": 0.26774963734868745,
    "HR@20": 0.9493670886075949,
    "Recall@20": 0.2967169174449293
}