{
    "model_file": "./data_sets/MovieLens-100K/checkpoint_SGL/config_0/fold_1/SGL-Apr-25-2025_16-19-58.pth",
    "data_set_name": "MovieLens-100K",
    "algorithm_name": "SGL",
    "algorithm_config_index": 0,
    "algorithm_configuration": {
        "embedding_size": 64
    },
    "fold": 1,
    "evaluation_time": 0.8676290512084961,
    "NDCG@1": 0.38677918424753865,
    "HR@1": 0.38677918424753865,
    "Recall@1": 0.38677918424753865,
    "NDCG@3": 0.3532205405466066,
    "HR@3": 0.6835443037974683,
    "Recall@3": 0.3436474449132682,
    "NDCG@5": 0.330261919059045,
    "HR@5": 0.8030942334739803,
    "Recall@5": 0.31497890295358577,
    "NDCG@10": 0.298633459291697,
    "HR@10": 0.8973277074542897,
    "Recall@10": 0.29158406447435986,
    "NDCG@20": 0.2617859279717735,
    "HR@20": 0.9535864978902954,
    "Recall@20": 0.31008577522062064
}