{
    "model_file": "./data_sets/hotelssecond/checkpoint_LR/config_0/fold_2/LR-May-23-2025_16-22-32.pth",
    "data_set_name": "hotelssecond",
    "algorithm_name": "LR",
    "algorithm_config_index": 0,
    "algorithm_configuration": {},
    "fold": 2,
    "evaluation_time": 0.0,
    "NDCG@1": 0.0,
    "HR@1": 0.0,
    "Recall@1": 0.0,
    "NDCG@3": 0.23463936301137822,
    "HR@3": 1.0,
    "Recall@3": 1.0,
    "NDCG@5": 0.16958010263680806,
    "HR@5": 1.0,
    "Recall@5": 1.0,
    "NDCG@10": 0.1100458831490401,
    "HR@10": 1.0,
    "Recall@10": 1.0,
    "NDCG@20": 0.07102001981682865,
    "HR@20": 1.0,
    "Recall@20": 1.0
}