{
    "model_file": "./data_sets/productssecond/checkpoint_AutoInt/config_0/fold_1/AutoInt-May-24-2025_00-52-46.pth",
    "data_set_name": "productssecond",
    "algorithm_name": "AutoInt",
    "algorithm_config_index": 0,
    "algorithm_configuration": {},
    "fold": 1,
    "evaluation_time": 0.002004384994506836,
    "NDCG@1": 0.0,
    "HR@1": 0.0,
    "Recall@1": 0.0,
    "NDCG@3": 0.1480409554829326,
    "HR@3": 0.5,
    "Recall@3": 0.5,
    "NDCG@5": 0.180027307288617,
    "HR@5": 1.0,
    "Recall@5": 1.0,
    "NDCG@10": 0.11682540412155268,
    "HR@10": 1.0,
    "Recall@10": 1.0,
    "NDCG@20": 0.07539530129068765,
    "HR@20": 1.0,
    "Recall@20": 1.0
}