{
    "model_file": "./data_sets/videogamessecond/checkpoint_NFM/config_0/fold_4/NFM-May-24-2025_01-55-17.pth",
    "data_set_name": "videogamessecond",
    "algorithm_name": "NFM",
    "algorithm_config_index": 0,
    "algorithm_configuration": {
        "n_factors": 15,
        "n_epochs": 10
    },
    "fold": 4,
    "evaluation_time": 0.014755964279174805,
    "NDCG@1": 0.0,
    "HR@1": 0.0,
    "Recall@1": 0.0,
    "NDCG@3": 0.0,
    "HR@3": 0.0,
    "Recall@3": 0.0,
    "NDCG@5": 0.0,
    "HR@5": 0.0,
    "Recall@5": 0.0,
    "NDCG@10": 0.0136544493767172,
    "HR@10": 0.20689655172413793,
    "Recall@10": 0.20689655172413793,
    "NDCG@20": 0.021820578042472654,
    "HR@20": 0.5862068965517241,
    "Recall@20": 0.5862068965517241
}