{
    "model_file": "./data_sets/MovieLens-100K/checkpoint_LightGCN/config_0/fold_2/LightGCN-Apr-25-2025_15-38-09.pth",
    "data_set_name": "MovieLens-100K",
    "algorithm_name": "LightGCN",
    "algorithm_config_index": 0,
    "algorithm_configuration": {
        "embedding_size": 64,
        "learning_rate": 0.01
    },
    "fold": 2,
    "evaluation_time": 0.8490536212921143,
    "NDCG@1": 0.4149085794655415,
    "HR@1": 0.4149085794655415,
    "Recall@1": 0.4149085794655415,
    "NDCG@3": 0.3739406082689259,
    "HR@3": 0.6863572433192686,
    "Recall@3": 0.3633380215658698,
    "NDCG@5": 0.3519291805665023,
    "HR@5": 0.7946554149085795,
    "Recall@5": 0.3368260665729014,
    "NDCG@10": 0.3188365693983646,
    "HR@10": 0.9156118143459916,
    "Recall@10": 0.3117177907262295,
    "NDCG@20": 0.2794916367138217,
    "HR@20": 0.9704641350210971,
    "Recall@20": 0.3315854329358404
}