{
    "model_file": "./data_sets/productssecond/checkpoint_DSSM/config_0/fold_2/DSSM-May-24-2025_00-50-32.pth",
    "data_set_name": "productssecond",
    "algorithm_name": "DSSM",
    "algorithm_config_index": 0,
    "algorithm_configuration": {},
    "fold": 2,
    "evaluation_time": 0.0020051002502441406,
    "NDCG@1": 0.0,
    "HR@1": 0.0,
    "Recall@1": 0.0,
    "NDCG@3": 0.11731968150568911,
    "HR@3": 0.5,
    "Recall@3": 0.5,
    "NDCG@5": 0.08479005131840403,
    "HR@5": 0.5,
    "Recall@5": 0.5,
    "NDCG@10": 0.08973855254290869,
    "HR@10": 1.0,
    "Recall@10": 1.0,
    "NDCG@20": 0.057914331709250186,
    "HR@20": 1.0,
    "Recall@20": 1.0
}