{
    "2126": [
        [
            10,
            8,
            3,
            6,
            1,
            7,
            5,
            9,
            4,
            0,
            2
        ],
        [
            0.7310504913330078,
            0.7310484051704407,
            0.7310475707054138,
            0.7310453057289124,
            0.2732042074203491,
            0.2731871008872986,
            0.27245032787323,
            0.2722912132740021,
            0.27229052782058716,
            -Infinity,
            -Infinity
        ]
    ],
    "8400": [
        [
            6,
            8,
            3,
            10,
            1,
            7,
            5,
            4,
            9,
            0,
            2
        ],
        [
            0.7310095429420471,
            0.7310087084770203,
            0.7310083508491516,
            0.7310039401054382,
            0.27375999093055725,
            0.27374494075775146,
            0.2730206847190857,
            0.27286139130592346,
            0.272861123085022,
            -Infinity,
            -Infinity
        ]
    ]
}