{
    "model_file": "./data_sets/MovieLens-100K/checkpoint_NCEPLRec/config_0/fold_3/NCEPLRec-Apr-25-2025_20-52-25.pth",
    "data_set_name": "MovieLens-100K",
    "algorithm_name": "NCEPLRec",
    "algorithm_config_index": 0,
    "algorithm_configuration": {
        "epochs": 1,
        "rank": 450
    },
    "fold": 3,
    "evaluation_time": 0.8692934513092041,
    "NDCG@1": 0.2348804500703235,
    "HR@1": 0.2348804500703235,
    "Recall@1": 0.2348804500703235,
    "NDCG@3": 0.2045824864939747,
    "HR@3": 0.4613220815752461,
    "Recall@3": 0.19503047351148609,
    "NDCG@5": 0.18960560997518744,
    "HR@5": 0.5808720112517581,
    "Recall@5": 0.1778012189404605,
    "NDCG@10": 0.16455262369279197,
    "HR@10": 0.7468354430379747,
    "Recall@10": 0.15694081664545795,
    "NDCG@20": 0.14297956477286125,
    "HR@20": 0.8762306610407876,
    "Recall@20": 0.17090851051152064
}