{
    "model_file": "./data_sets/videogamessecond/checkpoint_AFM/config_0/fold_4/AFM-May-24-2025_01-56-12.pth",
    "data_set_name": "videogamessecond",
    "algorithm_name": "AFM",
    "algorithm_config_index": 0,
    "algorithm_configuration": {},
    "fold": 4,
    "evaluation_time": 0.014508962631225586,
    "NDCG@1": 0.0,
    "HR@1": 0.0,
    "Recall@1": 0.0,
    "NDCG@3": 0.0,
    "HR@3": 0.0,
    "Recall@3": 0.0,
    "NDCG@5": 0.0045243130176669585,
    "HR@5": 0.034482758620689655,
    "Recall@5": 0.034482758620689655,
    "NDCG@10": 0.007659580273790786,
    "HR@10": 0.10344827586206896,
    "Recall@10": 0.10344827586206896,
    "NDCG@20": 0.016752555784930925,
    "HR@20": 0.4482758620689655,
    "Recall@20": 0.4482758620689655
}