{
    "model_file": "./data_sets/winesspa/checkpoint_AFM/config_0/fold_4/AFM-May-18-2025_20-59-29.pth",
    "data_set_name": "winesspa",
    "algorithm_name": "AFM",
    "algorithm_config_index": 0,
    "algorithm_configuration": {},
    "fold": 4,
    "evaluation_time": 0.042571306228637695,
    "NDCG@1": 0.0,
    "HR@1": 0.0,
    "Recall@1": 0.0,
    "NDCG@3": 0.05927426623238941,
    "HR@3": 0.25,
    "Recall@3": 0.0833333333333333,
    "NDCG@5": 0.06383189968215393,
    "HR@5": 0.4,
    "Recall@5": 0.08250000000000003,
    "NDCG@10": 0.07207961471609925,
    "HR@10": 0.61,
    "Recall@10": 0.11426984126984126,
    "NDCG@20": 0.07698499465828842,
    "HR@20": 0.85,
    "Recall@20": 0.2216413725163725
}