{
    "model_file": "./data_sets/ryanairreviews/checkpoint_FwFM/config_0/fold_1/FwFM-May-18-2025_21-59-03.pth",
    "data_set_name": "ryanairreviews",
    "algorithm_name": "FwFM",
    "algorithm_config_index": 0,
    "algorithm_configuration": {},
    "fold": 1,
    "evaluation_time": 0.02172565460205078,
    "NDCG@1": 0.9032258064516129,
    "HR@1": 0.9032258064516129,
    "Recall@1": 0.9032258064516129,
    "NDCG@3": 0.5878551140066071,
    "HR@3": 1.0,
    "Recall@3": 0.9919354838709677,
    "NDCG@5": 0.4272144528842973,
    "HR@5": 1.0,
    "Recall@5": 1.0,
    "NDCG@10": 0.2772329479147404,
    "HR@10": 1.0,
    "Recall@10": 1.0,
    "NDCG@20": 0.1789170925014691,
    "HR@20": 1.0,
    "Recall@20": 1.0
}