{
    "model_file": "./data_sets/products/checkpoint_AFM/config_0/fold_2/AFM-May-23-2025_17-19-06.pth",
    "data_set_name": "products",
    "algorithm_name": "AFM",
    "algorithm_config_index": 0,
    "algorithm_configuration": {},
    "fold": 2,
    "evaluation_time": 0.03619885444641113,
    "NDCG@1": 0.0,
    "HR@1": 0.0,
    "Recall@1": 0.0,
    "NDCG@3": 0.0042910421879110905,
    "HR@3": 0.014492753623188406,
    "Recall@3": 0.014492753623188406,
    "NDCG@5": 0.009021228544955327,
    "HR@5": 0.057971014492753624,
    "Recall@5": 0.057971014492753624,
    "NDCG@10": 0.015678265537346553,
    "HR@10": 0.2028985507246377,
    "Recall@10": 0.2028985507246377,
    "NDCG@20": 0.012586571981185523,
    "HR@20": 0.2753623188405797,
    "Recall@20": 0.2753623188405797
}