{
    "model_file": "./data_sets/MovieLens-100K/checkpoint_Random/config_0/fold_1/Random-Apr-25-2025_21-43-25.pth",
    "data_set_name": "MovieLens-100K",
    "algorithm_name": "Random",
    "algorithm_config_index": 0,
    "algorithm_configuration": {
        "epochs": 1
    },
    "fold": 1,
    "evaluation_time": 0.8810527324676514,
    "NDCG@1": 0.046413502109704644,
    "HR@1": 0.046413502109704644,
    "Recall@1": 0.046413502109704644,
    "NDCG@3": 0.04533704551759687,
    "HR@3": 0.12376933895921238,
    "Recall@3": 0.04500703234880444,
    "NDCG@5": 0.04485917165786591,
    "HR@5": 0.189873417721519,
    "Recall@5": 0.04416315049226432,
    "NDCG@10": 0.041870448006931425,
    "HR@10": 0.29957805907172996,
    "Recall@10": 0.04096454803205863,
    "NDCG@20": 0.04085677662547771,
    "HR@20": 0.4641350210970464,
    "Recall@20": 0.045777953876803085
}