{
    "model_file": "./data_sets/rottentomatoesmovies/checkpoint_LR/config_0/fold_3/LR-May-18-2025_21-38-14.pth",
    "data_set_name": "rottentomatoesmovies",
    "algorithm_name": "LR",
    "algorithm_config_index": 0,
    "algorithm_configuration": {},
    "fold": 3,
    "evaluation_time": 0.04720449447631836,
    "NDCG@1": 0.0,
    "HR@1": 0.0,
    "Recall@1": 0.0,
    "NDCG@3": 0.0029608191096586523,
    "HR@3": 0.01,
    "Recall@3": 0.003333333333333333,
    "NDCG@5": 0.004912596920895757,
    "HR@5": 0.03,
    "Recall@5": 0.006000000000000001,
    "NDCG@10": 0.00466623416800179,
    "HR@10": 0.05,
    "Recall@10": 0.005,
    "NDCG@20": 0.0030114351722965,
    "HR@20": 0.05,
    "Recall@20": 0.0025
}