{
    "model_file": "./data_sets/animes/checkpoint_FwFM/config_0/fold_3/FwFM-May-23-2025_14-12-29.pth",
    "data_set_name": "animes",
    "algorithm_name": "FwFM",
    "algorithm_config_index": 0,
    "algorithm_configuration": {},
    "fold": 3,
    "evaluation_time": 0.21300578117370605,
    "NDCG@1": 0.0,
    "HR@1": 0.0,
    "Recall@1": 0.0,
    "NDCG@3": 0.0006917801658080963,
    "HR@3": 0.002336448598130841,
    "Recall@3": 0.002336448598130841,
    "NDCG@5": 0.0008412490994795187,
    "HR@5": 0.004672897196261682,
    "Recall@5": 0.004672897196261682,
    "NDCG@10": 0.0010744826358346574,
    "HR@10": 0.011682242990654205,
    "Recall@10": 0.011682242990654205,
    "NDCG@20": 0.001344850921864362,
    "HR@20": 0.030373831775700934,
    "Recall@20": 0.030373831775700934
}