{
    "model_file": "./data_sets/clothes/checkpoint_AFM/config_0/fold_2/AFM-May-23-2025_15-33-12.pth",
    "data_set_name": "clothes",
    "algorithm_name": "AFM",
    "algorithm_config_index": 0,
    "algorithm_configuration": {},
    "fold": 2,
    "evaluation_time": 0.003773212432861328,
    "NDCG@1": 0.3333333333333333,
    "HR@1": 0.3333333333333333,
    "Recall@1": 0.3333333333333333,
    "NDCG@3": 0.15642624200758548,
    "HR@3": 0.3333333333333333,
    "Recall@3": 0.3333333333333333,
    "NDCG@5": 0.11305340175787204,
    "HR@5": 0.3333333333333333,
    "Recall@5": 0.3333333333333333,
    "NDCG@10": 0.07336392209936006,
    "HR@10": 0.3333333333333333,
    "Recall@10": 0.3333333333333333,
    "NDCG@20": 0.04734667987788577,
    "HR@20": 0.3333333333333333,
    "Recall@20": 0.3333333333333333
}