{
    "model_file": "./data_sets/airlinesreviews/checkpoint_LR/config_0/fold_0/LR-May-18-2025_21-16-16.pth",
    "data_set_name": "airlinesreviews",
    "algorithm_name": "LR",
    "algorithm_config_index": 0,
    "algorithm_configuration": {},
    "fold": 0,
    "evaluation_time": 0.05926704406738281,
    "NDCG@1": 0.2072072072072072,
    "HR@1": 0.2072072072072072,
    "Recall@1": 0.2072072072072072,
    "NDCG@3": 0.1615083479571076,
    "HR@3": 0.40540540540540543,
    "Recall@3": 0.3753753753753754,
    "NDCG@5": 0.16510181308427807,
    "HR@5": 0.7297297297297297,
    "Recall@5": 0.6861861861861861,
    "NDCG@10": 0.13389136015450007,
    "HR@10": 1.0,
    "Recall@10": 1.0,
    "NDCG@20": 0.08640911208460472,
    "HR@20": 1.0,
    "Recall@20": 1.0
}