{
    "model_file": "./data_sets/MovieLens-100K/checkpoint_ConvNCF/config_0/fold_3/ConvNCF-Apr-25-2025_18-18-27.pth",
    "data_set_name": "MovieLens-100K",
    "algorithm_name": "ConvNCF",
    "algorithm_config_index": 0,
    "algorithm_configuration": {
        "embedding_size": 64,
        "learning_rate": 0.01
    },
    "fold": 3,
    "evaluation_time": 0.8701775074005127,
    "NDCG@1": 0.170182841068917,
    "HR@1": 0.170182841068917,
    "Recall@1": 0.170182841068917,
    "NDCG@3": 0.16509926092891022,
    "HR@3": 0.3909985935302391,
    "Recall@3": 0.16455696202531608,
    "NDCG@5": 0.15866745930988238,
    "HR@5": 0.5021097046413502,
    "Recall@5": 0.15609470229723463,
    "NDCG@10": 0.1499607857290371,
    "HR@10": 0.6680731364275668,
    "Recall@10": 0.15106657290201567,
    "NDCG@20": 0.14182930627322363,
    "HR@20": 0.8481012658227848,
    "Recall@20": 0.17310230080131855
}