{
    "model_file": "./data_sets/winesspa/checkpoint_FM/config_0/fold_4/FM-May-18-2025_21-04-21.pth",
    "data_set_name": "winesspa",
    "algorithm_name": "FM",
    "algorithm_config_index": 0,
    "algorithm_configuration": {
        "task": "rating",
        "epoch": 10,
        "lr": 0.05
    },
    "fold": 4,
    "evaluation_time": 0.02570033073425293,
    "NDCG@1": 0.56,
    "HR@1": 0.56,
    "Recall@1": 0.56,
    "NDCG@3": 0.5286598407528446,
    "HR@3": 0.88,
    "Recall@3": 0.5233333333333331,
    "NDCG@5": 0.527422115078774,
    "HR@5": 0.99,
    "Recall@5": 0.5309999999999998,
    "NDCG@10": 0.46553498276196625,
    "HR@10": 1.0,
    "Recall@10": 0.5771111111111109,
    "NDCG@20": 0.31602670319811826,
    "HR@20": 1.0,
    "Recall@20": 0.6103523143523142
}