{
    "model_file": "./data_sets/videogamessecond/checkpoint_DeepFM/config_0/fold_3/DeepFM-May-24-2025_01-59-25.pth",
    "data_set_name": "videogamessecond",
    "algorithm_name": "DeepFM",
    "algorithm_config_index": 0,
    "algorithm_configuration": {},
    "fold": 3,
    "evaluation_time": 0.01600050926208496,
    "NDCG@1": 0.037037037037037035,
    "HR@1": 0.037037037037037035,
    "Recall@1": 0.037037037037037035,
    "NDCG@3": 0.01738069355639839,
    "HR@3": 0.037037037037037035,
    "Recall@3": 0.037037037037037035,
    "NDCG@5": 0.012561489084208004,
    "HR@5": 0.037037037037037035,
    "Recall@5": 0.037037037037037035,
    "NDCG@10": 0.013772368791707986,
    "HR@10": 0.1111111111111111,
    "Recall@10": 0.1111111111111111,
    "NDCG@20": 0.02120170185953716,
    "HR@20": 0.4444444444444444,
    "Recall@20": 0.4444444444444444
}