{
    "model_file": "./data_sets/ryanairreviews/checkpoint_FM/config_0/fold_0/FM-May-18-2025_21-58-01.pth",
    "data_set_name": "ryanairreviews",
    "algorithm_name": "FM",
    "algorithm_config_index": 0,
    "algorithm_configuration": {
        "task": "rating",
        "epoch": 10,
        "lr": 0.05
    },
    "fold": 0,
    "evaluation_time": 0.021134614944458008,
    "NDCG@1": 0.875,
    "HR@1": 0.875,
    "Recall@1": 0.875,
    "NDCG@3": 0.56389832202327,
    "HR@3": 1.0,
    "Recall@3": 0.9947916666666667,
    "NDCG@5": 0.4121089375287015,
    "HR@5": 1.0,
    "Recall@5": 1.0,
    "NDCG@10": 0.2674305020388342,
    "HR@10": 1.0,
    "Recall@10": 1.0,
    "NDCG@20": 0.17259091399811344,
    "HR@20": 1.0,
    "Recall@20": 1.0
}