{
    "model_file": "./data_sets/clothes/checkpoint_LR/config_0/fold_3/LR-May-23-2025_15-32-04.pth",
    "data_set_name": "clothes",
    "algorithm_name": "LR",
    "algorithm_config_index": 0,
    "algorithm_configuration": {},
    "fold": 3,
    "evaluation_time": 0.001997709274291992,
    "NDCG@1": 0.0,
    "HR@1": 0.0,
    "Recall@1": 0.0,
    "NDCG@3": 0.029329920376422278,
    "HR@3": 0.125,
    "Recall@3": 0.125,
    "NDCG@5": 0.021197512829601008,
    "HR@5": 0.125,
    "Recall@5": 0.125,
    "NDCG@10": 0.013755735393630012,
    "HR@10": 0.125,
    "Recall@10": 0.125,
    "NDCG@20": 0.01354084627290916,
    "HR@20": 0.25,
    "Recall@20": 0.25
}