{
    "model_file": "./data_sets/MovieLens-100K/checkpoint_NCL/config_0/fold_2/NCL-Apr-25-2025_21-00-48.pth",
    "data_set_name": "MovieLens-100K",
    "algorithm_name": "NCL",
    "algorithm_config_index": 0,
    "algorithm_configuration": {
        "embedding_size": 64,
        "num_clusters": 100
    },
    "fold": 2,
    "evaluation_time": 0.9138994216918945,
    "NDCG@1": 0.46554149085794655,
    "HR@1": 0.46554149085794655,
    "Recall@1": 0.46554149085794655,
    "NDCG@3": 0.4235753389398741,
    "HR@3": 0.7313642756680732,
    "Recall@3": 0.41022034692920734,
    "NDCG@5": 0.4001308335476114,
    "HR@5": 0.8312236286919831,
    "Recall@5": 0.3834974214721048,
    "NDCG@10": 0.35886068033764074,
    "HR@10": 0.9226441631504922,
    "Recall@10": 0.34860859955796714,
    "NDCG@20": 0.31697096046317674,
    "HR@20": 0.9732770745428974,
    "Recall@20": 0.37396782471422296
}