{
    "model_file": "./data_sets/products/checkpoint_FM/config_0/fold_0/FM-May-23-2025_17-38-40.pth",
    "data_set_name": "products",
    "algorithm_name": "FM",
    "algorithm_config_index": 0,
    "algorithm_configuration": {
        "task": "rating",
        "epoch": 10,
        "lr": 0.05
    },
    "fold": 0,
    "evaluation_time": 0.029518604278564453,
    "NDCG@1": 0.0,
    "HR@1": 0.0,
    "Recall@1": 0.0,
    "NDCG@3": 0.010036674947995431,
    "HR@3": 0.03389830508474576,
    "Recall@3": 0.03389830508474576,
    "NDCG@5": 0.014177136175193984,
    "HR@5": 0.0847457627118644,
    "Recall@5": 0.0847457627118644,
    "NDCG@10": 0.013812306438346255,
    "HR@10": 0.15254237288135594,
    "Recall@10": 0.15254237288135594,
    "NDCG@20": 0.015849103389059743,
    "HR@20": 0.3389830508474576,
    "Recall@20": 0.3389830508474576
}