{
    "model_file": "./data_sets/ryanairreviews/checkpoint_DSSM/config_0/fold_1/DSSM-May-18-2025_21-55-35.pth",
    "data_set_name": "ryanairreviews",
    "algorithm_name": "DSSM",
    "algorithm_config_index": 0,
    "algorithm_configuration": {},
    "fold": 1,
    "evaluation_time": 0.03134799003601074,
    "NDCG@1": 0.22580645161290322,
    "HR@1": 0.22580645161290322,
    "Recall@1": 0.22580645161290322,
    "NDCG@3": 0.3138410951163901,
    "HR@3": 0.9516129032258065,
    "Recall@3": 0.782258064516129,
    "NDCG@5": 0.2887535980518411,
    "HR@5": 1.0,
    "Recall@5": 0.9946236559139785,
    "NDCG@10": 0.18864581547585355,
    "HR@10": 1.0,
    "Recall@10": 1.0,
    "NDCG@20": 0.12174584973171516,
    "HR@20": 1.0,
    "Recall@20": 1.0
}