{
    "model_file": "./data_sets/clothes/checkpoint_WideDeep/config_0/fold_4/WideDeep-May-23-2025_15-45-06.pth",
    "data_set_name": "clothes",
    "algorithm_name": "WideDeep",
    "algorithm_config_index": 0,
    "algorithm_configuration": {},
    "fold": 4,
    "evaluation_time": 0.00451970100402832,
    "NDCG@1": 0.0,
    "HR@1": 0.0,
    "Recall@1": 0.0,
    "NDCG@3": 0.0,
    "HR@3": 0.0,
    "Recall@3": 0.0,
    "NDCG@5": 0.0,
    "HR@5": 0.0,
    "Recall@5": 0.0,
    "NDCG@10": 0.009918745990968184,
    "HR@10": 0.14285714285714285,
    "Recall@10": 0.14285714285714285,
    "NDCG@20": 0.011178019283769316,
    "HR@20": 0.2857142857142857,
    "Recall@20": 0.2857142857142857
}