{
    "model_file": "./data_sets/animes/checkpoint_FwFM/config_0/fold_4/FwFM-May-23-2025_14-13-07.pth",
    "data_set_name": "animes",
    "algorithm_name": "FwFM",
    "algorithm_config_index": 0,
    "algorithm_configuration": {},
    "fold": 4,
    "evaluation_time": 0.2236020565032959,
    "NDCG@1": 0.002173913043478261,
    "HR@1": 0.002173913043478261,
    "Recall@1": 0.002173913043478261,
    "NDCG@3": 0.0021739130434782605,
    "HR@3": 0.006521739130434782,
    "Recall@3": 0.006521739130434782,
    "NDCG@5": 0.0024914529344406662,
    "HR@5": 0.013043478260869565,
    "Recall@5": 0.013043478260869565,
    "NDCG@10": 0.0019357560519567773,
    "HR@10": 0.017391304347826087,
    "Recall@10": 0.017391304347826087,
    "NDCG@20": 0.0017083991478971125,
    "HR@20": 0.030434782608695653,
    "Recall@20": 0.030434782608695653
}