{
    "model_file": "./data_sets/airlinesreviews/checkpoint_DSSM/config_0/fold_1/DSSM-May-18-2025_21-19-29.pth",
    "data_set_name": "airlinesreviews",
    "algorithm_name": "DSSM",
    "algorithm_config_index": 0,
    "algorithm_configuration": {},
    "fold": 1,
    "evaluation_time": 0.05225253105163574,
    "NDCG@1": 0.12280701754385964,
    "HR@1": 0.12280701754385964,
    "Recall@1": 0.12280701754385964,
    "NDCG@3": 0.12182671695524203,
    "HR@3": 0.35964912280701755,
    "Recall@3": 0.34649122807017546,
    "NDCG@5": 0.12453075130626036,
    "HR@5": 0.6140350877192983,
    "Recall@5": 0.5964912280701754,
    "NDCG@10": 0.1134219360704302,
    "HR@10": 1.0,
    "Recall@10": 1.0,
    "NDCG@20": 0.07319881413896652,
    "HR@20": 1.0,
    "Recall@20": 1.0
}