{
    "model_file": "./data_sets/MovieLens-100K/checkpoint_ConvNCF/config_0/fold_4/ConvNCF-Apr-25-2025_18-30-34.pth",
    "data_set_name": "MovieLens-100K",
    "algorithm_name": "ConvNCF",
    "algorithm_config_index": 0,
    "algorithm_configuration": {
        "embedding_size": 64,
        "learning_rate": 0.01
    },
    "fold": 4,
    "evaluation_time": 0.985905647277832,
    "NDCG@1": 0.18143459915611815,
    "HR@1": 0.18143459915611815,
    "Recall@1": 0.18143459915611815,
    "NDCG@3": 0.17355373466844123,
    "HR@3": 0.40365682137834036,
    "Recall@3": 0.1715893108298167,
    "NDCG@5": 0.17101735919638691,
    "HR@5": 0.5428973277074542,
    "Recall@5": 0.16877637130801773,
    "NDCG@10": 0.16160683469910195,
    "HR@10": 0.7130801687763713,
    "Recall@10": 0.16204150202040496,
    "NDCG@20": 0.15276257115944575,
    "HR@20": 0.8720112517580872,
    "Recall@20": 0.18305599705254877
}