{
    "model_file": "./data_sets/MovieLens-100K/checkpoint_ConvNCF/config_0/fold_1/ConvNCF-Apr-25-2025_17-53-06.pth",
    "data_set_name": "MovieLens-100K",
    "algorithm_name": "ConvNCF",
    "algorithm_config_index": 0,
    "algorithm_configuration": {
        "embedding_size": 64,
        "learning_rate": 0.01
    },
    "fold": 1,
    "evaluation_time": 0.8578226566314697,
    "NDCG@1": 0.22784810126582278,
    "HR@1": 0.22784810126582278,
    "Recall@1": 0.22784810126582278,
    "NDCG@3": 0.20162050918992327,
    "HR@3": 0.4542897327707454,
    "Recall@3": 0.19573370839193607,
    "NDCG@5": 0.1953689678069018,
    "HR@5": 0.5808720112517581,
    "Recall@5": 0.18931082981715977,
    "NDCG@10": 0.18140369417870525,
    "HR@10": 0.7665260196905767,
    "Recall@10": 0.1812280936753509,
    "NDCG@20": 0.16821624320845951,
    "HR@20": 0.8917018284106891,
    "Recall@20": 0.20033374940479387
}