{
    "model_file": "./data_sets/MovieLens-100K/checkpoint_BPR/config_0/fold_3/BPR-Apr-25-2025_15-05-12.pth",
    "data_set_name": "MovieLens-100K",
    "algorithm_name": "BPR",
    "algorithm_config_index": 0,
    "algorithm_configuration": {
        "embedding_size": 64,
        "learning_rate": 0.01
    },
    "fold": 3,
    "evaluation_time": 0.8861374855041504,
    "NDCG@1": 0.2517580872011252,
    "HR@1": 0.2517580872011252,
    "Recall@1": 0.2517580872011252,
    "NDCG@3": 0.24051447032900375,
    "HR@3": 0.5218002812939522,
    "Recall@3": 0.2390998593530243,
    "NDCG@5": 0.23878867499117518,
    "HR@5": 0.6765119549929677,
    "Recall@5": 0.23771683075480546,
    "NDCG@10": 0.22750659140080182,
    "HR@10": 0.8481012658227848,
    "Recall@10": 0.23317817516129724,
    "NDCG@20": 0.20707477725805298,
    "HR@20": 0.9493670886075949,
    "Recall@20": 0.2594907733811864
}