{
    "model_file": "./data_sets/products/checkpoint_FM/config_0/fold_3/FM-May-23-2025_17-39-20.pth",
    "data_set_name": "products",
    "algorithm_name": "FM",
    "algorithm_config_index": 0,
    "algorithm_configuration": {
        "task": "rating",
        "epoch": 10,
        "lr": 0.05
    },
    "fold": 3,
    "evaluation_time": 0.039034128189086914,
    "NDCG@1": 0.0,
    "HR@1": 0.0,
    "Recall@1": 0.0,
    "NDCG@3": 0.00800221380988825,
    "HR@3": 0.02702702702702703,
    "Recall@3": 0.02702702702702703,
    "NDCG@5": 0.009329495736401874,
    "HR@5": 0.05405405405405406,
    "Recall@5": 0.05405405405405406,
    "NDCG@10": 0.014564490210527727,
    "HR@10": 0.17567567567567569,
    "Recall@10": 0.17567567567567569,
    "NDCG@20": 0.011810464101492151,
    "HR@20": 0.24324324324324326,
    "Recall@20": 0.24324324324324326
}