{
    "model_file": "./data_sets/ryanairreviews/checkpoint_DSSM/config_0/fold_4/DSSM-May-18-2025_21-55-55.pth",
    "data_set_name": "ryanairreviews",
    "algorithm_name": "DSSM",
    "algorithm_config_index": 0,
    "algorithm_configuration": {},
    "fold": 4,
    "evaluation_time": 0.020854473114013672,
    "NDCG@1": 0.12121212121212122,
    "HR@1": 0.12121212121212122,
    "Recall@1": 0.12121212121212122,
    "NDCG@3": 0.2999811079304292,
    "HR@3": 0.9393939393939394,
    "Recall@3": 0.7777777777777778,
    "NDCG@5": 0.27742150225966705,
    "HR@5": 1.0,
    "Recall@5": 1.0,
    "NDCG@10": 0.1800275724922932,
    "HR@10": 1.0,
    "Recall@10": 1.0,
    "NDCG@20": 0.11618391710903131,
    "HR@20": 1.0,
    "Recall@20": 1.0
}