{
    "model_file": "./data_sets/MovieLens-100K/checkpoint_MultiVAE/config_0/fold_3/MultiVAE-Apr-25-2025_15-47-38.pth",
    "data_set_name": "MovieLens-100K",
    "algorithm_name": "MultiVAE",
    "algorithm_config_index": 0,
    "algorithm_configuration": {
        "latent_dimension": 64,
        "learning_rate": 0.01
    },
    "fold": 3,
    "evaluation_time": 0.8757243156433105,
    "NDCG@1": 0.4472573839662447,
    "HR@1": 0.4472573839662447,
    "Recall@1": 0.4472573839662447,
    "NDCG@3": 0.41087014556938223,
    "HR@3": 0.7454289732770746,
    "Recall@3": 0.4008438818565401,
    "NDCG@5": 0.3951372792883256,
    "HR@5": 0.8621659634317862,
    "Recall@5": 0.38319268635724285,
    "NDCG@10": 0.3573661791220991,
    "HR@10": 0.9381153305203939,
    "Recall@10": 0.35376119036456594,
    "NDCG@20": 0.3125150456898262,
    "HR@20": 0.9873417721518988,
    "Recall@20": 0.37859654210910265
}