{
    "model_file": "./data_sets/MovieLens-100K/checkpoint_NNCF/config_0/fold_2/NNCF-Apr-25-2025_21-18-42.pth",
    "data_set_name": "MovieLens-100K",
    "algorithm_name": "NNCF",
    "algorithm_config_index": 0,
    "algorithm_configuration": {
        "ui_embedding_size": 64,
        "neigh_embedding_size": 64,
        "learning_rate": 0.01
    },
    "fold": 2,
    "evaluation_time": 0.8916621208190918,
    "NDCG@1": 0.4444444444444444,
    "HR@1": 0.4444444444444444,
    "Recall@1": 0.4444444444444444,
    "NDCG@3": 0.4119466021614902,
    "HR@3": 0.7144866385372715,
    "Recall@3": 0.40318799812470685,
    "NDCG@5": 0.39111732774780117,
    "HR@5": 0.8157524613220816,
    "Recall@5": 0.3779887482419124,
    "NDCG@10": 0.3579324249426121,
    "HR@10": 0.9184247538677919,
    "Recall@10": 0.35316065010157843,
    "NDCG@20": 0.3128100250559377,
    "HR@20": 0.9648382559774965,
    "Recall@20": 0.36234256736438314
}