{
    "1268": [
        [
            4,
            5,
            3,
            1,
            7,
            8,
            6,
            10,
            9,
            0,
            2
        ],
        [
            0.9963979721069336,
            0.9963520765304565,
            0.9963269829750061,
            0.9963253140449524,
            0.9962183833122253,
            0.9960971474647522,
            0.9960403442382812,
            0.9959651231765747,
            0.9947880506515503,
            -Infinity,
            -Infinity
        ]
    ],
    "5334": [
        [
            2,
            5,
            3,
            1,
            7,
            8,
            6,
            10,
            9,
            0,
            4
        ],
        [
            0.9965302348136902,
            0.9965023994445801,
            0.996478259563446,
            0.9964767098426819,
            0.9963741898536682,
            0.9962579011917114,
            0.9962034821510315,
            0.9961313009262085,
            0.9950024485588074,
            -Infinity,
            -Infinity
        ]
    ]
}