{
    "model_file": "./data_sets/MovieLens-100K/checkpoint_Random/config_0/fold_3/Random-Apr-25-2025_21-43-53.pth",
    "data_set_name": "MovieLens-100K",
    "algorithm_name": "Random",
    "algorithm_config_index": 0,
    "algorithm_configuration": {
        "epochs": 1
    },
    "fold": 3,
    "evaluation_time": 0.834059476852417,
    "NDCG@1": 0.029535864978902954,
    "HR@1": 0.029535864978902954,
    "Recall@1": 0.029535864978902954,
    "NDCG@3": 0.038076755804164655,
    "HR@3": 0.1111111111111111,
    "Recall@3": 0.04031879981247066,
    "NDCG@5": 0.038354811597588405,
    "HR@5": 0.17721518987341772,
    "Recall@5": 0.03994374120956392,
    "NDCG@10": 0.03755691072298532,
    "HR@10": 0.2967651195499297,
    "Recall@10": 0.03928794677739834,
    "NDCG@20": 0.03861835886217518,
    "HR@20": 0.47257383966244726,
    "Recall@20": 0.046712335137208814
}