{
    "model_file": "./data_sets/ryanairreviews/checkpoint_AFM/config_0/fold_3/AFM-May-18-2025_21-54-16.pth",
    "data_set_name": "ryanairreviews",
    "algorithm_name": "AFM",
    "algorithm_config_index": 0,
    "algorithm_configuration": {},
    "fold": 3,
    "evaluation_time": 0.01653742790222168,
    "NDCG@1": 0.6779661016949152,
    "HR@1": 0.6779661016949152,
    "Recall@1": 0.6779661016949152,
    "NDCG@3": 0.5191753341063235,
    "HR@3": 1.0,
    "Recall@3": 0.9661016949152542,
    "NDCG@5": 0.3895723785390287,
    "HR@5": 1.0,
    "Recall@5": 1.0,
    "NDCG@10": 0.2528058173111066,
    "HR@10": 1.0,
    "Recall@10": 1.0,
    "NDCG@20": 0.16315261999331732,
    "HR@20": 1.0,
    "Recall@20": 1.0
}