{
    "model_file": "./data_sets/videogamessecond/checkpoint_FNN/config_0/fold_1/FNN-May-24-2025_02-10-57.pth",
    "data_set_name": "videogamessecond",
    "algorithm_name": "FNN",
    "algorithm_config_index": 0,
    "algorithm_configuration": {},
    "fold": 1,
    "evaluation_time": 0.013507604598999023,
    "NDCG@1": 0.0,
    "HR@1": 0.0,
    "Recall@1": 0.0,
    "NDCG@3": 0.0,
    "HR@3": 0.0,
    "Recall@3": 0.0,
    "NDCG@5": 0.009902622405537437,
    "HR@5": 0.07142857142857142,
    "Recall@5": 0.07142857142857142,
    "NDCG@10": 0.014071971299321908,
    "HR@10": 0.17857142857142858,
    "Recall@10": 0.17857142857142858,
    "NDCG@20": 0.025355673431208925,
    "HR@20": 0.6428571428571429,
    "Recall@20": 0.6428571428571429
}