{
    "model_file": "./data_sets/disneylandreviews/checkpoint_WideDeep/config_0/fold_1/WideDeep-May-18-2025_20-39-46.pth",
    "data_set_name": "disneylandreviews",
    "algorithm_name": "WideDeep",
    "algorithm_config_index": 0,
    "algorithm_configuration": {},
    "fold": 1,
    "evaluation_time": 0.018442869186401367,
    "NDCG@1": 1.0,
    "HR@1": 1.0,
    "Recall@1": 1.0,
    "NDCG@3": 0.5450206102233267,
    "HR@3": 1.0,
    "Recall@3": 1.0,
    "NDCG@5": 0.3939008776475652,
    "HR@5": 1.0,
    "Recall@5": 1.0,
    "NDCG@10": 0.2556147170564315,
    "HR@10": 1.0,
    "Recall@10": 1.0,
    "NDCG@20": 0.16496539217404738,
    "HR@20": 1.0,
    "Recall@20": 1.0
}