{
    "40": [
        [
            3,
            1,
            0,
            2
        ],
        [
            0.8652494549751282,
            0.8307127356529236,
            -Infinity,
            -Infinity
        ]
    ],
    "93": [
        [
            3,
            1,
            0,
            2
        ],
        [
            0.8720411062240601,
            0.8389210104942322,
            -Infinity,
            -Infinity
        ]
    ],
    "41": [
        [
            1,
            0,
            2,
            3
        ],
        [
            0.8005898594856262,
            -Infinity,
            -Infinity,
            -Infinity
        ]
    ],
    "74": [
        [
            3,
            1,
            0,
            2
        ],
        [
            0.8505787253379822,
            0.8130941987037659,
            -Infinity,
            -Infinity
        ]
    ],
    "32": [
        [
            2,
            0,
            1,
            3
        ],
        [
            0.842957079410553,
            -Infinity,
            -Infinity,
            -Infinity
        ]
    ],
    "56": [
        [
            1,
            0,
            2,
            3
        ],
        [
            0.8087876439094543,
            -Infinity,
            -Infinity,
            -Infinity
        ]
    ],
    "81": [
        [
            1,
            0,
            2,
            3
        ],
        [
            0.8352546691894531,
            -Infinity,
            -Infinity,
            -Infinity
        ]
    ],
    "48": [
        [
            2,
            0,
            1,
            3
        ],
        [
            0.8618710041046143,
            -Infinity,
            -Infinity,
            -Infinity
        ]
    ],
    "37": [
        [
            1,
            0,
            2,
            3
        ],
        [
            0.8595463633537292,
            -Infinity,
            -Infinity,
            -Infinity
        ]
    ],
    "11": [
        [
            2,
            0,
            1,
            3
        ],
        [
            0.8224162459373474,
            -Infinity,
            -Infinity,
            -Infinity
        ]
    ],
    "89": [
        [
            2,
            0,
            1,
            3
        ],
        [
            0.8227921724319458,
            -Infinity,
            -Infinity,
            -Infinity
        ]
    ],
    "34": [
        [
            2,
            0,
            1,
            3
        ],
        [
            0.8470448851585388,
            -Infinity,
            -Infinity,
            -Infinity
        ]
    ],
    "70": [
        [
            2,
            0,
            1,
            3
        ],
        [
            0.8111124634742737,
            -Infinity,
            -Infinity,
            -Infinity
        ]
    ],
    "68": [
        [
            2,
            0,
            1,
            3
        ],
        [
            0.8388955593109131,
            -Infinity,
            -Infinity,
            -Infinity
        ]
    ],
    "16": [
        [
            2,
            0,
            1,
            3
        ],
        [
            0.8784707188606262,
            -Infinity,
            -Infinity,
            -Infinity
        ]
    ],
    "38": [
        [
            1,
            0,
            2,
            3
        ],
        [
            0.8371099233627319,
            -Infinity,
            -Infinity,
            -Infinity
        ]
    ],
    "88": [
        [
            2,
            0,
            1,
            3
        ],
        [
            0.8308524489402771,
            -Infinity,
            -Infinity,
            -Infinity
        ]
    ],
    "13": [
        [
            1,
            0,
            2,
            3
        ],
        [
            0.8343427777290344,
            -Infinity,
            -Infinity,
            -Infinity
        ]
    ],
    "25": [
        [
            1,
            0,
            2,
            3
        ],
        [
            0.7964280843734741,
            -Infinity,
            -Infinity,
            -Infinity
        ]
    ],
    "80": [
        [
            1,
            0,
            2,
            3
        ],
        [
            0.7864760160446167,
            -Infinity,
            -Infinity,
            -Infinity
        ]
    ],
    "26": [
        [
            3,
            1,
            0,
            2
        ],
        [
            0.8664898872375488,
            0.8322094678878784,
            -Infinity,
            -Infinity
        ]
    ],
    "52": [
        [
            3,
            1,
            0,
            2
        ],
        [
            0.8513880372047424,
            0.8140619993209839,
            -Infinity,
            -Infinity
        ]
    ],
    "95": [
        [
            3,
            0,
            1,
            2
        ],
        [
            0.8853743672370911,
            -Infinity,
            -Infinity,
            -Infinity
        ]
    ],
    "67": [
        [
            3,
            0,
            1,
            2
        ],
        [
            0.8640309572219849,
            -Infinity,
            -Infinity,
            -Infinity
        ]
    ],
    "71": [
        [
            3,
            1,
            0,
            2
        ],
        [
            0.8816525936126709,
            0.850594162940979,
            -Infinity,
            -Infinity
        ]
    ],
    "22": [
        [
            2,
            1,
            0,
            3
        ],
        [
            0.8383496403694153,
            0.8125514388084412,
            -Infinity,
            -Infinity
        ]
    ],
    "43": [
        [
            1,
            0,
            2,
            3
        ],
        [
            0.797310471534729,
            -Infinity,
            -Infinity,
            -Infinity
        ]
    ],
    "14": [
        [
            3,
            0,
            1,
            2
        ],
        [
            0.8554134964942932,
            -Infinity,
            -Infinity,
            -Infinity
        ]
    ],
    "75": [
        [
            3,
            0,
            1,
            2
        ],
        [
            0.8682846426963806,
            -Infinity,
            -Infinity,
            -Infinity
        ]
    ],
    "94": [
        [
            3,
            0,
            1,
            2
        ],
        [
            0.8361102342605591,
            -Infinity,
            -Infinity,
            -Infinity
        ]
    ],
    "28": [
        [
            2,
            1,
            0,
            3
        ],
        [
            0.8635903000831604,
            0.8410566449165344,
            -Infinity,
            -Infinity
        ]
    ],
    "69": [
        [
            3,
            2,
            0,
            1
        ],
        [
            0.8066654205322266,
            0.7923098802566528,
            -Infinity,
            -Infinity
        ]
    ],
    "65": [
        [
            2,
            0,
            1,
            3
        ],
        [
            0.8315036296844482,
            -Infinity,
            -Infinity,
            -Infinity
        ]
    ],
    "51": [
        [
            2,
            0,
            1,
            3
        ],
        [
            0.822960376739502,
            -Infinity,
            -Infinity,
            -Infinity
        ]
    ],
    "87": [
        [
            1,
            0,
            2,
            3
        ],
        [
            0.8008065819740295,
            -Infinity,
            -Infinity,
            -Infinity
        ]
    ],
    "91": [
        [
            2,
            0,
            1,
            3
        ],
        [
            0.8426496982574463,
            -Infinity,
            -Infinity,
            -Infinity
        ]
    ],