{
    "model_file": "./data_sets/clothes/checkpoint_LR/config_0/fold_4/LR-May-23-2025_15-32-10.pth",
    "data_set_name": "clothes",
    "algorithm_name": "LR",
    "algorithm_config_index": 0,
    "algorithm_configuration": {},
    "fold": 4,
    "evaluation_time": 0.005019187927246094,
    "NDCG@1": 0.0,
    "HR@1": 0.0,
    "Recall@1": 0.0,
    "NDCG@3": 0.0,
    "HR@3": 0.0,
    "Recall@3": 0.0,
    "NDCG@5": 0.0,
    "HR@5": 0.0,
    "Recall@5": 0.0,
    "NDCG@10": 0.018177368056843352,
    "HR@10": 0.2857142857142857,
    "Recall@10": 0.2857142857142857,
    "NDCG@20": 0.011731079824825444,
    "HR@20": 0.2857142857142857,
    "Recall@20": 0.2857142857142857
}