{
    "1268": [
        [
            8,
            5,
            9,
            3,
            1,
            4,
            10,
            6,
            7,
            0,
            2
        ],
        [
            0.7310553789138794,
            0.7310522794723511,
            0.27145326137542725,
            0.27145108580589294,
            0.2714109420776367,
            0.2713819146156311,
            0.2713679373264313,
            0.27133992314338684,
            0.2713380455970764,
            -Infinity,
            -Infinity
        ]
    ],
    "5334": [
        [
            6,
            7,
            10,
            1,
            3,
            9,
            8,
            2,
            5,
            0,
            4
        ],
        [
            0.7310574650764465,
            0.7310574650764465,
            0.731056809425354,
            0.7310548424720764,
            0.7310521602630615,
            0.7310514450073242,
            0.27126672863960266,
            0.2712397575378418,
            0.2712332606315613,
            -Infinity,
            -Infinity
        ]
    ]
}