{
    "model_file": "./data_sets/MovieLens-100K/checkpoint_NCL/config_0/fold_3/NCL-Apr-25-2025_21-03-13.pth",
    "data_set_name": "MovieLens-100K",
    "algorithm_name": "NCL",
    "algorithm_config_index": 0,
    "algorithm_configuration": {
        "embedding_size": 64,
        "num_clusters": 100
    },
    "fold": 3,
    "evaluation_time": 0.8918895721435547,
    "NDCG@1": 0.4444444444444444,
    "HR@1": 0.4444444444444444,
    "Recall@1": 0.4444444444444444,
    "NDCG@3": 0.41477519685742076,
    "HR@3": 0.729957805907173,
    "Recall@3": 0.4064697609001408,
    "NDCG@5": 0.38991277959697257,
    "HR@5": 0.8382559774964838,
    "Recall@5": 0.3750117205813398,
    "NDCG@10": 0.3528384800670399,
    "HR@10": 0.9310829817158931,
    "Recall@10": 0.34520907284620356,
    "NDCG@20": 0.3127121827559851,
    "HR@20": 0.9789029535864979,
    "Recall@20": 0.37135297219930374
}