{
    "model_file": "./data_sets/MovieLens-100K/checkpoint_NCL/config_0/fold_4/NCL-Apr-25-2025_21-05-42.pth",
    "data_set_name": "MovieLens-100K",
    "algorithm_name": "NCL",
    "algorithm_config_index": 0,
    "algorithm_configuration": {
        "embedding_size": 64,
        "num_clusters": 100
    },
    "fold": 4,
    "evaluation_time": 0.9399869441986084,
    "NDCG@1": 0.4936708860759494,
    "HR@1": 0.4936708860759494,
    "Recall@1": 0.4936708860759494,
    "NDCG@3": 0.43476447633055465,
    "HR@3": 0.739803094233474,
    "Recall@3": 0.41772151898734183,
    "NDCG@5": 0.4093528544793548,
    "HR@5": 0.8241912798874824,
    "Recall@5": 0.3884903891233003,
    "NDCG@10": 0.36722191142037086,
    "HR@10": 0.9324894514767933,
    "Recall@10": 0.3560746098720783,
    "NDCG@20": 0.31743586232557613,
    "HR@20": 0.9704641350210971,
    "Recall@20": 0.36841641996604096
}