{
    "model_file": "./data_sets/MovieLens-100K/checkpoint_BPR/config_0/fold_4/BPR-Apr-24-2025_15-19-58.pth",
    "data_set_name": "MovieLens-100K",
    "algorithm_name": "BPR",
    "algorithm_config_index": 0,
    "algorithm_configuration": {
        "embedding_size": 64,
        "learning_rate": 0.01
    },
    "fold": 4,
    "evaluation_time": 0.848045825958252,
    "NDCG@1": 0.2812939521800281,
    "HR@1": 0.2812939521800281,
    "Recall@1": 0.2812939521800281,
    "NDCG@3": 0.26771644673715017,
    "HR@3": 0.5752461322081576,
    "Recall@3": 0.2634786685419603,
    "NDCG@5": 0.258138301737322,
    "HR@5": 0.69901547116737,
    "Recall@5": 0.2522503516174402,
    "NDCG@10": 0.23422680108589555,
    "HR@10": 0.8452883263009845,
    "Recall@10": 0.23219141383698333,
    "NDCG@20": 0.20971645001549588,
    "HR@20": 0.9367088607594937,
    "Recall@20": 0.25338181377962044
}