{
    "model_file": "./data_sets/MovieLens-100K/checkpoint_ENMF/config_0/fold_4/ENMF-Apr-25-2025_15-08-46.pth",
    "data_set_name": "MovieLens-100K",
    "algorithm_name": "ENMF",
    "algorithm_config_index": 0,
    "algorithm_configuration": {
        "embedding_size": 64,
        "learning_rate": 0.01
    },
    "fold": 4,
    "evaluation_time": 0.9086272716522217,
    "NDCG@1": 0.4191279887482419,
    "HR@1": 0.4191279887482419,
    "Recall@1": 0.4191279887482419,
    "NDCG@3": 0.36815755022799396,
    "HR@3": 0.6469760900140648,
    "Recall@3": 0.3539615564932022,
    "NDCG@5": 0.34688964520842663,
    "HR@5": 0.7609001406469761,
    "Recall@5": 0.3287623066104077,
    "NDCG@10": 0.3111223477451266,
    "HR@10": 0.8621659634317862,
    "Recall@10": 0.29778983323287095,
    "NDCG@20": 0.271853872013554,
    "HR@20": 0.9409282700421941,
    "Recall@20": 0.30126473659053266
}