{
    "model_file": "./data_sets/airlinesreviews/checkpoint_xDeepFM/config_0/fold_3/xDeepFM-May-18-2025_21-26-40.pth",
    "data_set_name": "airlinesreviews",
    "algorithm_name": "xDeepFM",
    "algorithm_config_index": 0,
    "algorithm_configuration": {},
    "fold": 3,
    "evaluation_time": 0.04241299629211426,
    "NDCG@1": 0.1044776119402985,
    "HR@1": 0.1044776119402985,
    "Recall@1": 0.1044776119402985,
    "NDCG@3": 0.1530050090480782,
    "HR@3": 0.4701492537313433,
    "Recall@3": 0.44776119402985076,
    "NDCG@5": 0.15708243115491233,
    "HR@5": 0.7686567164179104,
    "Recall@5": 0.7574626865671642,
    "NDCG@10": 0.12107616733422347,
    "HR@10": 1.0,
    "Recall@10": 1.0,
    "NDCG@20": 0.07813860507417998,
    "HR@20": 1.0,
    "Recall@20": 1.0
}