{
    "model_file": "./data_sets/ryanairreviews/checkpoint_LR/config_0/fold_3/LR-May-18-2025_21-53-17.pth",
    "data_set_name": "ryanairreviews",
    "algorithm_name": "LR",
    "algorithm_config_index": 0,
    "algorithm_configuration": {},
    "fold": 3,
    "evaluation_time": 0.013663530349731445,
    "NDCG@1": 0.5423728813559322,
    "HR@1": 0.5423728813559322,
    "Recall@1": 0.5423728813559322,
    "NDCG@3": 0.4764704113068205,
    "HR@3": 1.0,
    "Recall@3": 0.9463276836158191,
    "NDCG@5": 0.3666394400183791,
    "HR@5": 1.0,
    "Recall@5": 1.0,
    "NDCG@10": 0.2379239093899131,
    "HR@10": 1.0,
    "Recall@10": 1.0,
    "NDCG@20": 0.15354832253819167,
    "HR@20": 1.0,
    "Recall@20": 1.0
}