{
    "44": [
        [
            2,
            0,
            1,
            3
        ],
        [
            0.8763303160667419,
            -Infinity,
            -Infinity,
            -Infinity
        ]
    ],
    "87": [
        [
            3,
            0,
            1,
            2
        ],
        [
            0.8389993906021118,
            -Infinity,
            -Infinity,
            -Infinity
        ]
    ],
    "97": [
        [
            3,
            2,
            0,
            1
        ],
        [
            0.8409645557403564,
            0.8284409046173096,
            -Infinity,
            -Infinity
        ]
    ],
    "19": [
        [
            3,
            0,
            1,
            2
        ],
        [
            0.8799599409103394,
            -Infinity,
            -Infinity,
            -Infinity
        ]
    ],
    "59": [
        [
            2,
            0,
            1,
            3
        ],
        [
            0.8284294605255127,
            -Infinity,
            -Infinity,
            -Infinity
        ]
    ],
    "26": [
        [
            2,
            0,
            1,
            3
        ],
        [
            0.8562001585960388,
            -Infinity,
            -Infinity,
            -Infinity
        ]
    ],
    "83": [
        [
            3,
            0,
            1,
            2
        ],
        [
            0.8534579873085022,
            -Infinity,
            -Infinity,
            -Infinity
        ]
    ],
    "11": [
        [
            2,
            1,
            0,
            3
        ],
        [
            0.8233069777488708,
            0.795754611492157,
            -Infinity,
            -Infinity
        ]
    ],
    "34": [
        [
            3,
            0,
            1,
            2
        ],
        [
            0.8584014773368835,
            -Infinity,
            -Infinity,
            -Infinity
        ]
    ],
    "72": [
        [
            2,
            0,
            1,
            3
        ],
        [
            0.8409822583198547,
            -Infinity,
            -Infinity,
            -Infinity
        ]
    ],
    "69": [
        [
            1,
            0,
            2,
            3
        ],
        [
            0.7615669965744019,
            -Infinity,
            -Infinity,
            -Infinity
        ]
    ],
    "1": [
        [
            3,
            0,
            1,
            2
        ],
        [
            0.8738590478897095,
            -Infinity,
            -Infinity,
            -Infinity
        ]
    ],
    "80": [
        [
            2,
            0,
            1,
            3
        ],
        [
            0.8152667284011841,
            -Infinity,
            -Infinity,
            -Infinity
        ]
    ],
    "54": [
        [
            3,
            0,
            1,
            2
        ],
        [
            0.860177218914032,
            -Infinity,
            -Infinity,
            -Infinity
        ]
    ],
    "8": [
        [
            3,
            0,
            1,
            2
        ],
        [
            0.8546507954597473,
            -Infinity,
            -Infinity,
            -Infinity
        ]
    ],
    "68": [
        [
            2,
            0,
            1,
            3
        ],
        [
            0.8388587832450867,
            -Infinity,
            -Infinity,
            -Infinity
        ]
    ],
    "37": [
        [
            1,
            0,
            2,
            3
        ],
        [
            0.8596401810646057,
            -Infinity,
            -Infinity,
            -Infinity
        ]
    ],
    "60": [
        [
            3,
            0,
            1,
            2
        ],
        [
            0.8465889096260071,
            -Infinity,
            -Infinity,
            -Infinity
        ]
    ],
    "39": [
        [
            2,
            0,
            1,
            3
        ],
        [
            0.8372676372528076,
            -Infinity,
            -Infinity,
            -Infinity
        ]
    ],
    "25": [
        [
            3,
            0,
            1,
            2
        ],
        [
            0.8366833329200745,
            -Infinity,
            -Infinity,
            -Infinity
        ]
    ],
    "57": [
        [
            2,
            0,
            1,
            3
        ],
        [
            0.8204323053359985,
            -Infinity,
            -Infinity,
            -Infinity
        ]
    ],
    "90": [
        [
            2,
            0,
            1,
            3
        ],
        [
            0.8662136793136597,
            -Infinity,
            -Infinity,
            -Infinity
        ]
    ],
    "92": [
        [
            3,
            0,
            1,
            2
        ],
        [
            0.860407829284668,
            -Infinity,
            -Infinity,
            -Infinity
        ]
    ],
    "63": [
        [
            1,
            0,
            2,
            3
        ],
        [
            0.8352225422859192,
            -Infinity,
            -Infinity,
            -Infinity
        ]
    ],
    "36": [
        [
            3,
            2,
            0,
            1
        ],
        [
            0.847934901714325,
            0.8358529806137085,
            -Infinity,
            -Infinity
        ]
    ],
    "29": [
        [
            2,
            0,
            1,
            3
        ],
        [
            0.8499836921691895,
            -Infinity,
            -Infinity,
            -Infinity
        ]
    ],
    "77": [
        [
            3,
            0,
            1,
            2
        ],
        [
            0.8825006484985352,
            -Infinity,
            -Infinity,
            -Infinity
        ]
    ],
    "74": [
        [
            3,
            0,
            1,
            2
        ],
        [
            0.850361168384552,
            -Infinity,
            -Infinity,
            -Infinity
        ]
    ],
    "76": [
        [
            3,
            0,
            1,
            2
        ],
        [
            0.8683179020881653,
            -Infinity,
            -Infinity,
            -Infinity
        ]
    ],
    "43": [
        [
            3,
            0,
            1,
            2
        ],
        [
            0.8367660641670227,
            -Infinity,
            -Infinity,
            -Infinity
        ]
    ],
    "42": [
        [
            3,
            0,
            1,
            2
        ],
        [
            0.8395546078681946,
            -Infinity,
            -Infinity,
            -Infinity
        ]
    ],
    "15": [
        [
            2,
            0,
            1,
            3
        ],
        [
            0.8357462882995605,
            -Infinity,
            -Infinity,
            -Infinity
        ]
    ],
    "78": [
        [
            2,
            0,
            1,
            3
        ],
        [
            0.867592453956604,
            -Infinity,
            -Infinity,
            -Infinity
        ]
    ],
    "91": [
        [
            3,
            1,
            0,
            2
        ],
        [
            0.8553366661071777,
            0.8186659216880798,
            -Infinity,
            -Infinity
        ]
    ],
    "30": [
        [
            2,
            0,
            1,
            3
        ],
        [
            0.8426615595817566,
            -Infinity,
            -Infinity,
            -Infinity
        ]
    ],
    "46": [
        [
            2,
            0,
            1,
            3
        ],
        [
            0.8497952222824097,
            -Infinity,
            -Infinity,
            -Infinity
        ]
    ],