{
    "model_file": "./data_sets/MovieLens-100K/checkpoint_Random/config_0/fold_2/Random-Apr-25-2025_21-43-38.pth",
    "data_set_name": "MovieLens-100K",
    "algorithm_name": "Random",
    "algorithm_config_index": 0,
    "algorithm_configuration": {
        "epochs": 1
    },
    "fold": 2,
    "evaluation_time": 0.8721203804016113,
    "NDCG@1": 0.04219409282700422,
    "HR@1": 0.04219409282700422,
    "Recall@1": 0.04219409282700422,
    "NDCG@3": 0.039695511299866135,
    "HR@3": 0.1111111111111111,
    "Recall@3": 0.039381153305203885,
    "NDCG@5": 0.039792884155267286,
    "HR@5": 0.16455696202531644,
    "Recall@5": 0.0396624472573839,
    "NDCG@10": 0.038434007133313915,
    "HR@10": 0.2841068917018284,
    "Recall@10": 0.03891344629741261,
    "NDCG@20": 0.03863771914139285,
    "HR@20": 0.4360056258790436,
    "Recall@20": 0.04480002078857752
}