{
    "model_file": "./data_sets/MovieLens-100K/checkpoint_MacridVAE/config_0/fold_0/MacridVAE-Apr-25-2025_19-32-25.pth",
    "data_set_name": "MovieLens-100K",
    "algorithm_name": "MacridVAE",
    "algorithm_config_index": 0,
    "algorithm_configuration": {
        "embedding_size": 64,
        "learning_rate": 0.01
    },
    "fold": 0,
    "evaluation_time": 0.8587830066680908,
    "NDCG@1": 0.44866385372714485,
    "HR@1": 0.44866385372714485,
    "Recall@1": 0.44866385372714485,
    "NDCG@3": 0.41009239179780643,
    "HR@3": 0.720112517580872,
    "Recall@3": 0.40060947022972343,
    "NDCG@5": 0.3838857807943919,
    "HR@5": 0.8129395218002813,
    "Recall@5": 0.3672761368963897,
    "NDCG@10": 0.34135868002133646,
    "HR@10": 0.8973277074542897,
    "Recall@10": 0.32815004576607926,
    "NDCG@20": 0.297283028075101,
    "HR@20": 0.9592123769338959,
    "Recall@20": 0.3423528277031172
}