{
    "model_file": "./data_sets/ryanairreviews/checkpoint_FwFM/config_0/fold_2/FwFM-May-18-2025_21-59-09.pth",
    "data_set_name": "ryanairreviews",
    "algorithm_name": "FwFM",
    "algorithm_config_index": 0,
    "algorithm_configuration": {},
    "fold": 2,
    "evaluation_time": 0.018541812896728516,
    "NDCG@1": 0.9322033898305084,
    "HR@1": 0.9322033898305084,
    "Recall@1": 0.9322033898305084,
    "NDCG@3": 0.6269299859524312,
    "HR@3": 1.0,
    "Recall@3": 1.0,
    "NDCG@5": 0.4555746947788449,
    "HR@5": 1.0,
    "Recall@5": 1.0,
    "NDCG@10": 0.29563680436416134,
    "HR@10": 1.0,
    "Recall@10": 1.0,
    "NDCG@20": 0.19079434053966926,
    "HR@20": 1.0,
    "Recall@20": 1.0
}