{
    "model_file": "./data_sets/laptops/checkpoint_FM/config_0/fold_4/FM-May-23-2025_16-51-09.pth",
    "data_set_name": "laptops",
    "algorithm_name": "FM",
    "algorithm_config_index": 0,
    "algorithm_configuration": {
        "task": "rating",
        "epoch": 10,
        "lr": 0.05
    },
    "fold": 4,
    "evaluation_time": 0.012909889221191406,
    "NDCG@1": 0.2,
    "HR@1": 0.2,
    "Recall@1": 0.2,
    "NDCG@3": 0.09385574520455128,
    "HR@3": 0.2,
    "Recall@3": 0.2,
    "NDCG@5": 0.06783204105472322,
    "HR@5": 0.2,
    "Recall@5": 0.2,
    "NDCG@10": 0.04401835325961604,
    "HR@10": 0.2,
    "Recall@10": 0.2,
    "NDCG@20": 0.02840800792673146,
    "HR@20": 0.2,
    "Recall@20": 0.2
}