{
    "model_file": "./data_sets/winesspa/checkpoint_AFM/config_0/fold_2/AFM-May-18-2025_20-59-17.pth",
    "data_set_name": "winesspa",
    "algorithm_name": "AFM",
    "algorithm_config_index": 0,
    "algorithm_configuration": {},
    "fold": 2,
    "evaluation_time": 0.035123586654663086,
    "NDCG@1": 0.01,
    "HR@1": 0.01,
    "Recall@1": 0.01,
    "NDCG@3": 0.053967053492617,
    "HR@3": 0.22,
    "Recall@3": 0.0733333333333333,
    "NDCG@5": 0.06786854065918108,
    "HR@5": 0.4,
    "Recall@5": 0.08800000000000002,
    "NDCG@10": 0.06836735310858921,
    "HR@10": 0.57,
    "Recall@10": 0.10506349206349208,
    "NDCG@20": 0.07929385928693575,
    "HR@20": 0.89,
    "Recall@20": 0.22743664668664665
}