{
    "model_file": "./data_sets/winesspa/checkpoint_DSSM/config_0/fold_4/DSSM-May-18-2025_21-01-28.pth",
    "data_set_name": "winesspa",
    "algorithm_name": "DSSM",
    "algorithm_config_index": 0,
    "algorithm_configuration": {},
    "fold": 4,
    "evaluation_time": 0.04516172409057617,
    "NDCG@1": 0.02,
    "HR@1": 0.02,
    "Recall@1": 0.02,
    "NDCG@3": 0.012346393630113781,
    "HR@3": 0.03,
    "Recall@3": 0.01,
    "NDCG@5": 0.015929218798345624,
    "HR@5": 0.08,
    "Recall@5": 0.016,
    "NDCG@10": 0.01312701072337548,
    "HR@10": 0.12,
    "Recall@10": 0.016484126984126986,
    "NDCG@20": 0.010763816079119715,
    "HR@20": 0.16,
    "Recall@20": 0.023504329004329003
}