{
    "model_file": "./data_sets/ryanairreviews/checkpoint_LR/config_0/fold_1/LR-May-18-2025_21-53-06.pth",
    "data_set_name": "ryanairreviews",
    "algorithm_name": "LR",
    "algorithm_config_index": 0,
    "algorithm_configuration": {},
    "fold": 1,
    "evaluation_time": 0.026566743850708008,
    "NDCG@1": 0.8709677419354839,
    "HR@1": 0.8709677419354839,
    "Recall@1": 0.8709677419354839,
    "NDCG@3": 0.5784836141174915,
    "HR@3": 1.0,
    "Recall@3": 0.9865591397849462,
    "NDCG@5": 0.4227973620153897,
    "HR@5": 1.0,
    "Recall@5": 1.0,
    "NDCG@10": 0.2743665581787962,
    "HR@10": 1.0,
    "Recall@10": 1.0,
    "NDCG@20": 0.17706721815793,
    "HR@20": 1.0,
    "Recall@20": 1.0
}