{
    "model_file": "./data_sets/MovieLens-100K/checkpoint_RecVAE/config_0/fold_1/RecVAE-Apr-25-2025_16-04-24.pth",
    "data_set_name": "MovieLens-100K",
    "algorithm_name": "RecVAE",
    "algorithm_config_index": 0,
    "algorithm_configuration": {
        "latent_dimension": 200,
        "learning_rate": 0.01
    },
    "fold": 1,
    "evaluation_time": 0.8499960899353027,
    "NDCG@1": 0.469760900140647,
    "HR@1": 0.469760900140647,
    "Recall@1": 0.469760900140647,
    "NDCG@3": 0.4112396103015151,
    "HR@3": 0.6919831223628692,
    "Recall@3": 0.3952180028129398,
    "NDCG@5": 0.38645934882995403,
    "HR@5": 0.8115330520393812,
    "Recall@5": 0.3665729020159394,
    "NDCG@10": 0.3463811726772495,
    "HR@10": 0.8987341772151899,
    "Recall@10": 0.3324609872078224,
    "NDCG@20": 0.29820997914990627,
    "HR@20": 0.9549929676511955,
    "Recall@20": 0.338575488652562
}