{
    "model_file": "./data_sets/MovieLens-100K/checkpoint_DiffRec/config_0/fold_2/DiffRec-Apr-25-2025_18-44-50.pth",
    "data_set_name": "MovieLens-100K",
    "algorithm_name": "DiffRec",
    "algorithm_config_index": 0,
    "algorithm_configuration": {
        "steps": 5,
        "learning_rate": 0.01
    },
    "fold": 2,
    "evaluation_time": 0.9335403442382812,
    "NDCG@1": 0.45288326300984527,
    "HR@1": 0.45288326300984527,
    "Recall@1": 0.45288326300984527,
    "NDCG@3": 0.41820871115346514,
    "HR@3": 0.7229254571026723,
    "Recall@3": 0.40693858415377426,
    "NDCG@5": 0.39217513958357825,
    "HR@5": 0.8284106891701828,
    "Recall@5": 0.37531645569620187,
    "NDCG@10": 0.3514668016946224,
    "HR@10": 0.9310829817158931,
    "Recall@10": 0.34438472529189834,
    "NDCG@20": 0.3031725097102405,
    "HR@20": 0.9760900140646976,
    "Recall@20": 0.35597825874471556
}