{
    "model_file": "./data_sets/airlinesreviews/checkpoint_FM/config_0/fold_4/FM-May-18-2025_21-23-27.pth",
    "data_set_name": "airlinesreviews",
    "algorithm_name": "FM",
    "algorithm_config_index": 0,
    "algorithm_configuration": {
        "task": "rating",
        "epoch": 10,
        "lr": 0.05
    },
    "fold": 4,
    "evaluation_time": 0.04672050476074219,
    "NDCG@1": 0.1791044776119403,
    "HR@1": 0.1791044776119403,
    "Recall@1": 0.1791044776119403,
    "NDCG@3": 0.1408739918215748,
    "HR@3": 0.373134328358209,
    "Recall@3": 0.34203980099502485,
    "NDCG@5": 0.14515575565809163,
    "HR@5": 0.6417910447761194,
    "Recall@5": 0.6106965174129354,
    "NDCG@10": 0.1261271495386748,
    "HR@10": 1.0,
    "Recall@10": 1.0,
    "NDCG@20": 0.08139834406658512,
    "HR@20": 1.0,
    "Recall@20": 1.0
}