{
    "model_file": "./data_sets/MovieLens-100K/checkpoint_SpectralCF/config_0/fold_0/SpectralCF-Apr-25-2025_17-14-29.pth",
    "data_set_name": "MovieLens-100K",
    "algorithm_name": "SpectralCF",
    "algorithm_config_index": 0,
    "algorithm_configuration": {
        "embedding_size": 64,
        "learning_rate": 0.01
    },
    "fold": 0,
    "evaluation_time": 0.9969949722290039,
    "NDCG@1": 0.27848101265822783,
    "HR@1": 0.27848101265822783,
    "Recall@1": 0.27848101265822783,
    "NDCG@3": 0.2677558983004902,
    "HR@3": 0.5724331926863573,
    "Recall@3": 0.2658227848101269,
    "NDCG@5": 0.25794768239777766,
    "HR@5": 0.720112517580872,
    "Recall@5": 0.2525082044069385,
    "NDCG@10": 0.235629363067365,
    "HR@10": 0.8537271448663853,
    "Recall@10": 0.23418112205032027,
    "NDCG@20": 0.21346797698222333,
    "HR@20": 0.9409282700421941,
    "Recall@20": 0.2604092743775767
}