{
    "model_file": "./data_sets/MovieLens-100K/checkpoint_LDiffRec/config_0/fold_0/LDiffRec-Apr-25-2025_19-30-53.pth",
    "data_set_name": "MovieLens-100K",
    "algorithm_name": "LDiffRec",
    "algorithm_config_index": 0,
    "algorithm_configuration": {
        "steps": 5,
        "learning_rate": 0.01
    },
    "fold": 0,
    "evaluation_time": 0.8763127326965332,
    "NDCG@1": 0.4050632911392405,
    "HR@1": 0.4050632911392405,
    "Recall@1": 0.4050632911392405,
    "NDCG@3": 0.3737596328823849,
    "HR@3": 0.6779184247538678,
    "Recall@3": 0.3642756680731365,
    "NDCG@5": 0.35891888228669755,
    "HR@5": 0.8002812939521801,
    "Recall@5": 0.3476090014064693,
    "NDCG@10": 0.3309736436552715,
    "HR@10": 0.9085794655414908,
    "Recall@10": 0.3271080302725873,
    "NDCG@20": 0.2930815872775583,
    "HR@20": 0.9690576652601969,
    "Recall@20": 0.3457444718545164
}