{
    "model_file": "./data_sets/winesspa/checkpoint_FwFM/config_0/fold_3/FwFM-May-18-2025_21-05-21.pth",
    "data_set_name": "winesspa",
    "algorithm_name": "FwFM",
    "algorithm_config_index": 0,
    "algorithm_configuration": {},
    "fold": 3,
    "evaluation_time": 0.04705953598022461,
    "NDCG@1": 0.41,
    "HR@1": 0.41,
    "Recall@1": 0.41,
    "NDCG@3": 0.39949688280852086,
    "HR@3": 0.74,
    "Recall@3": 0.3950000000000001,
    "NDCG@5": 0.39131818101591215,
    "HR@5": 0.87,
    "Recall@5": 0.3976666666666665,
    "NDCG@10": 0.3761559177861456,
    "HR@10": 1.0,
    "Recall@10": 0.4918253968253969,
    "NDCG@20": 0.286879310177227,
    "HR@20": 1.0,
    "Recall@20": 0.6183427405927406
}