{
    "model_file": "./data_sets/animes/checkpoint_AFM/config_0/fold_3/AFM-May-23-2025_13-02-13.pth",
    "data_set_name": "animes",
    "algorithm_name": "AFM",
    "algorithm_config_index": 0,
    "algorithm_configuration": {},
    "fold": 3,
    "evaluation_time": 0.19870758056640625,
    "NDCG@1": 0.002336448598130841,
    "HR@1": 0.002336448598130841,
    "Recall@1": 0.002336448598130841,
    "NDCG@3": 0.003432894219679337,
    "HR@3": 0.011682242990654205,
    "Recall@3": 0.011682242990654205,
    "NDCG@5": 0.00282232506486279,
    "HR@5": 0.014018691588785047,
    "Recall@5": 0.014018691588785047,
    "NDCG@10": 0.002369253934684618,
    "HR@10": 0.02102803738317757,
    "Recall@10": 0.02102803738317757,
    "NDCG@20": 0.0018013496074082108,
    "HR@20": 0.028037383177570093,
    "Recall@20": 0.028037383177570093
}