{
    "model_file": "./data_sets/MovieLens-100K/checkpoint_ItemKNN/config_0/fold_3/ItemKNN-Apr-25-2025_15-09-54.pth",
    "data_set_name": "MovieLens-100K",
    "algorithm_name": "ItemKNN",
    "algorithm_config_index": 0,
    "algorithm_configuration": {
        "epochs": 1,
        "k": 100
    },
    "fold": 3,
    "evaluation_time": 0.9015028476715088,
    "NDCG@1": 0.4908579465541491,
    "HR@1": 0.4908579465541491,
    "Recall@1": 0.4908579465541491,
    "NDCG@3": 0.44831818538422225,
    "HR@3": 0.7454289732770746,
    "Recall@3": 0.43459915611814354,
    "NDCG@5": 0.4238736166631416,
    "HR@5": 0.8354430379746836,
    "Recall@5": 0.40511017346460326,
    "NDCG@10": 0.38272619560871846,
    "HR@10": 0.9338959212376934,
    "Recall@10": 0.3710925814301342,
    "NDCG@20": 0.33033457738631955,
    "HR@20": 0.9760900140646976,
    "Recall@20": 0.3818470909638896
}