{
    "model_file": "./data_sets/rottentomatoesmovies/checkpoint_LR/config_0/fold_1/LR-May-18-2025_21-38-01.pth",
    "data_set_name": "rottentomatoesmovies",
    "algorithm_name": "LR",
    "algorithm_config_index": 0,
    "algorithm_configuration": {},
    "fold": 1,
    "evaluation_time": 0.05241823196411133,
    "NDCG@1": 0.0,
    "HR@1": 0.0,
    "Recall@1": 0.0,
    "NDCG@3": 0.0023463936301137823,
    "HR@3": 0.01,
    "Recall@3": 0.003333333333333333,
    "NDCG@5": 0.0016958010263680807,
    "HR@5": 0.01,
    "Recall@5": 0.002,
    "NDCG@10": 0.002528410271851774,
    "HR@10": 0.03,
    "Recall@10": 0.0030000000000000005,
    "NDCG@20": 0.0016317534329638615,
    "HR@20": 0.03,
    "Recall@20": 0.0015000000000000002
}