{
    "model_file": "./data_sets/MovieLens-100K/checkpoint_EASE/config_0/fold_1/EASE-Apr-25-2025_18-47-51.pth",
    "data_set_name": "MovieLens-100K",
    "algorithm_name": "EASE",
    "algorithm_config_index": 0,
    "algorithm_configuration": {
        "epochs": 1,
        "reg_weight": 250
    },
    "fold": 1,
    "evaluation_time": 0.8563506603240967,
    "NDCG@1": 0.5682137834036568,
    "HR@1": 0.5682137834036568,
    "Recall@1": 0.5682137834036568,
    "NDCG@3": 0.5070836985624466,
    "HR@3": 0.7960618846694796,
    "Recall@3": 0.48921706516643193,
    "NDCG@5": 0.47545359826101563,
    "HR@5": 0.8734177215189873,
    "Recall@5": 0.45138302859821794,
    "NDCG@10": 0.41819305179182054,
    "HR@10": 0.9465541490857946,
    "Recall@10": 0.4000653003817562,
    "NDCG@20": 0.35781330276360374,
    "HR@20": 0.9831223628691983,
    "Recall@20": 0.4060313348944461
}