{
    "model_file": "./data_sets/airlinesreviews/checkpoint_FwFM/config_0/fold_1/FwFM-May-18-2025_21-24-24.pth",
    "data_set_name": "airlinesreviews",
    "algorithm_name": "FwFM",
    "algorithm_config_index": 0,
    "algorithm_configuration": {},
    "fold": 1,
    "evaluation_time": 0.038789987564086914,
    "NDCG@1": 0.16666666666666666,
    "HR@1": 0.16666666666666666,
    "Recall@1": 0.16666666666666666,
    "NDCG@3": 0.15421958765899269,
    "HR@3": 0.4473684210526316,
    "Recall@3": 0.4298245614035088,
    "NDCG@5": 0.13923358969093572,
    "HR@5": 0.6403508771929824,
    "Recall@5": 0.6228070175438597,
    "NDCG@10": 0.11956343183141248,
    "HR@10": 1.0,
    "Recall@10": 1.0,
    "NDCG@20": 0.07716233497380959,
    "HR@20": 1.0,
    "Recall@20": 1.0
}