{
    "model_file": "./data_sets/ryanairreviews/checkpoint_LR/config_0/fold_4/LR-May-18-2025_21-53-23.pth",
    "data_set_name": "ryanairreviews",
    "algorithm_name": "LR",
    "algorithm_config_index": 0,
    "algorithm_configuration": {},
    "fold": 4,
    "evaluation_time": 0.02684473991394043,
    "NDCG@1": 0.3939393939393939,
    "HR@1": 0.3939393939393939,
    "Recall@1": 0.3939393939393939,
    "NDCG@3": 0.44125583478649977,
    "HR@3": 1.0,
    "Recall@3": 0.967171717171717,
    "NDCG@5": 0.3321862580296253,
    "HR@5": 1.0,
    "Recall@5": 1.0,
    "NDCG@10": 0.21556615172675614,
    "HR@10": 1.0,
    "Recall@10": 1.0,
    "NDCG@20": 0.13911935575761017,
    "HR@20": 1.0,
    "Recall@20": 1.0
}