{
    "model_file": "./data_sets/MovieLens-100K/checkpoint_MacridVAE/config_0/fold_1/MacridVAE-Apr-25-2025_19-32-42.pth",
    "data_set_name": "MovieLens-100K",
    "algorithm_name": "MacridVAE",
    "algorithm_config_index": 0,
    "algorithm_configuration": {
        "embedding_size": 64,
        "learning_rate": 0.01
    },
    "fold": 1,
    "evaluation_time": 0.8675835132598877,
    "NDCG@1": 0.43319268635724334,
    "HR@1": 0.43319268635724334,
    "Recall@1": 0.43319268635724334,
    "NDCG@3": 0.40877985308168713,
    "HR@3": 0.7116736990154712,
    "Recall@3": 0.4010782934833567,
    "NDCG@5": 0.38515881930205603,
    "HR@5": 0.8213783403656821,
    "Recall@5": 0.37093295827472983,
    "NDCG@10": 0.34592081775440303,
    "HR@10": 0.9268635724331927,
    "Recall@10": 0.33800035719866944,
    "NDCG@20": 0.300787138151114,
    "HR@20": 0.9746835443037974,
    "Recall@20": 0.3522920198151422
}