{
    "model_file": "./data_sets/winesspa/checkpoint_DSSM/config_0/fold_0/DSSM-May-18-2025_21-00-50.pth",
    "data_set_name": "winesspa",
    "algorithm_name": "DSSM",
    "algorithm_config_index": 0,
    "algorithm_configuration": {},
    "fold": 0,
    "evaluation_time": 0.03962373733520508,
    "NDCG@1": 0.0,
    "HR@1": 0.0,
    "Recall@1": 0.0,
    "NDCG@3": 0.013575244589203521,
    "HR@3": 0.05,
    "Recall@3": 0.016666666666666666,
    "NDCG@5": 0.012732556991626115,
    "HR@5": 0.07,
    "Recall@5": 0.015333333333333332,
    "NDCG@10": 0.009740853175732983,
    "HR@10": 0.09,
    "Recall@10": 0.013928571428571427,
    "NDCG@20": 0.008037273699550353,
    "HR@20": 0.13,
    "Recall@20": 0.020357142857142855
}