{
    "model_file": "./data_sets/MovieLens-100K/checkpoint_NCEPLRec/config_0/fold_1/NCEPLRec-Apr-25-2025_20-52-06.pth",
    "data_set_name": "MovieLens-100K",
    "algorithm_name": "NCEPLRec",
    "algorithm_config_index": 0,
    "algorithm_configuration": {
        "epochs": 1,
        "rank": 450
    },
    "fold": 1,
    "evaluation_time": 0.8329031467437744,
    "NDCG@1": 0.2517580872011252,
    "HR@1": 0.2517580872011252,
    "Recall@1": 0.2517580872011252,
    "NDCG@3": 0.2104206512723767,
    "HR@3": 0.47257383966244726,
    "Recall@3": 0.19854664791373638,
    "NDCG@5": 0.18842804735019603,
    "HR@5": 0.5780590717299579,
    "Recall@5": 0.1718706047819981,
    "NDCG@10": 0.16430819619175763,
    "HR@10": 0.749648382559775,
    "Recall@10": 0.15332473824034998,
    "NDCG@20": 0.14230625380367878,
    "HR@20": 0.8818565400843882,
    "Recall@20": 0.1659721133774381
}