{
    "model_file": "./data_sets/winesspa/checkpoint_PNN/config_0/fold_2/PNN-May-18-2025_21-05-45.pth",
    "data_set_name": "winesspa",
    "algorithm_name": "PNN",
    "algorithm_config_index": 0,
    "algorithm_configuration": {},
    "fold": 2,
    "evaluation_time": 0.03159618377685547,
    "NDCG@1": 0.0,
    "HR@1": 0.0,
    "Recall@1": 0.0,
    "NDCG@3": 0.049274266232389424,
    "HR@3": 0.21,
    "Recall@3": 0.06999999999999998,
    "NDCG@5": 0.0631648878313215,
    "HR@5": 0.39,
    "Recall@5": 0.08400000000000002,
    "NDCG@10": 0.06873622189723792,
    "HR@10": 0.59,
    "Recall@10": 0.10938095238095237,
    "NDCG@20": 0.07800318851243457,
    "HR@20": 0.89,
    "Recall@20": 0.22715129315129307
}