{
    "model_file": "./data_sets/MovieLens-100K/checkpoint_Pop/config_0/fold_1/Pop-Apr-25-2025_16-02-43.pth",
    "data_set_name": "MovieLens-100K",
    "algorithm_name": "Pop",
    "algorithm_config_index": 0,
    "algorithm_configuration": {
        "epochs": 1
    },
    "fold": 1,
    "evaluation_time": 0.8437981605529785,
    "NDCG@1": 0.13642756680731363,
    "HR@1": 0.13642756680731363,
    "Recall@1": 0.13642756680731363,
    "NDCG@3": 0.13823481164860654,
    "HR@3": 0.3263009845288326,
    "Recall@3": 0.13924050632911378,
    "NDCG@5": 0.13307128841383187,
    "HR@5": 0.45288326300984527,
    "Recall@5": 0.13183309892170714,
    "NDCG@10": 0.13235678212326252,
    "HR@10": 0.6244725738396625,
    "Recall@10": 0.1346611077623735,
    "NDCG@20": 0.13318951205516108,
    "HR@20": 0.829817158931083,
    "Recall@20": 0.15951753395483764
}