{
    "70": [
        [
            2,
            0,
            1,
            3
        ],
        [
            0.9643740653991699,
            -Infinity,
            -Infinity,
            -Infinity
        ]
    ],
    "17": [
        [
            3,
            0,
            1,
            2
        ],
        [
            0.9571041464805603,
            -Infinity,
            -Infinity,
            -Infinity
        ]
    ],
    "78": [
        [
            3,
            0,
            1,
            2
        ],
        [
            0.9615871906280518,
            -Infinity,
            -Infinity,
            -Infinity
        ]
    ],
    "81": [
        [
            3,
            0,
            1,
            2
        ],
        [
            0.9594999551773071,
            -Infinity,
            -Infinity,
            -Infinity
        ]
    ],
    "28": [
        [
            2,
            1,
            0,
            3
        ],
        [
            0.9569429755210876,
            0.9432666301727295,
            -Infinity,
            -Infinity
        ]
    ],
    "52": [
        [
            3,
            0,
            1,
            2
        ],
        [
            0.9679766893386841,
            -Infinity,
            -Infinity,
            -Infinity
        ]
    ],
    "60": [
        [
            3,
            0,
            1,
            2
        ],
        [
            0.9805206656455994,
            -Infinity,
            -Infinity,
            -Infinity
        ]
    ],
    "12": [
        [
            3,
            0,
            1,
            2
        ],
        [
            0.911984920501709,
            -Infinity,
            -Infinity,
            -Infinity
        ]
    ],
    "74": [
        [
            1,
            0,
            2,
            3
        ],
        [
            0.9305252432823181,
            -Infinity,
            -Infinity,
            -Infinity
        ]
    ],
    "88": [
        [
            1,
            0,
            2,
            3
        ],
        [
            0.9744779467582703,
            -Infinity,
            -Infinity,
            -Infinity
        ]
    ],
    "41": [
        [
            1,
            0,
            2,
            3
        ],
        [
            0.9771873354911804,
            -Infinity,
            -Infinity,
            -Infinity
        ]
    ],
    "37": [
        [
            2,
            1,
            0,
            3
        ],
        [
            0.9502267241477966,
            0.941305935382843,
            -Infinity,
            -Infinity
        ]
    ],
    "89": [
        [
            2,
            0,
            1,
            3
        ],
        [
            0.9764649271965027,
            -Infinity,
            -Infinity,
            -Infinity
        ]
    ],
    "73": [
        [
            2,
            1,
            0,
            3
        ],
        [
            0.9726606011390686,
            0.9428765773773193,
            -Infinity,
            -Infinity
        ]
    ],
    "54": [
        [
            3,
            0,
            1,
            2
        ],
        [
            0.9795724749565125,
            -Infinity,
            -Infinity,
            -Infinity
        ]
    ],
    "27": [
        [
            1,
            0,
            2,
            3
        ],
        [
            0.9904601573944092,
            -Infinity,
            -Infinity,
            -Infinity
        ]
    ],
    "68": [
        [
            2,
            0,
            1,
            3
        ],
        [
            0.9868634939193726,
            -Infinity,
            -Infinity,
            -Infinity
        ]
    ],
    "80": [
        [
            2,
            1,
            0,
            3
        ],
        [
            0.9528011679649353,
            0.9410446882247925,
            -Infinity,
            -Infinity
        ]
    ],
    "51": [
        [
            1,
            3,
            0,
            2
        ],
        [
            0.9801710844039917,
            0.9667711853981018,
            -Infinity,
            -Infinity
        ]
    ],
    "40": [
        [
            2,
            0,
            1,
            3
        ],
        [
            0.9857075810432434,
            -Infinity,
            -Infinity,
            -Infinity
        ]
    ],
    "26": [
        [
            3,
            0,
            1,
            2
        ],
        [
            0.986723005771637,
            -Infinity,
            -Infinity,
            -Infinity
        ]
    ],
    "65": [
        [
            1,
            0,
            2,
            3
        ],
        [
            0.9868564009666443,
            -Infinity,
            -Infinity,
            -Infinity
        ]
    ],
    "90": [
        [
            2,
            1,
            0,
            3
        ],
        [
            0.9432913661003113,
            0.9289008378982544,
            -Infinity,
            -Infinity
        ]
    ],
    "58": [
        [
            2,
            3,
            0,
            1
        ],
        [
            0.9847965240478516,
            0.9514528512954712,
            -Infinity,
            -Infinity
        ]
    ],
    "19": [
        [
            1,
            0,
            2,
            3
        ],
        [
            0.9815680384635925,
            -Infinity,
            -Infinity,
            -Infinity
        ]
    ],
    "11": [
        [
            1,
            0,
            2,
            3
        ],
        [
            0.9876941442489624,
            -Infinity,
            -Infinity,
            -Infinity
        ]
    ],
    "30": [
        [
            3,
            0,
            1,
            2
        ],
        [
            0.9457668662071228,
            -Infinity,
            -Infinity,
            -Infinity
        ]
    ],
    "86": [
        [
            3,
            0,
            1,
            2
        ],
        [
            0.974504292011261,
            -Infinity,
            -Infinity,
            -Infinity
        ]
    ],
    "84": [
        [
            1,
            0,
            2,
            3
        ],
        [
            0.982170581817627,
            -Infinity,
            -Infinity,
            -Infinity
        ]
    ],
    "20": [
        [
            1,
            0,
            2,
            3
        ],
        [
            0.9482266306877136,
            -Infinity,
            -Infinity,
            -Infinity
        ]
    ],
    "59": [
        [
            1,
            3,
            0,
            2
        ],
        [
            0.9898573160171509,
            0.9755113124847412,
            -Infinity,
            -Infinity
        ]
    ],
    "83": [
        [
            2,
            0,
            1,
            3
        ],
        [
            0.9640099406242371,
            -Infinity,
            -Infinity,
            -Infinity
        ]
    ],
    "6": [
        [
            1,
            0,
            2,
            3
        ],
        [
            0.9400215148925781,
            -Infinity,
            -Infinity,
            -Infinity
        ]
    ],
    "35": [
        [
            2,
            0,
            1,
            3
        ],
        [
            0.9755566716194153,
            -Infinity,
            -Infinity,
            -Infinity
        ]
    ],
    "85": [
        [
            2,
            0,
            1,
            3
        ],
        [
            0.9672427177429199,
            -Infinity,
            -Infinity,
            -Infinity
        ]
    ],
    "33": [
        [
            3,
            0,
            1,
            2
        ],
        [
            0.9789291024208069,
            -Infinity,
            -Infinity,
            -Infinity
        ]
    ],