{
    "model_file": "./data_sets/MovieLens-100K/checkpoint_NNCF/config_0/fold_1/NNCF-Apr-25-2025_21-14-02.pth",
    "data_set_name": "MovieLens-100K",
    "algorithm_name": "NNCF",
    "algorithm_config_index": 0,
    "algorithm_configuration": {
        "ui_embedding_size": 64,
        "neigh_embedding_size": 64,
        "learning_rate": 0.01
    },
    "fold": 1,
    "evaluation_time": 0.9071648120880127,
    "NDCG@1": 0.3755274261603376,
    "HR@1": 0.3755274261603376,
    "Recall@1": 0.3755274261603376,
    "NDCG@3": 0.33582440090142057,
    "HR@3": 0.6441631504922645,
    "Recall@3": 0.3248945147679332,
    "NDCG@5": 0.3280168033317294,
    "HR@5": 0.7693389592123769,
    "Recall@5": 0.3177918424753862,
    "NDCG@10": 0.29892463062691427,
    "HR@10": 0.890295358649789,
    "Recall@10": 0.29477317884490883,
    "NDCG@20": 0.2638112713240523,
    "HR@20": 0.9535864978902954,
    "Recall@20": 0.3098734184392764
}