{
    "model_file": "./data_sets/winesspa/checkpoint_LR/config_0/fold_1/LR-May-18-2025_20-58-11.pth",
    "data_set_name": "winesspa",
    "algorithm_name": "LR",
    "algorithm_config_index": 0,
    "algorithm_configuration": {},
    "fold": 1,
    "evaluation_time": 0.02745795249938965,
    "NDCG@1": 0.54,
    "HR@1": 0.54,
    "Recall@1": 0.54,
    "NDCG@3": 0.4703918089034134,
    "HR@3": 0.81,
    "Recall@3": 0.455,
    "NDCG@5": 0.44577446041385227,
    "HR@5": 0.92,
    "Recall@5": 0.42800000000000027,
    "NDCG@10": 0.398036051208893,
    "HR@10": 0.98,
    "Recall@10": 0.48690079365079375,
    "NDCG@20": 0.29020677293998587,
    "HR@20": 0.99,
    "Recall@20": 0.5884994033744033
}