{
    "model_file": "./data_sets/MovieLens-100K/checkpoint_SGL/config_0/fold_3/SGL-Apr-25-2025_16-48-31.pth",
    "data_set_name": "MovieLens-100K",
    "algorithm_name": "SGL",
    "algorithm_config_index": 0,
    "algorithm_configuration": {
        "embedding_size": 64
    },
    "fold": 3,
    "evaluation_time": 0.852440595626831,
    "NDCG@1": 0.3909985935302391,
    "HR@1": 0.3909985935302391,
    "Recall@1": 0.3909985935302391,
    "NDCG@3": 0.35148405761691376,
    "HR@3": 0.6849507735583685,
    "Recall@3": 0.3398968588842012,
    "NDCG@5": 0.33438297140555323,
    "HR@5": 0.7974683544303798,
    "Recall@5": 0.32074542897327685,
    "NDCG@10": 0.3004900856869653,
    "HR@10": 0.9029535864978903,
    "Recall@10": 0.29247538677918405,
    "NDCG@20": 0.2610750894017947,
    "HR@20": 0.9549929676511955,
    "Recall@20": 0.3064683402296562
}