{
    "model_file": "./data_sets/ryanairreviews/checkpoint_NFM/config_0/fold_4/NFM-May-18-2025_21-53-53.pth",
    "data_set_name": "ryanairreviews",
    "algorithm_name": "NFM",
    "algorithm_config_index": 0,
    "algorithm_configuration": {
        "n_factors": 15,
        "n_epochs": 10
    },
    "fold": 4,
    "evaluation_time": 0.012380123138427734,
    "NDCG@1": 0.7272727272727273,
    "HR@1": 0.7272727272727273,
    "Recall@1": 0.7272727272727273,
    "NDCG@3": 0.5052483883350573,
    "HR@3": 1.0,
    "Recall@3": 0.9368686868686867,
    "NDCG@5": 0.386837602001938,
    "HR@5": 1.0,
    "Recall@5": 1.0,
    "NDCG@10": 0.2510311344647118,
    "HR@10": 1.0,
    "Recall@10": 1.0,
    "NDCG@20": 0.16200729763038227,
    "HR@20": 1.0,
    "Recall@20": 1.0
}