{
    "model_file": "./data_sets/videogamessecond/checkpoint_NFM/config_0/fold_0/NFM-May-24-2025_01-54-29.pth",
    "data_set_name": "videogamessecond",
    "algorithm_name": "NFM",
    "algorithm_config_index": 0,
    "algorithm_configuration": {
        "n_factors": 15,
        "n_epochs": 10
    },
    "fold": 0,
    "evaluation_time": 0.012809276580810547,
    "NDCG@1": 0.0,
    "HR@1": 0.0,
    "Recall@1": 0.0,
    "NDCG@3": 0.02653606369886217,
    "HR@3": 0.1,
    "Recall@3": 0.1,
    "NDCG@5": 0.026481735860702106,
    "HR@5": 0.15,
    "Recall@5": 0.15,
    "NDCG@10": 0.030462857421832627,
    "HR@10": 0.35,
    "Recall@10": 0.35,
    "NDCG@20": 0.030225429045453677,
    "HR@20": 0.65,
    "Recall@20": 0.65
}