{
    "70": [
        [
            2,
            0,
            1,
            3
        ],
        [
            0.9077581167221069,
            -Infinity,
            -Infinity,
            -Infinity
        ]
    ],
    "17": [
        [
            3,
            0,
            1,
            2
        ],
        [
            0.9475464820861816,
            -Infinity,
            -Infinity,
            -Infinity
        ]
    ],
    "78": [
        [
            3,
            0,
            1,
            2
        ],
        [
            0.9132483601570129,
            -Infinity,
            -Infinity,
            -Infinity
        ]
    ],
    "81": [
        [
            3,
            0,
            1,
            2
        ],
        [
            0.8659802079200745,
            -Infinity,
            -Infinity,
            -Infinity
        ]
    ],
    "28": [
        [
            1,
            2,
            0,
            3
        ],
        [
            0.9505224823951721,
            0.9220132827758789,
            -Infinity,
            -Infinity
        ]
    ],
    "52": [
        [
            3,
            0,
            1,
            2
        ],
        [
            0.8325161337852478,
            -Infinity,
            -Infinity,
            -Infinity
        ]
    ],
    "60": [
        [
            3,
            0,
            1,
            2
        ],
        [
            0.9223427772521973,
            -Infinity,
            -Infinity,
            -Infinity
        ]
    ],
    "12": [
        [
            3,
            0,
            1,
            2
        ],
        [
            0.9238799214363098,
            -Infinity,
            -Infinity,
            -Infinity
        ]
    ],
    "74": [
        [
            1,
            0,
            2,
            3
        ],
        [
            0.9444276094436646,
            -Infinity,
            -Infinity,
            -Infinity
        ]
    ],
    "88": [
        [
            1,
            0,
            2,
            3
        ],
        [
            0.8827423453330994,
            -Infinity,
            -Infinity,
            -Infinity
        ]
    ],
    "41": [
        [
            1,
            0,
            2,
            3
        ],
        [
            0.8543026447296143,
            -Infinity,
            -Infinity,
            -Infinity
        ]
    ],
    "37": [
        [
            2,
            1,
            0,
            3
        ],
        [
            0.9389516115188599,
            0.936948299407959,
            -Infinity,
            -Infinity
        ]
    ],
    "89": [
        [
            2,
            0,
            1,
            3
        ],
        [
            0.8980250954627991,
            -Infinity,
            -Infinity,
            -Infinity
        ]
    ],
    "73": [
        [
            1,
            2,
            0,
            3
        ],
        [
            0.9203976392745972,
            0.9166022539138794,
            -Infinity,
            -Infinity
        ]
    ],
    "54": [
        [
            3,
            0,
            1,
            2
        ],
        [
            0.9001633524894714,
            -Infinity,
            -Infinity,
            -Infinity
        ]
    ],
    "27": [
        [
            1,
            0,
            2,
            3
        ],
        [
            0.8305492997169495,
            -Infinity,
            -Infinity,
            -Infinity
        ]
    ],
    "68": [
        [
            2,
            0,
            1,
            3
        ],
        [
            0.8423399925231934,
            -Infinity,
            -Infinity,
            -Infinity
        ]
    ],
    "80": [
        [
            1,
            2,
            0,
            3
        ],
        [
            0.9291858673095703,
            0.9232579469680786,
            -Infinity,
            -Infinity
        ]
    ],
    "51": [
        [
            3,
            1,
            0,
            2
        ],
        [
            0.8581612706184387,
            0.8251556158065796,
            -Infinity,
            -Infinity
        ]
    ],
    "40": [
        [
            2,
            0,
            1,
            3
        ],
        [
            0.8611842393875122,
            -Infinity,
            -Infinity,
            -Infinity
        ]
    ],
    "26": [
        [
            3,
            0,
            1,
            2
        ],
        [
            0.8471354246139526,
            -Infinity,
            -Infinity,
            -Infinity
        ]
    ],
    "65": [
        [
            1,
            0,
            2,
            3
        ],
        [
            0.8715432286262512,
            -Infinity,
            -Infinity,
            -Infinity
        ]
    ],
    "90": [
        [
            1,
            2,
            0,
            3
        ],
        [
            0.9142135977745056,
            0.9076886773109436,
            -Infinity,
            -Infinity
        ]
    ],
    "58": [
        [
            3,
            2,
            0,
            1
        ],
        [
            0.9182453155517578,
            0.8638674020767212,
            -Infinity,
            -Infinity
        ]
    ],
    "19": [
        [
            1,
            0,
            2,
            3
        ],
        [
            0.8931137919425964,
            -Infinity,
            -Infinity,
            -Infinity
        ]
    ],
    "11": [
        [
            1,
            0,
            2,
            3
        ],
        [
            0.8020483255386353,
            -Infinity,
            -Infinity,
            -Infinity
        ]
    ],
    "30": [
        [
            3,
            0,
            1,
            2
        ],
        [
            0.9237068891525269,
            -Infinity,
            -Infinity,
            -Infinity
        ]
    ],
    "86": [
        [
            3,
            0,
            1,
            2
        ],
        [
            0.9297124743461609,
            -Infinity,
            -Infinity,
            -Infinity
        ]
    ],
    "84": [
        [
            1,
            0,
            2,
            3
        ],
        [
            0.8646180033683777,
            -Infinity,
            -Infinity,
            -Infinity
        ]
    ],
    "20": [
        [
            1,
            0,
            2,
            3
        ],
        [
            0.9395853877067566,
            -Infinity,
            -Infinity,
            -Infinity
        ]
    ],
    "59": [
        [
            3,
            1,
            0,
            2
        ],
        [
            0.8948200941085815,
            0.872024416923523,
            -Infinity,
            -Infinity
        ]
    ],
    "83": [
        [
            2,
            0,
            1,
            3
        ],
        [
            0.8696293234825134,
            -Infinity,
            -Infinity,
            -Infinity
        ]
    ],
    "6": [
        [
            1,
            0,
            2,
            3
        ],
        [
            0.9577217102050781,
            -Infinity,
            -Infinity,
            -Infinity
        ]
    ],
    "35": [
        [
            2,
            0,
            1,
            3
        ],
        [
            0.8484637141227722,
            -Infinity,
            -Infinity,
            -Infinity
        ]
    ],
    "85": [
        [
            2,
            0,
            1,
            3
        ],
        [
            0.9333214163780212,
            -Infinity,
            -Infinity,
            -Infinity
        ]
    ],
    "33": [
        [
            3,
            0,
            1,
            2
        ],
        [
            0.8840344548225403,
            -Infinity,
            -Infinity,
            -Infinity
        ]
    ],