{
    "model_file": "./data_sets/videogamessecond/checkpoint_LR/config_0/fold_2/LR-May-24-2025_01-54-06.pth",
    "data_set_name": "videogamessecond",
    "algorithm_name": "LR",
    "algorithm_config_index": 0,
    "algorithm_configuration": {},
    "fold": 2,
    "evaluation_time": 0.015504837036132812,
    "NDCG@1": 0.0,
    "HR@1": 0.0,
    "Recall@1": 0.0,
    "NDCG@3": 0.009024590885053009,
    "HR@3": 0.038461538461538464,
    "Recall@3": 0.038461538461538464,
    "NDCG@5": 0.01718667423045601,
    "HR@5": 0.11538461538461539,
    "Recall@5": 0.11538461538461539,
    "NDCG@10": 0.019243307598380145,
    "HR@10": 0.23076923076923078,
    "Recall@10": 0.23076923076923078,
    "NDCG@20": 0.024844949367358198,
    "HR@20": 0.5769230769230769,
    "Recall@20": 0.5769230769230769
}