{
    "model_file": "./data_sets/MovieLens-100K/checkpoint_MultiDAE/config_0/fold_1/MultiDAE-Apr-25-2025_15-46-13.pth",
    "data_set_name": "MovieLens-100K",
    "algorithm_name": "MultiDAE",
    "algorithm_config_index": 0,
    "algorithm_configuration": {
        "latent_dimension": 64,
        "learning_rate": 0.01
    },
    "fold": 1,
    "evaluation_time": 0.8667798042297363,
    "NDCG@1": 0.45147679324894513,
    "HR@1": 0.45147679324894513,
    "Recall@1": 0.45147679324894513,
    "NDCG@3": 0.42317456385948116,
    "HR@3": 0.7510548523206751,
    "Recall@3": 0.4139709329582751,
    "NDCG@5": 0.40659982166786257,
    "HR@5": 0.8579465541490858,
    "Recall@5": 0.3950539146741671,
    "NDCG@10": 0.36965360192291935,
    "HR@10": 0.9465541490857946,
    "Recall@10": 0.3659505949590335,
    "NDCG@20": 0.3210613457596585,
    "HR@20": 0.980309423347398,
    "Recall@20": 0.3816797524711206
}