{
    "model_file": "./data_sets/animes/checkpoint_FM/config_0/fold_4/FM-May-23-2025_14-02-32.pth",
    "data_set_name": "animes",
    "algorithm_name": "FM",
    "algorithm_config_index": 0,
    "algorithm_configuration": {
        "task": "rating",
        "epoch": 10,
        "lr": 0.05
    },
    "fold": 4,
    "evaluation_time": 0.2148876190185547,
    "NDCG@1": 0.0,
    "HR@1": 0.0,
    "Recall@1": 0.0,
    "NDCG@3": 0.0016638274717143949,
    "HR@3": 0.006521739130434782,
    "Recall@3": 0.006521739130434782,
    "NDCG@5": 0.0017729491848539722,
    "HR@5": 0.010869565217391304,
    "Recall@5": 0.010869565217391304,
    "NDCG@10": 0.0014694962818556454,
    "HR@10": 0.015217391304347827,
    "Recall@10": 0.015217391304347827,
    "NDCG@20": 0.0014217700014087977,
    "HR@20": 0.02826086956521739,
    "Recall@20": 0.02826086956521739
}