{
    "model_file": "./data_sets/airlinesreviews/checkpoint_AFM/config_0/fold_1/AFM-May-18-2025_21-17-25.pth",
    "data_set_name": "airlinesreviews",
    "algorithm_name": "AFM",
    "algorithm_config_index": 0,
    "algorithm_configuration": {},
    "fold": 1,
    "evaluation_time": 0.05061078071594238,
    "NDCG@1": 0.24561403508771928,
    "HR@1": 0.24561403508771928,
    "Recall@1": 0.24561403508771928,
    "NDCG@3": 0.16181593919657553,
    "HR@3": 0.40350877192982454,
    "Recall@3": 0.39473684210526316,
    "NDCG@5": 0.14715589784927333,
    "HR@5": 0.6140350877192983,
    "Recall@5": 0.6052631578947368,
    "NDCG@10": 0.12632742677266076,
    "HR@10": 1.0,
    "Recall@10": 1.0,
    "NDCG@20": 0.0815275964540395,
    "HR@20": 1.0,
    "Recall@20": 1.0
}