{
    "70": [
        [
            2,
            0,
            1,
            3
        ],
        [
            0.2748689651489258,
            -Infinity,
            -Infinity,
            -Infinity
        ]
    ],
    "17": [
        [
            3,
            0,
            1,
            2
        ],
        [
            0.7025409936904907,
            -Infinity,
            -Infinity,
            -Infinity
        ]
    ],
    "78": [
        [
            3,
            0,
            1,
            2
        ],
        [
            0.6273107528686523,
            -Infinity,
            -Infinity,
            -Infinity
        ]
    ],
    "81": [
        [
            3,
            0,
            1,
            2
        ],
        [
            0.28069862723350525,
            -Infinity,
            -Infinity,
            -Infinity
        ]
    ],
    "28": [
        [
            1,
            2,
            0,
            3
        ],
        [
            0.7118344902992249,
            0.277301162481308,
            -Infinity,
            -Infinity
        ]
    ],
    "52": [
        [
            3,
            0,
            1,
            2
        ],
        [
            0.27976924180984497,
            -Infinity,
            -Infinity,
            -Infinity
        ]
    ],
    "60": [
        [
            3,
            0,
            1,
            2
        ],
        [
            0.2791256606578827,
            -Infinity,
            -Infinity,
            -Infinity
        ]
    ],
    "12": [
        [
            3,
            0,
            1,
            2
        ],
        [
            0.7110387682914734,
            -Infinity,
            -Infinity,
            -Infinity
        ]
    ],
    "74": [
        [
            1,
            0,
            2,
            3
        ],
        [
            0.7096797823905945,
            -Infinity,
            -Infinity,
            -Infinity
        ]
    ],
    "88": [
        [
            1,
            0,
            2,
            3
        ],
        [
            0.3221704661846161,
            -Infinity,
            -Infinity,
            -Infinity
        ]
    ],
    "41": [
        [
            1,
            0,
            2,
            3
        ],
        [
            0.3166409134864807,
            -Infinity,
            -Infinity,
            -Infinity
        ]
    ],
    "37": [
        [
            1,
            2,
            0,
            3
        ],
        [
            0.7116267681121826,
            0.2759154736995697,
            -Infinity,
            -Infinity
        ]
    ],
    "89": [
        [
            2,
            0,
            1,
            3
        ],
        [
            0.27429714798927307,
            -Infinity,
            -Infinity,
            -Infinity
        ]
    ],
    "73": [
        [
            1,
            2,
            0,
            3
        ],
        [
            0.7070696949958801,
            0.2773025631904602,
            -Infinity,
            -Infinity
        ]
    ],
    "54": [
        [
            3,
            0,
            1,
            2
        ],
        [
            0.7287202477455139,
            -Infinity,
            -Infinity,
            -Infinity
        ]
    ],
    "27": [
        [
            1,
            0,
            2,
            3
        ],
        [
            0.3134712874889374,
            -Infinity,
            -Infinity,
            -Infinity
        ]
    ],
    "68": [
        [
            2,
            0,
            1,
            3
        ],
        [
            0.2888944447040558,
            -Infinity,
            -Infinity,
            -Infinity
        ]
    ],
    "80": [
        [
            1,
            2,
            0,
            3
        ],
        [
            0.7091763615608215,
            0.27559223771095276,
            -Infinity,
            -Infinity
        ]
    ],
    "51": [
        [
            1,
            3,
            0,
            2
        ],
        [
            0.3181003928184509,
            0.27955061197280884,
            -Infinity,
            -Infinity
        ]
    ],
    "40": [
        [
            2,
            0,
            1,
            3
        ],
        [
            0.29512426257133484,
            -Infinity,
            -Infinity,
            -Infinity
        ]
    ],
    "26": [
        [
            3,
            0,
            1,
            2
        ],
        [
            0.2829646170139313,
            -Infinity,
            -Infinity,
            -Infinity
        ]
    ],
    "65": [
        [
            1,
            0,
            2,
            3
        ],
        [
            0.31831151247024536,
            -Infinity,
            -Infinity,
            -Infinity
        ]
    ],
    "90": [
        [
            1,
            2,
            0,
            3
        ],
        [
            0.7103596329689026,
            0.2744322717189789,
            -Infinity,
            -Infinity
        ]
    ],
    "58": [
        [
            3,
            2,
            0,
            1
        ],
        [
            0.7131642699241638,
            0.2927529215812683,
            -Infinity,
            -Infinity
        ]
    ],
    "19": [
        [
            1,
            0,
            2,
            3
        ],
        [
            0.3156466782093048,
            -Infinity,
            -Infinity,
            -Infinity
        ]
    ],
    "11": [
        [
            1,
            0,
            2,
            3
        ],
        [
            0.31487390398979187,
            -Infinity,
            -Infinity,
            -Infinity
        ]
    ],
    "30": [
        [
            3,
            0,
            1,
            2
        ],
        [
            0.2899821102619171,
            -Infinity,
            -Infinity,
            -Infinity
        ]
    ],
    "86": [
        [
            3,
            0,
            1,
            2
        ],
        [
            0.5790326595306396,
            -Infinity,
            -Infinity,
            -Infinity
        ]
    ],
    "84": [
        [
            1,
            0,
            2,
            3
        ],
        [
            0.31675606966018677,
            -Infinity,
            -Infinity,
            -Infinity
        ]
    ],
    "20": [
        [
            1,
            0,
            2,
            3
        ],
        [
            0.7027119994163513,
            -Infinity,
            -Infinity,
            -Infinity
        ]
    ],
    "59": [
        [
            1,
            3,
            0,
            2
        ],
        [
            0.32040753960609436,
            0.2814202606678009,
            -Infinity,
            -Infinity
        ]
    ],
    "83": [
        [
            2,
            0,
            1,
            3
        ],
        [
            0.27835485339164734,
            -Infinity,
            -Infinity,
            -Infinity
        ]
    ],
    "6": [
        [
            1,
            0,
            2,
            3
        ],
        [
            0.7183408737182617,
            -Infinity,
            -Infinity,
            -Infinity
        ]
    ],
    "35": [
        [
            2,
            0,
            1,
            3
        ],
        [
            0.2846904397010803,
            -Infinity,
            -Infinity,
            -Infinity
        ]
    ],
    "85": [
        [
            2,
            0,
            1,
            3
        ],
        [
            0.2759069502353668,
            -Infinity,
            -Infinity,
            -Infinity
        ]
    ],
    "33": [
        [
            3,
            0,
            1,
            2
        ],
        [
            0.2806212902069092,
            -Infinity,
            -Infinity,
            -Infinity
        ]
    ],