{
    "model_file": "./data_sets/starbucks/checkpoint_DCN/config_0/fold_1/DCN-May-24-2025_01-29-06.pth",
    "data_set_name": "starbucks",
    "algorithm_name": "DCN",
    "algorithm_config_index": 0,
    "algorithm_configuration": {},
    "fold": 1,
    "evaluation_time": 0.021070003509521484,
    "NDCG@1": 0.0,
    "HR@1": 0.0,
    "Recall@1": 0.0,
    "NDCG@3": 0.0,
    "HR@3": 0.0,
    "Recall@3": 0.0,
    "NDCG@5": 0.0,
    "HR@5": 0.0,
    "Recall@5": 0.0,
    "NDCG@10": 0.0,
    "HR@10": 0.0,
    "Recall@10": 0.0,
    "NDCG@20": 0.0014538039732484127,
    "HR@20": 0.043478260869565216,
    "Recall@20": 0.043478260869565216
}