{
    "model_file": "./data_sets/MovieLens-100K/checkpoint_ItemKNN/config_0/fold_4/ItemKNN-Apr-25-2025_15-10-02.pth",
    "data_set_name": "MovieLens-100K",
    "algorithm_name": "ItemKNN",
    "algorithm_config_index": 0,
    "algorithm_configuration": {
        "epochs": 1,
        "k": 100
    },
    "fold": 4,
    "evaluation_time": 0.9347503185272217,
    "NDCG@1": 0.5063291139240507,
    "HR@1": 0.5063291139240507,
    "Recall@1": 0.5063291139240507,
    "NDCG@3": 0.4674432940000503,
    "HR@3": 0.7524613220815752,
    "Recall@3": 0.45710267229254564,
    "NDCG@5": 0.4417729303218213,
    "HR@5": 0.8382559774964838,
    "Recall@5": 0.4253633380215652,
    "NDCG@10": 0.39488764630370643,
    "HR@10": 0.9142053445850914,
    "Recall@10": 0.3826691670573523,
    "NDCG@20": 0.33962038199895406,
    "HR@20": 0.9634317862165963,
    "Recall@20": 0.3842080145753517
}