{
    "model_file": "./data_sets/products/checkpoint_DSSM/config_0/fold_1/DSSM-May-23-2025_17-25-49.pth",
    "data_set_name": "products",
    "algorithm_name": "DSSM",
    "algorithm_config_index": 0,
    "algorithm_configuration": {},
    "fold": 1,
    "evaluation_time": 0.03186917304992676,
    "NDCG@1": 0.0,
    "HR@1": 0.0,
    "Recall@1": 0.0,
    "NDCG@3": 0.024269009095562722,
    "HR@3": 0.08196721311475409,
    "Recall@3": 0.08196721311475409,
    "NDCG@5": 0.03547806165184371,
    "HR@5": 0.21311475409836064,
    "Recall@5": 0.21311475409836064,
    "NDCG@10": 0.03577022203522432,
    "HR@10": 0.39344262295081966,
    "Recall@10": 0.39344262295081966,
    "NDCG@20": 0.030915821981297473,
    "HR@20": 0.6065573770491803,
    "Recall@20": 0.6065573770491803
}