{
    "model_file": "./data_sets/ryanairreviews/checkpoint_NFM/config_0/fold_2/NFM-May-18-2025_21-53-41.pth",
    "data_set_name": "ryanairreviews",
    "algorithm_name": "NFM",
    "algorithm_config_index": 0,
    "algorithm_configuration": {
        "n_factors": 15,
        "n_epochs": 10
    },
    "fold": 2,
    "evaluation_time": 0.0220491886138916,
    "NDCG@1": 0.847457627118644,
    "HR@1": 0.847457627118644,
    "Recall@1": 0.847457627118644,
    "NDCG@3": 0.5819536068018173,
    "HR@3": 1.0,
    "Recall@3": 0.9604519774011299,
    "NDCG@5": 0.43272008952772256,
    "HR@5": 1.0,
    "Recall@5": 0.9957627118644068,
    "NDCG@10": 0.2821345135949405,
    "HR@10": 1.0,
    "Recall@10": 1.0,
    "NDCG@20": 0.18208040294780212,
    "HR@20": 1.0,
    "Recall@20": 1.0
}