{
    "model_file": "./data_sets/products/checkpoint_AFM/config_0/fold_1/AFM-May-23-2025_17-18-52.pth",
    "data_set_name": "products",
    "algorithm_name": "AFM",
    "algorithm_config_index": 0,
    "algorithm_configuration": {},
    "fold": 1,
    "evaluation_time": 0.0344088077545166,
    "NDCG@1": 0.0,
    "HR@1": 0.0,
    "Recall@1": 0.0,
    "NDCG@3": 0.004853801819112545,
    "HR@3": 0.01639344262295082,
    "Recall@3": 0.01639344262295082,
    "NDCG@5": 0.010204340485277337,
    "HR@5": 0.06557377049180328,
    "Recall@5": 0.06557377049180328,
    "NDCG@10": 0.012285697673577614,
    "HR@10": 0.14754098360655737,
    "Recall@10": 0.14754098360655737,
    "NDCG@20": 0.011637632540967665,
    "HR@20": 0.2459016393442623,
    "Recall@20": 0.2459016393442623
}