{
    "model_file": "./data_sets/MovieLens-100K/checkpoint_Pop/config_0/fold_0/Pop-Apr-25-2025_16-02-31.pth",
    "data_set_name": "MovieLens-100K",
    "algorithm_name": "Pop",
    "algorithm_config_index": 0,
    "algorithm_configuration": {
        "epochs": 1
    },
    "fold": 0,
    "evaluation_time": 0.9398720264434814,
    "NDCG@1": 0.1617440225035162,
    "HR@1": 0.1617440225035162,
    "Recall@1": 0.1617440225035162,
    "NDCG@3": 0.14773443163198502,
    "HR@3": 0.34177215189873417,
    "Recall@3": 0.14392873886544744,
    "NDCG@5": 0.1548050533803553,
    "HR@5": 0.4908579465541491,
    "Recall@5": 0.15571964369432803,
    "NDCG@10": 0.1497903903544945,
    "HR@10": 0.6751054852320675,
    "Recall@10": 0.15316176634742007,
    "NDCG@20": 0.14799265312578133,
    "HR@20": 0.8438818565400844,
    "Recall@20": 0.17606945844428068
}