{
    "model_file": "./data_sets/airlinesreviews/checkpoint_LR/config_0/fold_2/LR-May-18-2025_21-16-27.pth",
    "data_set_name": "airlinesreviews",
    "algorithm_name": "LR",
    "algorithm_config_index": 0,
    "algorithm_configuration": {},
    "fold": 2,
    "evaluation_time": 0.036798954010009766,
    "NDCG@1": 0.09243697478991597,
    "HR@1": 0.09243697478991597,
    "Recall@1": 0.09243697478991597,
    "NDCG@3": 0.16970973506445394,
    "HR@3": 0.5462184873949579,
    "Recall@3": 0.5140056022408963,
    "NDCG@5": 0.17318650946416847,
    "HR@5": 0.8403361344537815,
    "Recall@5": 0.8256302521008403,
    "NDCG@10": 0.12742265446826256,
    "HR@10": 1.0,
    "Recall@10": 1.0,
    "NDCG@20": 0.08223442064790994,
    "HR@20": 1.0,
    "Recall@20": 1.0
}