{
    "model_file": "./data_sets/winesspa/checkpoint_xDeepFM/config_0/fold_0/xDeepFM-May-18-2025_21-06-35.pth",
    "data_set_name": "winesspa",
    "algorithm_name": "xDeepFM",
    "algorithm_config_index": 0,
    "algorithm_configuration": {},
    "fold": 0,
    "evaluation_time": 0.041474342346191406,
    "NDCG@1": 0.0,
    "HR@1": 0.0,
    "Recall@1": 0.0,
    "NDCG@3": 0.04458147897216187,
    "HR@3": 0.19,
    "Recall@3": 0.06333333333333331,
    "NDCG@5": 0.06269465277543947,
    "HR@5": 0.39,
    "Recall@5": 0.08550000000000005,
    "NDCG@10": 0.06777629015568935,
    "HR@10": 0.62,
    "Recall@10": 0.1069365079365079,
    "NDCG@20": 0.0787448325140556,
    "HR@20": 0.91,
    "Recall@20": 0.22778449328449316
}