{
    "model_file": "./data_sets/airlinesreviews/checkpoint_FwFM/config_0/fold_3/FwFM-May-18-2025_21-24-36.pth",
    "data_set_name": "airlinesreviews",
    "algorithm_name": "FwFM",
    "algorithm_config_index": 0,
    "algorithm_configuration": {},
    "fold": 3,
    "evaluation_time": 0.053739309310913086,
    "NDCG@1": 0.13432835820895522,
    "HR@1": 0.13432835820895522,
    "Recall@1": 0.13432835820895522,
    "NDCG@3": 0.10918913964382894,
    "HR@3": 0.31343283582089554,
    "Recall@3": 0.291044776119403,
    "NDCG@5": 0.12127712866941241,
    "HR@5": 0.5970149253731343,
    "Recall@5": 0.5671641791044776,
    "NDCG@10": 0.11232604372373389,
    "HR@10": 1.0,
    "Recall@10": 1.0,
    "NDCG@20": 0.07249156100098153,
    "HR@20": 1.0,
    "Recall@20": 1.0
}