{
    "model_file": "./data_sets/animes/checkpoint_PNN/config_0/fold_4/PNN-May-23-2025_14-17-02.pth",
    "data_set_name": "animes",
    "algorithm_name": "PNN",
    "algorithm_config_index": 0,
    "algorithm_configuration": {},
    "fold": 4,
    "evaluation_time": 0.270949125289917,
    "NDCG@1": 0.0,
    "HR@1": 0.0,
    "Recall@1": 0.0,
    "NDCG@3": 0.0016638274717143949,
    "HR@3": 0.006521739130434782,
    "Recall@3": 0.006521739130434782,
    "NDCG@5": 0.0017729491848539722,
    "HR@5": 0.010869565217391304,
    "Recall@5": 0.010869565217391304,
    "NDCG@10": 0.001941802179360493,
    "HR@10": 0.021739130434782608,
    "Recall@10": 0.021739130434782608,
    "NDCG@20": 0.0018656317278042723,
    "HR@20": 0.0391304347826087,
    "Recall@20": 0.0391304347826087
}