{
    "model_file": "./data_sets/winesspa/checkpoint_xDeepFM/config_0/fold_3/xDeepFM-May-18-2025_21-07-07.pth",
    "data_set_name": "winesspa",
    "algorithm_name": "xDeepFM",
    "algorithm_config_index": 0,
    "algorithm_configuration": {},
    "fold": 3,
    "evaluation_time": 0.027964353561401367,
    "NDCG@1": 0.02,
    "HR@1": 0.02,
    "Recall@1": 0.02,
    "NDCG@3": 0.049274266232389424,
    "HR@3": 0.19,
    "Recall@3": 0.06333333333333331,
    "NDCG@5": 0.05412916512876121,
    "HR@5": 0.3,
    "Recall@5": 0.06600000000000003,
    "NDCG@10": 0.06362507268634975,
    "HR@10": 0.54,
    "Recall@10": 0.09763095238095232,
    "NDCG@20": 0.07397809823043441,
    "HR@20": 0.81,
    "Recall@20": 0.21445801420801416
}