{
    "model_file": "./data_sets/airlinesreviews/checkpoint_FM/config_0/fold_0/FM-May-18-2025_21-23-03.pth",
    "data_set_name": "airlinesreviews",
    "algorithm_name": "FM",
    "algorithm_config_index": 0,
    "algorithm_configuration": {
        "task": "rating",
        "epoch": 10,
        "lr": 0.05
    },
    "fold": 0,
    "evaluation_time": 0.04931783676147461,
    "NDCG@1": 0.17117117117117117,
    "HR@1": 0.17117117117117117,
    "Recall@1": 0.17117117117117117,
    "NDCG@3": 0.15204608021703625,
    "HR@3": 0.40540540540540543,
    "Recall@3": 0.3768768768768768,
    "NDCG@5": 0.1473571245143645,
    "HR@5": 0.6396396396396397,
    "Recall@5": 0.6006006006006005,
    "NDCG@10": 0.1283255074038478,
    "HR@10": 1.0,
    "Recall@10": 1.0,
    "NDCG@20": 0.08281709245299788,
    "HR@20": 1.0,
    "Recall@20": 1.0
}