{
    "model_file": "./data_sets/clothes/checkpoint_AFM/config_0/fold_1/AFM-May-23-2025_15-33-04.pth",
    "data_set_name": "clothes",
    "algorithm_name": "AFM",
    "algorithm_config_index": 0,
    "algorithm_configuration": {},
    "fold": 1,
    "evaluation_time": 0.0024423599243164062,
    "NDCG@1": 0.0,
    "HR@1": 0.0,
    "Recall@1": 0.0,
    "NDCG@3": 0.029329920376422278,
    "HR@3": 0.125,
    "Recall@3": 0.125,
    "NDCG@5": 0.021197512829601008,
    "HR@5": 0.125,
    "Recall@5": 0.125,
    "NDCG@10": 0.013755735393630012,
    "HR@10": 0.125,
    "Recall@10": 0.125,
    "NDCG@20": 0.008877502477103581,
    "HR@20": 0.125,
    "Recall@20": 0.125
}