{
    "model_file": "./data_sets/airlinesreviews/checkpoint_DSSM/config_0/fold_3/DSSM-May-18-2025_21-19-54.pth",
    "data_set_name": "airlinesreviews",
    "algorithm_name": "DSSM",
    "algorithm_config_index": 0,
    "algorithm_configuration": {},
    "fold": 3,
    "evaluation_time": 0.059563636779785156,
    "NDCG@1": 0.21641791044776118,
    "HR@1": 0.21641791044776118,
    "Recall@1": 0.21641791044776118,
    "NDCG@3": 0.173685225771289,
    "HR@3": 0.4552238805970149,
    "Recall@3": 0.44029850746268656,
    "NDCG@5": 0.14817725949727936,
    "HR@5": 0.6044776119402985,
    "Recall@5": 0.5932835820895522,
    "NDCG@10": 0.12761621717274044,
    "HR@10": 1.0,
    "Recall@10": 1.0,
    "NDCG@20": 0.0823593396972595,
    "HR@20": 1.0,
    "Recall@20": 1.0
}