{
    "model_file": "./data_sets/ryanairreviews/checkpoint_FM/config_0/fold_4/FM-May-18-2025_21-58-23.pth",
    "data_set_name": "ryanairreviews",
    "algorithm_name": "FM",
    "algorithm_config_index": 0,
    "algorithm_configuration": {
        "task": "rating",
        "epoch": 10,
        "lr": 0.05
    },
    "fold": 4,
    "evaluation_time": 0.016231298446655273,
    "NDCG@1": 0.8333333333333334,
    "HR@1": 0.8333333333333334,
    "Recall@1": 0.8333333333333334,
    "NDCG@3": 0.5666167477160865,
    "HR@3": 1.0,
    "Recall@3": 1.0,
    "NDCG@5": 0.4095089800800763,
    "HR@5": 1.0,
    "Recall@5": 1.0,
    "NDCG@10": 0.265743307555902,
    "HR@10": 1.0,
    "Recall@10": 1.0,
    "NDCG@20": 0.1715020537683273,
    "HR@20": 1.0,
    "Recall@20": 1.0
}