{
    "model_file": "./data_sets/MovieLens-100K/checkpoint_NCEPLRec/config_0/fold_4/NCEPLRec-Apr-25-2025_20-52-34.pth",
    "data_set_name": "MovieLens-100K",
    "algorithm_name": "NCEPLRec",
    "algorithm_config_index": 0,
    "algorithm_configuration": {
        "epochs": 1,
        "rank": 450
    },
    "fold": 4,
    "evaluation_time": 0.8319647312164307,
    "NDCG@1": 0.2250351617440225,
    "HR@1": 0.2250351617440225,
    "Recall@1": 0.2250351617440225,
    "NDCG@3": 0.1944309813880914,
    "HR@3": 0.450070323488045,
    "Recall@3": 0.18659165494608496,
    "NDCG@5": 0.18499868432035654,
    "HR@5": 0.5907172995780591,
    "Recall@5": 0.17761368963900712,
    "NDCG@10": 0.1666288983692537,
    "HR@10": 0.7580872011251758,
    "Recall@10": 0.16373149822516908,
    "NDCG@20": 0.1426473989489859,
    "HR@20": 0.8846694796061885,
    "Recall@20": 0.16912718372398866
}