{
    "model_file": "./data_sets/animes/checkpoint_AFM/config_0/fold_0/AFM-May-23-2025_13-00-08.pth",
    "data_set_name": "animes",
    "algorithm_name": "AFM",
    "algorithm_config_index": 0,
    "algorithm_configuration": {},
    "fold": 0,
    "evaluation_time": 0.22144293785095215,
    "NDCG@1": 0.0021929824561403508,
    "HR@1": 0.0021929824561403508,
    "Recall@1": 0.0021929824561403508,
    "NDCG@3": 0.001543680019811699,
    "HR@3": 0.0043859649122807015,
    "Recall@3": 0.0043859649122807015,
    "NDCG@5": 0.0014033890031201009,
    "HR@5": 0.006578947368421052,
    "Recall@5": 0.006578947368421052,
    "NDCG@10": 0.0015214064835878177,
    "HR@10": 0.015350877192982455,
    "Recall@10": 0.015350877192982455,
    "NDCG@20": 0.001673183254327548,
    "HR@20": 0.03508771929824561,
    "Recall@20": 0.03508771929824561
}