{
    "61": [
        [
            2,
            1,
            0,
            3
        ],
        [
            0.9800969958305359,
            0.9604420065879822,
            -Infinity,
            -Infinity
        ]
    ],
    "17": [
        [
            1,
            0,
            2,
            3
        ],
        [
            0.9675678610801697,
            -Infinity,
            -Infinity,
            -Infinity
        ]
    ],
    "85": [
        [
            2,
            0,
            1,
            3
        ],
        [
            0.9865269064903259,
            -Infinity,
            -Infinity,
            -Infinity
        ]
    ],
    "12": [
        [
            2,
            0,
            1,
            3
        ],
        [
            0.9810747504234314,
            -Infinity,
            -Infinity,
            -Infinity
        ]
    ],
    "72": [
        [
            3,
            0,
            1,
            2
        ],
        [
            0.9796120524406433,
            -Infinity,
            -Infinity,
            -Infinity
        ]
    ],
    "77": [
        [
            3,
            0,
            1,
            2
        ],
        [
            0.9867311716079712,
            -Infinity,
            -Infinity,
            -Infinity
        ]
    ],
    "82": [
        [
            2,
            0,
            1,
            3
        ],
        [
            0.9665431976318359,
            -Infinity,
            -Infinity,
            -Infinity
        ]
    ],
    "5": [
        [
            3,
            0,
            1,
            2
        ],
        [
            0.9767360687255859,
            -Infinity,
            -Infinity,
            -Infinity
        ]
    ],
    "80": [
        [
            1,
            0,
            2,
            3
        ],
        [
            0.9701367020606995,
            -Infinity,
            -Infinity,
            -Infinity
        ]
    ],
    "79": [
        [
            2,
            3,
            0,
            1
        ],
        [
            0.9817265868186951,
            0.9789100289344788,
            -Infinity,
            -Infinity
        ]
    ],
    "89": [
        [
            1,
            3,
            0,
            2
        ],
        [
            0.9760547876358032,
            0.971276581287384,
            -Infinity,
            -Infinity
        ]
    ],
    "74": [
        [
            3,
            2,
            0,
            1
        ],
        [
            0.9749719500541687,
            0.9634833335876465,
            -Infinity,
            -Infinity
        ]
    ],
    "31": [
        [
            3,
            0,
            1,
            2
        ],
        [
            0.9668189883232117,
            -Infinity,
            -Infinity,
            -Infinity
        ]
    ],
    "27": [
        [
            1,
            0,
            2,
            3
        ],
        [
            0.9891561269760132,
            -Infinity,
            -Infinity,
            -Infinity
        ]
    ],
    "25": [
        [
            3,
            0,
            1,
            2
        ],
        [
            0.9658221006393433,
            -Infinity,
            -Infinity,
            -Infinity
        ]
    ],
    "59": [
        [
            3,
            0,
            1,
            2
        ],
        [
            0.9612177610397339,
            -Infinity,
            -Infinity,
            -Infinity
        ]
    ],
    "71": [
        [
            2,
            0,
            1,
            3
        ],
        [
            0.9777626395225525,
            -Infinity,
            -Infinity,
            -Infinity
        ]
    ],
    "91": [
        [
            2,
            0,
            1,
            3
        ],
        [
            0.9791116714477539,
            -Infinity,
            -Infinity,
            -Infinity
        ]
    ],
    "67": [
        [
            1,
            0,
            2,
            3
        ],
        [
            0.9711812138557434,
            -Infinity,
            -Infinity,
            -Infinity
        ]
    ],
    "23": [
        [
            1,
            0,
            2,
            3
        ],
        [
            0.9668546915054321,
            -Infinity,
            -Infinity,
            -Infinity
        ]
    ],
    "36": [
        [
            3,
            0,
            1,
            2
        ],
        [
            0.9784324169158936,
            -Infinity,
            -Infinity,
            -Infinity
        ]
    ],
    "28": [
        [
            1,
            0,
            2,
            3
        ],
        [
            0.9827659130096436,
            -Infinity,
            -Infinity,
            -Infinity
        ]
    ],
    "64": [
        [
            1,
            0,
            2,
            3
        ],
        [
            0.967861533164978,
            -Infinity,
            -Infinity,
            -Infinity
        ]
    ],
    "19": [
        [
            2,
            0,
            1,
            3
        ],
        [
            0.9868104457855225,
            -Infinity,
            -Infinity,
            -Infinity
        ]
    ],
    "69": [
        [
            2,
            0,
            1,
            3
        ],
        [
            0.9686116576194763,
            -Infinity,
            -Infinity,
            -Infinity
        ]
    ],
    "93": [
        [
            2,
            0,
            1,
            3
        ],
        [
            0.9717974662780762,
            -Infinity,
            -Infinity,
            -Infinity
        ]
    ],
    "90": [
        [
            3,
            0,
            1,
            2
        ],
        [
            0.9813165664672852,
            -Infinity,
            -Infinity,
            -Infinity
        ]
    ],
    "87": [
        [
            1,
            0,
            2,
            3
        ],
        [
            0.9807915091514587,
            -Infinity,
            -Infinity,
            -Infinity
        ]
    ],
    "51": [
        [
            2,
            0,
            1,
            3
        ],
        [
            0.9921084046363831,
            -Infinity,
            -Infinity,
            -Infinity
        ]
    ],
    "11": [
        [
            1,
            0,
            2,
            3
        ],
        [
            0.9697487354278564,
            -Infinity,
            -Infinity,
            -Infinity
        ]
    ],
    "86": [
        [
            2,
            0,
            1,
            3
        ],
        [
            0.9932541251182556,
            -Infinity,
            -Infinity,
            -Infinity
        ]
    ],
    "84": [
        [
            2,
            0,
            1,
            3
        ],
        [
            0.9865489602088928,
            -Infinity,
            -Infinity,
            -Infinity
        ]
    ],
    "42": [
        [
            3,
            2,
            0,
            1
        ],
        [
            0.9675774574279785,
            0.9668524265289307,
            -Infinity,
            -Infinity
        ]
    ],
    "30": [
        [
            2,
            3,
            0,
            1
        ],
        [
            0.97877436876297,
            0.9777284264564514,
            -Infinity,
            -Infinity
        ]
    ],
    "33": [
        [
            3,
            0,
            1,
            2
        ],
        [
            0.9838612675666809,
            -Infinity,
            -Infinity,
            -Infinity
        ]
    ],
    "76": [
        [
            3,
            0,
            1,
            2
        ],
        [
            0.9818398356437683,
            -Infinity,
            -Infinity,
            -Infinity
        ]
    ],