{
    "model_file": "./data_sets/products/checkpoint_DSSM/config_0/fold_2/DSSM-May-23-2025_17-26-48.pth",
    "data_set_name": "products",
    "algorithm_name": "DSSM",
    "algorithm_config_index": 0,
    "algorithm_configuration": {},
    "fold": 2,
    "evaluation_time": 0.03581547737121582,
    "NDCG@1": 0.0,
    "HR@1": 0.0,
    "Recall@1": 0.0,
    "NDCG@3": 0.008582084375822181,
    "HR@3": 0.028985507246376812,
    "Recall@3": 0.028985507246376812,
    "NDCG@5": 0.0062025004270877555,
    "HR@5": 0.028985507246376812,
    "Recall@5": 0.028985507246376812,
    "NDCG@10": 0.009935317762330472,
    "HR@10": 0.11594202898550725,
    "Recall@10": 0.11594202898550725,
    "NDCG@20": 0.007883863533957236,
    "HR@20": 0.15942028985507245,
    "Recall@20": 0.15942028985507245
}