{
    "model_file": "./data_sets/productssecond/checkpoint_xDeepFM/config_0/fold_2/xDeepFM-May-24-2025_00-58-09.pth",
    "data_set_name": "productssecond",
    "algorithm_name": "xDeepFM",
    "algorithm_config_index": 0,
    "algorithm_configuration": {},
    "fold": 2,
    "evaluation_time": 0.0009999275207519531,
    "NDCG@1": 0.0,
    "HR@1": 0.0,
    "Recall@1": 0.0,
    "NDCG@3": 0.2653606369886217,
    "HR@3": 1.0,
    "Recall@3": 1.0,
    "NDCG@5": 0.19178318368566782,
    "HR@5": 1.0,
    "Recall@5": 1.0,
    "NDCG@10": 0.12445416351129733,
    "HR@10": 1.0,
    "Recall@10": 1.0,
    "NDCG@20": 0.08031865351008605,
    "HR@20": 1.0,
    "Recall@20": 1.0
}