{
    "model_file": "./data_sets/MovieLens-100K/checkpoint_MultiDAE/config_0/fold_0/MultiDAE-Apr-25-2025_15-45-57.pth",
    "data_set_name": "MovieLens-100K",
    "algorithm_name": "MultiDAE",
    "algorithm_config_index": 0,
    "algorithm_configuration": {
        "latent_dimension": 64,
        "learning_rate": 0.01
    },
    "fold": 0,
    "evaluation_time": 0.8593251705169678,
    "NDCG@1": 0.4092827004219409,
    "HR@1": 0.4092827004219409,
    "Recall@1": 0.4092827004219409,
    "NDCG@3": 0.3799278108295792,
    "HR@3": 0.7130801687763713,
    "Recall@3": 0.37248007501172065,
    "NDCG@5": 0.36637478017778974,
    "HR@5": 0.8368495077355836,
    "Recall@5": 0.35710267229254516,
    "NDCG@10": 0.3423456441448796,
    "HR@10": 0.939521800281294,
    "Recall@10": 0.3437400933181522,
    "NDCG@20": 0.3029682901217662,
    "HR@20": 0.9760900140646976,
    "Recall@20": 0.36569951866437245
}