{
    "61": [
        [
            1,
            2,
            0,
            3
        ],
        [
            0.4145801067352295,
            0.28134188055992126,
            -Infinity,
            -Infinity
        ]
    ],
    "17": [
        [
            1,
            0,
            2,
            3
        ],
        [
            0.4150712490081787,
            -Infinity,
            -Infinity,
            -Infinity
        ]
    ],
    "85": [
        [
            2,
            0,
            1,
            3
        ],
        [
            0.3001857101917267,
            -Infinity,
            -Infinity,
            -Infinity
        ]
    ],
    "12": [
        [
            2,
            0,
            1,
            3
        ],
        [
            0.5271561741828918,
            -Infinity,
            -Infinity,
            -Infinity
        ]
    ],
    "72": [
        [
            3,
            0,
            1,
            2
        ],
        [
            0.27868229150772095,
            -Infinity,
            -Infinity,
            -Infinity
        ]
    ],
    "77": [
        [
            3,
            0,
            1,
            2
        ],
        [
            0.35859450697898865,
            -Infinity,
            -Infinity,
            -Infinity
        ]
    ],
    "82": [
        [
            2,
            0,
            1,
            3
        ],
        [
            0.5693954229354858,
            -Infinity,
            -Infinity,
            -Infinity
        ]
    ],
    "5": [
        [
            3,
            0,
            1,
            2
        ],
        [
            0.4346552789211273,
            -Infinity,
            -Infinity,
            -Infinity
        ]
    ],
    "80": [
        [
            1,
            0,
            2,
            3
        ],
        [
            0.5867211222648621,
            -Infinity,
            -Infinity,
            -Infinity
        ]
    ],
    "79": [
        [
            2,
            3,
            0,
            1
        ],
        [
            0.5124200582504272,
            0.481200635433197,
            -Infinity,
            -Infinity
        ]
    ],
    "89": [
        [
            1,
            3,
            0,
            2
        ],
        [
            0.574495255947113,
            0.2847956418991089,
            -Infinity,
            -Infinity
        ]
    ],
    "74": [
        [
            2,
            3,
            0,
            1
        ],
        [
            0.52415531873703,
            0.47027909755706787,
            -Infinity,
            -Infinity
        ]
    ],
    "31": [
        [
            3,
            0,
            1,
            2
        ],
        [
            0.28292351961135864,
            -Infinity,
            -Infinity,
            -Infinity
        ]
    ],
    "27": [
        [
            1,
            0,
            2,
            3
        ],
        [
            0.5541975498199463,
            -Infinity,
            -Infinity,
            -Infinity
        ]
    ],
    "25": [
        [
            3,
            0,
            1,
            2
        ],
        [
            0.2779476046562195,
            -Infinity,
            -Infinity,
            -Infinity
        ]
    ],
    "59": [
        [
            3,
            0,
            1,
            2
        ],
        [
            0.28289154171943665,
            -Infinity,
            -Infinity,
            -Infinity
        ]
    ],
    "71": [
        [
            2,
            0,
            1,
            3
        ],
        [
            0.2808489203453064,
            -Infinity,
            -Infinity,
            -Infinity
        ]
    ],
    "91": [
        [
            2,
            0,
            1,
            3
        ],
        [
            0.2800693213939667,
            -Infinity,
            -Infinity,
            -Infinity
        ]
    ],
    "67": [
        [
            1,
            0,
            2,
            3
        ],
        [
            0.3964322805404663,
            -Infinity,
            -Infinity,
            -Infinity
        ]
    ],
    "23": [
        [
            1,
            0,
            2,
            3
        ],
        [
            0.4179101288318634,
            -Infinity,
            -Infinity,
            -Infinity
        ]
    ],
    "36": [
        [
            3,
            0,
            1,
            2
        ],
        [
            0.28687480092048645,
            -Infinity,
            -Infinity,
            -Infinity
        ]
    ],
    "28": [
        [
            1,
            0,
            2,
            3
        ],
        [
            0.5886310338973999,
            -Infinity,
            -Infinity,
            -Infinity
        ]
    ],
    "64": [
        [
            1,
            0,
            2,
            3
        ],
        [
            0.31171077489852905,
            -Infinity,
            -Infinity,
            -Infinity
        ]
    ],
    "19": [
        [
            2,
            0,
            1,
            3
        ],
        [
            0.2811880111694336,
            -Infinity,
            -Infinity,
            -Infinity
        ]
    ],
    "69": [
        [
            2,
            0,
            1,
            3
        ],
        [
            0.2809268832206726,
            -Infinity,
            -Infinity,
            -Infinity
        ]
    ],
    "93": [
        [
            2,
            0,
            1,
            3
        ],
        [
            0.2820415794849396,
            -Infinity,
            -Infinity,
            -Infinity
        ]
    ],
    "90": [
        [
            3,
            0,
            1,
            2
        ],
        [
            0.2783205509185791,
            -Infinity,
            -Infinity,
            -Infinity
        ]
    ],
    "87": [
        [
            1,
            0,
            2,
            3
        ],
        [
            0.6123682856559753,
            -Infinity,
            -Infinity,
            -Infinity
        ]
    ],
    "51": [
        [
            2,
            0,
            1,
            3
        ],
        [
            0.2800910472869873,
            -Infinity,
            -Infinity,
            -Infinity
        ]
    ],
    "11": [
        [
            1,
            0,
            2,
            3
        ],
        [
            0.42950940132141113,
            -Infinity,
            -Infinity,
            -Infinity
        ]
    ],
    "86": [
        [
            2,
            0,
            1,
            3
        ],
        [
            0.35513341426849365,
            -Infinity,
            -Infinity,
            -Infinity
        ]
    ],
    "84": [
        [
            2,
            0,
            1,
            3
        ],
        [
            0.2822401821613312,
            -Infinity,
            -Infinity,
            -Infinity
        ]
    ],
    "42": [
        [
            2,
            3,
            0,
            1
        ],
        [
            0.5483452081680298,
            0.44578635692596436,
            -Infinity,
            -Infinity
        ]
    ],
    "30": [
        [
            2,
            3,
            0,
            1
        ],
        [
            0.5318745970726013,
            0.46238189935684204,
            -Infinity,
            -Infinity
        ]
    ],
    "33": [
        [
            3,
            0,
            1,
            2
        ],
        [
            0.4229879081249237,
            -Infinity,
            -Infinity,
            -Infinity
        ]
    ],
    "76": [
        [
            3,
            0,
            1,
            2
        ],
        [
            0.42505601048469543,
            -Infinity,
            -Infinity,
            -Infinity
        ]
    ],