{
    "model_file": "./data_sets/airlinesreviews/checkpoint_AFM/config_0/fold_3/AFM-May-18-2025_21-17-37.pth",
    "data_set_name": "airlinesreviews",
    "algorithm_name": "AFM",
    "algorithm_config_index": 0,
    "algorithm_configuration": {},
    "fold": 3,
    "evaluation_time": 0.043029069900512695,
    "NDCG@1": 0.1417910447761194,
    "HR@1": 0.1417910447761194,
    "Recall@1": 0.1417910447761194,
    "NDCG@3": 0.13211879170920998,
    "HR@3": 0.373134328358209,
    "Recall@3": 0.3582089552238806,
    "NDCG@5": 0.1269483743959764,
    "HR@5": 0.5970149253731343,
    "Recall@5": 0.5708955223880597,
    "NDCG@10": 0.11611221315609349,
    "HR@10": 1.0,
    "Recall@10": 1.0,
    "NDCG@20": 0.0749350311283635,
    "HR@20": 1.0,
    "Recall@20": 1.0
}