{
    "model_file": "./data_sets/productssecond/checkpoint_FM/config_0/fold_0/FM-May-24-2025_00-54-25.pth",
    "data_set_name": "productssecond",
    "algorithm_name": "FM",
    "algorithm_config_index": 0,
    "algorithm_configuration": {
        "task": "rating",
        "epoch": 10,
        "lr": 0.05
    },
    "fold": 0,
    "evaluation_time": 0.0019998550415039062,
    "NDCG@1": 0.0,
    "HR@1": 0.0,
    "Recall@1": 0.0,
    "NDCG@3": 0.23463936301137822,
    "HR@3": 1.0,
    "Recall@3": 1.0,
    "NDCG@5": 0.16958010263680806,
    "HR@5": 1.0,
    "Recall@5": 1.0,
    "NDCG@10": 0.1100458831490401,
    "HR@10": 1.0,
    "Recall@10": 1.0,
    "NDCG@20": 0.07102001981682865,
    "HR@20": 1.0,
    "Recall@20": 1.0
}