{
    "model_file": "./data_sets/MovieLens-100K/checkpoint_CDAE/config_0/fold_3/CDAE-Apr-24-2025_15-34-55.pth",
    "data_set_name": "MovieLens-100K",
    "algorithm_name": "CDAE",
    "algorithm_config_index": 0,
    "algorithm_configuration": {
        "embedding_size": 64,
        "learning_rate": 0.01
    },
    "fold": 3,
    "evaluation_time": 0.8086695671081543,
    "NDCG@1": 0.4908579465541491,
    "HR@1": 0.4908579465541491,
    "Recall@1": 0.4908579465541491,
    "NDCG@3": 0.4476506450875879,
    "HR@3": 0.7735583684950773,
    "Recall@3": 0.4364744491326768,
    "NDCG@5": 0.41852691128554165,
    "HR@5": 0.8523206751054853,
    "Recall@5": 0.39941397093295755,
    "NDCG@10": 0.3756935772531098,
    "HR@10": 0.939521800281294,
    "Recall@10": 0.364307481079633,
    "NDCG@20": 0.32428525796450464,
    "HR@20": 0.980309423347398,
    "Recall@20": 0.37726667596068447
}