{
    "model_file": "./data_sets/disneylandreviews/checkpoint_WideDeep/config_0/fold_0/WideDeep-May-18-2025_20-39-41.pth",
    "data_set_name": "disneylandreviews",
    "algorithm_name": "WideDeep",
    "algorithm_config_index": 0,
    "algorithm_configuration": {},
    "fold": 0,
    "evaluation_time": 0.010320186614990234,
    "NDCG@1": 1.0,
    "HR@1": 1.0,
    "Recall@1": 1.0,
    "NDCG@3": 0.5198292961876602,
    "HR@3": 1.0,
    "Recall@3": 1.0,
    "NDCG@5": 0.37569444559414544,
    "HR@5": 1.0,
    "Recall@5": 1.0,
    "NDCG@10": 0.2437999884228335,
    "HR@10": 1.0,
    "Recall@10": 1.0,
    "NDCG@20": 0.15734055208300854,
    "HR@20": 1.0,
    "Recall@20": 1.0
}