{
    "model_file": "./data_sets/MovieLens-100K/checkpoint_SGL/config_0/fold_2/SGL-Apr-25-2025_16-38-57.pth",
    "data_set_name": "MovieLens-100K",
    "algorithm_name": "SGL",
    "algorithm_config_index": 0,
    "algorithm_configuration": {
        "embedding_size": 64
    },
    "fold": 2,
    "evaluation_time": 0.8800153732299805,
    "NDCG@1": 0.41068917018284107,
    "HR@1": 0.41068917018284107,
    "Recall@1": 0.41068917018284107,
    "NDCG@3": 0.3546194963484563,
    "HR@3": 0.6821378340365682,
    "Recall@3": 0.3403656821378347,
    "NDCG@5": 0.32883220444286654,
    "HR@5": 0.7749648382559775,
    "Recall@5": 0.3095405532114389,
    "NDCG@10": 0.29249411101144623,
    "HR@10": 0.8860759493670886,
    "Recall@10": 0.28056002053892354,
    "NDCG@20": 0.25717984464719484,
    "HR@20": 0.9521800281293952,
    "Recall@20": 0.2989449653278346
}