{
    "model_file": "./data_sets/productssecond/checkpoint_xDeepFM/config_0/fold_4/xDeepFM-May-24-2025_00-58-46.pth",
    "data_set_name": "productssecond",
    "algorithm_name": "xDeepFM",
    "algorithm_config_index": 0,
    "algorithm_configuration": {},
    "fold": 4,
    "evaluation_time": 0.0019998550415039062,
    "NDCG@1": 0.0,
    "HR@1": 0.0,
    "Recall@1": 0.0,
    "NDCG@3": 0.1480409554829326,
    "HR@3": 0.5,
    "Recall@3": 0.5,
    "NDCG@5": 0.17259567112343466,
    "HR@5": 1.0,
    "Recall@5": 1.0,
    "NDCG@10": 0.1120027807575878,
    "HR@10": 1.0,
    "Recall@10": 1.0,
    "NDCG@20": 0.07228293763766466,
    "HR@20": 1.0,
    "Recall@20": 1.0
}