{
    "model_file": "./data_sets/productssecond/checkpoint_FM/config_0/fold_2/FM-May-24-2025_00-54-38.pth",
    "data_set_name": "productssecond",
    "algorithm_name": "FM",
    "algorithm_config_index": 0,
    "algorithm_configuration": {
        "task": "rating",
        "epoch": 10,
        "lr": 0.05
    },
    "fold": 2,
    "evaluation_time": 0.0010004043579101562,
    "NDCG@1": 0.0,
    "HR@1": 0.0,
    "Recall@1": 0.0,
    "NDCG@3": 0.0,
    "HR@3": 0.0,
    "Recall@3": 0.0,
    "NDCG@5": 0.07303417492135322,
    "HR@5": 0.5,
    "Recall@5": 0.5,
    "NDCG@10": 0.08407614323445542,
    "HR@10": 1.0,
    "Recall@10": 1.0,
    "NDCG@20": 0.05425999762795881,
    "HR@20": 1.0,
    "Recall@20": 1.0
}