{
    "2126": [
        [
            4,
            1,
            8,
            7,
            6,
            10,
            3,
            5,
            9,
            0,
            2
        ],
        [
            0.9995940327644348,
            0.9995090961456299,
            0.9994269609451294,
            0.9992390871047974,
            0.8894902467727661,
            0.8871946334838867,
            0.4236758351325989,
            0.34296491742134094,
            0.054736409336328506,
            -Infinity,
            -Infinity
        ]
    ],
    "8400": [
        [
            8,
            1,
            7,
            4,
            6,
            10,
            5,
            3,
            9,
            0,
            2
        ],
        [
            0.9995735287666321,
            0.9995267391204834,
            0.9993415474891663,
            0.9987447261810303,
            0.9593511819839478,
            0.9485977292060852,
            0.7296527624130249,
            0.519713819026947,
            0.12358739227056503,
            -Infinity,
            -Infinity
        ]
    ]
}