{
    "model_file": "./data_sets/videogamessecond/checkpoint_DSSM/config_0/fold_1/DSSM-May-24-2025_02-00-39.pth",
    "data_set_name": "videogamessecond",
    "algorithm_name": "DSSM",
    "algorithm_config_index": 0,
    "algorithm_configuration": {},
    "fold": 1,
    "evaluation_time": 0.016507863998413086,
    "NDCG@1": 0.03571428571428571,
    "HR@1": 0.03571428571428571,
    "Recall@1": 0.03571428571428571,
    "NDCG@3": 0.03351990900162546,
    "HR@3": 0.10714285714285714,
    "Recall@3": 0.10714285714285714,
    "NDCG@5": 0.029442455728212098,
    "HR@5": 0.14285714285714285,
    "Recall@5": 0.14285714285714285,
    "NDCG@10": 0.024526217430133803,
    "HR@10": 0.21428571428571427,
    "Recall@10": 0.21428571428571427,
    "NDCG@20": 0.02317821429972461,
    "HR@20": 0.42857142857142855,
    "Recall@20": 0.42857142857142855
}