{
    "model_file": "./data_sets/videogamessecond/checkpoint_FwFM/config_0/fold_4/FwFM-May-24-2025_02-13-09.pth",
    "data_set_name": "videogamessecond",
    "algorithm_name": "FwFM",
    "algorithm_config_index": 0,
    "algorithm_configuration": {},
    "fold": 4,
    "evaluation_time": 0.01822376251220703,
    "NDCG@1": 0.034482758620689655,
    "HR@1": 0.034482758620689655,
    "Recall@1": 0.034482758620689655,
    "NDCG@3": 0.016182025035267465,
    "HR@3": 0.034482758620689655,
    "Recall@3": 0.034482758620689655,
    "NDCG@5": 0.016732019141942157,
    "HR@5": 0.06896551724137931,
    "Recall@5": 0.06896551724137931,
    "NDCG@10": 0.018284934825676488,
    "HR@10": 0.1724137931034483,
    "Recall@10": 0.1724137931034483,
    "NDCG@20": 0.019172525705390568,
    "HR@20": 0.3793103448275862,
    "Recall@20": 0.3793103448275862
}