{
    "model_file": "./data_sets/winesspa/checkpoint_LR/config_0/fold_0/LR-May-18-2025_20-58-05.pth",
    "data_set_name": "winesspa",
    "algorithm_name": "LR",
    "algorithm_config_index": 0,
    "algorithm_configuration": {},
    "fold": 0,
    "evaluation_time": 0.04077458381652832,
    "NDCG@1": 0.56,
    "HR@1": 0.56,
    "Recall@1": 0.56,
    "NDCG@3": 0.5459216382193174,
    "HR@3": 0.89,
    "Recall@3": 0.5399999999999998,
    "NDCG@5": 0.5188792186628253,
    "HR@5": 0.94,
    "Recall@5": 0.5150000000000001,
    "NDCG@10": 0.4260955588867112,
    "HR@10": 0.98,
    "Recall@10": 0.494876984126984,
    "NDCG@20": 0.3079773662416677,
    "HR@20": 0.99,
    "Recall@20": 0.5959386585636587
}