{
    "model_file": "./data_sets/products/checkpoint_DSSM/config_0/fold_4/DSSM-May-23-2025_17-28-47.pth",
    "data_set_name": "products",
    "algorithm_name": "DSSM",
    "algorithm_config_index": 0,
    "algorithm_configuration": {},
    "fold": 4,
    "evaluation_time": 0.03220391273498535,
    "NDCG@1": 0.0,
    "HR@1": 0.0,
    "Recall@1": 0.0,
    "NDCG@3": 0.010036674947995431,
    "HR@3": 0.03389830508474576,
    "Recall@3": 0.03389830508474576,
    "NDCG@5": 0.0072537716859161884,
    "HR@5": 0.03389830508474576,
    "Recall@5": 0.03389830508474576,
    "NDCG@10": 0.005785519931289167,
    "HR@10": 0.05084745762711865,
    "Recall@10": 0.05084745762711865,
    "NDCG@20": 0.005614985482573198,
    "HR@20": 0.1016949152542373,
    "Recall@20": 0.1016949152542373
}