{
    "model_file": "./data_sets/MovieLens-100K/checkpoint_LightGCN/config_0/fold_0/LightGCN-Apr-25-2025_15-35-51.pth",
    "data_set_name": "MovieLens-100K",
    "algorithm_name": "LightGCN",
    "algorithm_config_index": 0,
    "algorithm_configuration": {
        "embedding_size": 64,
        "learning_rate": 0.01
    },
    "fold": 0,
    "evaluation_time": 0.9970464706420898,
    "NDCG@1": 0.4388185654008439,
    "HR@1": 0.4388185654008439,
    "Recall@1": 0.4388185654008439,
    "NDCG@3": 0.3797080111357271,
    "HR@3": 0.6919831223628692,
    "Recall@3": 0.36380684481950337,
    "NDCG@5": 0.35730917543287793,
    "HR@5": 0.7960618846694796,
    "Recall@5": 0.3383497421472099,
    "NDCG@10": 0.32313327541678916,
    "HR@10": 0.9254571026722925,
    "Recall@10": 0.3134557855021988,
    "NDCG@20": 0.2814133431911988,
    "HR@20": 0.9746835443037974,
    "Recall@20": 0.3317610981829936
}