{
    "model_file": "./data_sets/MovieLens-100K/checkpoint_MultiDAE/config_0/fold_3/MultiDAE-Apr-25-2025_15-46-32.pth",
    "data_set_name": "MovieLens-100K",
    "algorithm_name": "MultiDAE",
    "algorithm_config_index": 0,
    "algorithm_configuration": {
        "latent_dimension": 64,
        "learning_rate": 0.01
    },
    "fold": 3,
    "evaluation_time": 0.8768086433410645,
    "NDCG@1": 0.45288326300984527,
    "HR@1": 0.45288326300984527,
    "Recall@1": 0.45288326300984527,
    "NDCG@3": 0.42825814399948814,
    "HR@3": 0.7468354430379747,
    "Recall@3": 0.4191279887482419,
    "NDCG@5": 0.4068303908425013,
    "HR@5": 0.8481012658227848,
    "Recall@5": 0.3926160337552736,
    "NDCG@10": 0.3702387240887399,
    "HR@10": 0.9324894514767933,
    "Recall@10": 0.3646010537360748,
    "NDCG@20": 0.3237931044930028,
    "HR@20": 0.980309423347398,
    "Recall@20": 0.3864233183232935
}