{
    "model_file": "./data_sets/MovieLens-100K/checkpoint_NNCF/config_0/fold_3/NNCF-Apr-25-2025_21-25-33.pth",
    "data_set_name": "MovieLens-100K",
    "algorithm_name": "NNCF",
    "algorithm_config_index": 0,
    "algorithm_configuration": {
        "ui_embedding_size": 64,
        "neigh_embedding_size": 64,
        "learning_rate": 0.01
    },
    "fold": 3,
    "evaluation_time": 0.8520314693450928,
    "NDCG@1": 0.2545710267229255,
    "HR@1": 0.2545710267229255,
    "Recall@1": 0.2545710267229255,
    "NDCG@3": 0.25663752282141034,
    "HR@3": 0.549929676511955,
    "Recall@3": 0.25738396624472604,
    "NDCG@5": 0.263683142926819,
    "HR@5": 0.729957805907173,
    "Recall@5": 0.26816690107829316,
    "NDCG@10": 0.2492662086561358,
    "HR@10": 0.8776371308016878,
    "Recall@10": 0.25771102627642706,
    "NDCG@20": 0.22607153682441922,
    "HR@20": 0.9592123769338959,
    "Recall@20": 0.28340029481017204
}