{
    "model_file": "./data_sets/ryanairreviews/checkpoint_DSSM/config_0/fold_0/DSSM-May-18-2025_21-55-29.pth",
    "data_set_name": "ryanairreviews",
    "algorithm_name": "DSSM",
    "algorithm_config_index": 0,
    "algorithm_configuration": {},
    "fold": 0,
    "evaluation_time": 0.026846647262573242,
    "NDCG@1": 0.1875,
    "HR@1": 0.1875,
    "Recall@1": 0.1875,
    "NDCG@3": 0.30420748009410575,
    "HR@3": 0.9375,
    "Recall@3": 0.7890625000000001,
    "NDCG@5": 0.2759878240980296,
    "HR@5": 1.0,
    "Recall@5": 0.9908854166666667,
    "NDCG@10": 0.1815471593699266,
    "HR@10": 1.0,
    "Recall@10": 1.0,
    "NDCG@20": 0.11716460886300419,
    "HR@20": 1.0,
    "Recall@20": 1.0
}