{
    "model_file": "./data_sets/winesspa/checkpoint_LR/config_0/fold_2/LR-May-18-2025_20-58-17.pth",
    "data_set_name": "winesspa",
    "algorithm_name": "LR",
    "algorithm_config_index": 0,
    "algorithm_configuration": {},
    "fold": 2,
    "evaluation_time": 0.030247926712036133,
    "NDCG@1": 0.68,
    "HR@1": 0.68,
    "Recall@1": 0.68,
    "NDCG@3": 0.6176536063698864,
    "HR@3": 0.96,
    "Recall@3": 0.5966666666666666,
    "NDCG@5": 0.5396272102510928,
    "HR@5": 0.98,
    "Recall@5": 0.49699999999999994,
    "NDCG@10": 0.4467274969829248,
    "HR@10": 1.0,
    "Recall@10": 0.5038968253968255,
    "NDCG@20": 0.3185264804131502,
    "HR@20": 1.0,
    "Recall@20": 0.5883475135975135
}