{
    "model_file": "./data_sets/ryanairreviews/checkpoint_AutoInt/config_0/fold_3/AutoInt-May-18-2025_21-57-19.pth",
    "data_set_name": "ryanairreviews",
    "algorithm_name": "AutoInt",
    "algorithm_config_index": 0,
    "algorithm_configuration": {},
    "fold": 3,
    "evaluation_time": 0.016157150268554688,
    "NDCG@1": 0.9152542372881356,
    "HR@1": 0.9152542372881356,
    "Recall@1": 0.9152542372881356,
    "NDCG@3": 0.6018382985824426,
    "HR@3": 1.0,
    "Recall@3": 1.0,
    "NDCG@5": 0.4349645308209576,
    "HR@5": 1.0,
    "Recall@5": 1.0,
    "NDCG@10": 0.282262218199122,
    "HR@10": 1.0,
    "Recall@10": 1.0,
    "NDCG@20": 0.18216281932958886,
    "HR@20": 1.0,
    "Recall@20": 1.0
}