{
    "model_file": "./data_sets/MovieLens-100K/checkpoint_NAIS/config_0/fold_0/NAIS-Apr-25-2025_19-33-58.pth",
    "data_set_name": "MovieLens-100K",
    "algorithm_name": "NAIS",
    "algorithm_config_index": 0,
    "algorithm_configuration": {
        "embedding_size": 64,
        "learning_rate": 0.01,
        "split_to": 20
    },
    "fold": 0,
    "evaluation_time": 0.8748693466186523,
    "NDCG@1": 0.07172995780590717,
    "HR@1": 0.07172995780590717,
    "Recall@1": 0.07172995780590717,
    "NDCG@3": 0.07869154469880746,
    "HR@3": 0.21940928270042195,
    "Recall@3": 0.08063759962494155,
    "NDCG@5": 0.07881208209823798,
    "HR@5": 0.32770745428973275,
    "Recall@5": 0.08016877637130823,
    "NDCG@10": 0.07515027865917984,
    "HR@10": 0.48945147679324896,
    "Recall@10": 0.07664367200232214,
    "NDCG@20": 0.06903994115202286,
    "HR@20": 0.6568213783403657,
    "Recall@20": 0.08102581259626909
}