{
    "model_file": "./data_sets/winesspa/checkpoint_DCN/config_0/fold_4/DCN-May-18-2025_21-00-09.pth",
    "data_set_name": "winesspa",
    "algorithm_name": "DCN",
    "algorithm_config_index": 0,
    "algorithm_configuration": {},
    "fold": 4,
    "evaluation_time": 0.03178095817565918,
    "NDCG@1": 0.0,
    "HR@1": 0.0,
    "Recall@1": 0.0,
    "NDCG@3": 0.06162065986250319,
    "HR@3": 0.26,
    "Recall@3": 0.08666666666666664,
    "NDCG@5": 0.06683975148364542,
    "HR@5": 0.4,
    "Recall@5": 0.08650000000000004,
    "NDCG@10": 0.07403150472400584,
    "HR@10": 0.61,
    "Recall@10": 0.11626984126984126,
    "NDCG@20": 0.07968166304397716,
    "HR@20": 0.86,
    "Recall@20": 0.22869169719169716
}