{
    "model_file": "./data_sets/disneylandreviews/checkpoint_LR/config_0/fold_0/LR-May-18-2025_13-51-25.pth",
    "data_set_name": "disneylandreviews",
    "algorithm_name": "LR",
    "algorithm_config_index": 0,
    "algorithm_configuration": {},
    "fold": 0,
    "evaluation_time": 0.02467966079711914,
    "NDCG@1": 1.0,
    "HR@1": 1.0,
    "Recall@1": 1.0,
    "NDCG@3": 0.535897155990076,
    "HR@3": 1.0,
    "Recall@3": 1.0,
    "NDCG@5": 0.387307114838885,
    "HR@5": 1.0,
    "Recall@5": 1.0,
    "NDCG@10": 0.2513358161696301,
    "HR@10": 1.0,
    "Recall@10": 1.0,
    "NDCG@20": 0.1622039292544095,
    "HR@20": 1.0,
    "Recall@20": 1.0
}