{
    "61": [
        [
            2,
            1,
            0,
            3
        ],
        [
            0.8414204120635986,
            0.8160092830657959,
            -Infinity,
            -Infinity
        ]
    ],
    "17": [
        [
            1,
            0,
            2,
            3
        ],
        [
            0.8037360310554504,
            -Infinity,
            -Infinity,
            -Infinity
        ]
    ],
    "85": [
        [
            2,
            0,
            1,
            3
        ],
        [
            0.8209031224250793,
            -Infinity,
            -Infinity,
            -Infinity
        ]
    ],
    "12": [
        [
            2,
            0,
            1,
            3
        ],
        [
            0.8568815588951111,
            -Infinity,
            -Infinity,
            -Infinity
        ]
    ],
    "72": [
        [
            3,
            0,
            1,
            2
        ],
        [
            0.852567195892334,
            -Infinity,
            -Infinity,
            -Infinity
        ]
    ],
    "77": [
        [
            3,
            0,
            1,
            2
        ],
        [
            0.8825342655181885,
            -Infinity,
            -Infinity,
            -Infinity
        ]
    ],
    "82": [
        [
            2,
            0,
            1,
            3
        ],
        [
            0.8372474312782288,
            -Infinity,
            -Infinity,
            -Infinity
        ]
    ],
    "5": [
        [
            3,
            0,
            1,
            2
        ],
        [
            0.8404505252838135,
            -Infinity,
            -Infinity,
            -Infinity
        ]
    ],
    "80": [
        [
            1,
            0,
            2,
            3
        ],
        [
            0.7866391539573669,
            -Infinity,
            -Infinity,
            -Infinity
        ]
    ],
    "79": [
        [
            3,
            2,
            0,
            1
        ],
        [
            0.8591566681861877,
            0.8479200005531311,
            -Infinity,
            -Infinity
        ]
    ],
    "89": [
        [
            3,
            1,
            0,
            2
        ],
        [
            0.835606038570404,
            0.7952184677124023,
            -Infinity,
            -Infinity
        ]
    ],
    "74": [
        [
            3,
            2,
            0,
            1
        ],
        [
            0.8507596850395203,
            0.83897864818573,
            -Infinity,
            -Infinity
        ]
    ],
    "31": [
        [
            3,
            0,
            1,
            2
        ],
        [
            0.8525591492652893,
            -Infinity,
            -Infinity,
            -Infinity
        ]
    ],
    "27": [
        [
            1,
            0,
            2,
            3
        ],
        [
            0.8458421230316162,
            -Infinity,
            -Infinity,
            -Infinity
        ]
    ],
    "25": [
        [
            3,
            0,
            1,
            2
        ],
        [
            0.8357406258583069,
            -Infinity,
            -Infinity,
            -Infinity
        ]
    ],
    "59": [
        [
            3,
            0,
            1,
            2
        ],
        [
            0.8407782912254333,
            -Infinity,
            -Infinity,
            -Infinity
        ]
    ],
    "71": [
        [
            2,
            0,
            1,
            3
        ],
        [
            0.8721315860748291,
            -Infinity,
            -Infinity,
            -Infinity
        ]
    ],
    "91": [
        [
            2,
            0,
            1,
            3
        ],
        [
            0.84378582239151,
            -Infinity,
            -Infinity,
            -Infinity
        ]
    ],
    "67": [
        [
            1,
            0,
            2,
            3
        ],
        [
            0.8292514085769653,
            -Infinity,
            -Infinity,
            -Infinity
        ]
    ],
    "23": [
        [
            1,
            0,
            2,
            3
        ],
        [
            0.8127121329307556,
            -Infinity,
            -Infinity,
            -Infinity
        ]
    ],
    "36": [
        [
            3,
            0,
            1,
            2
        ],
        [
            0.8478636741638184,
            -Infinity,
            -Infinity,
            -Infinity
        ]
    ],
    "28": [
        [
            1,
            0,
            2,
            3
        ],
        [
            0.8491092324256897,
            -Infinity,
            -Infinity,
            -Infinity
        ]
    ],
    "64": [
        [
            1,
            0,
            2,
            3
        ],
        [
            0.8052259683609009,
            -Infinity,
            -Infinity,
            -Infinity
        ]
    ],
    "19": [
        [
            2,
            0,
            1,
            3
        ],
        [
            0.8694067001342773,
            -Infinity,
            -Infinity,
            -Infinity
        ]
    ],
    "69": [
        [
            2,
            0,
            1,
            3
        ],
        [
            0.7908605337142944,
            -Infinity,
            -Infinity,
            -Infinity
        ]
    ],
    "93": [
        [
            2,
            0,
            1,
            3
        ],
        [
            0.8607230186462402,
            -Infinity,
            -Infinity,
            -Infinity
        ]
    ],
    "90": [
        [
            3,
            0,
            1,
            2
        ],
        [
            0.8761737942695618,
            -Infinity,
            -Infinity,
            -Infinity
        ]
    ],
    "87": [
        [
            1,
            0,
            2,
            3
        ],
        [
            0.800586998462677,
            -Infinity,
            -Infinity,
            -Infinity
        ]
    ],
    "51": [
        [
            2,
            0,
            1,
            3
        ],
        [
            0.823469340801239,
            -Infinity,
            -Infinity,
            -Infinity
        ]
    ],
    "11": [
        [
            1,
            0,
            2,
            3
        ],
        [
            0.7957351207733154,
            -Infinity,
            -Infinity,
            -Infinity
        ]
    ],
    "86": [
        [
            2,
            0,
            1,
            3
        ],
        [
            0.8212409019470215,
            -Infinity,
            -Infinity,
            -Infinity
        ]
    ],
    "84": [
        [
            2,
            0,
            1,
            3
        ],
        [
            0.8315373063087463,
            -Infinity,
            -Infinity,
            -Infinity
        ]
    ],
    "42": [
        [
            3,
            2,
            0,
            1
        ],
        [
            0.8394361734390259,
            0.826943039894104,
            -Infinity,
            -Infinity
        ]
    ],
    "30": [
        [
            3,
            2,
            0,
            1
        ],
        [
            0.8543931841850281,
            0.8428459167480469,
            -Infinity,
            -Infinity
        ]
    ],
    "33": [
        [
            3,
            0,
            1,
            2
        ],
        [
            0.8208327889442444,
            -Infinity,
            -Infinity,
            -Infinity
        ]
    ],
    "76": [
        [
            3,
            0,
            1,
            2
        ],
        [
            0.8679425120353699,
            -Infinity,
            -Infinity,
            -Infinity
        ]
    ],