{
    "87": [
        [
            2,
            0,
            1,
            3
        ],
        [
            0.8277361989021301,
            -Infinity,
            -Infinity,
            -Infinity
        ]
    ],
    "18": [
        [
            3,
            0,
            1,
            2
        ],
        [
            0.8807991743087769,
            -Infinity,
            -Infinity,
            -Infinity
        ]
    ],
    "93": [
        [
            3,
            2,
            0,
            1
        ],
        [
            0.8721387386322021,
            0.8618543744087219,
            -Infinity,
            -Infinity
        ]
    ],
    "67": [
        [
            2,
            0,
            1,
            3
        ],
        [
            0.8528892993927002,
            -Infinity,
            -Infinity,
            -Infinity
        ]
    ],
    "37": [
        [
            1,
            0,
            2,
            3
        ],
        [
            0.8593139052391052,
            -Infinity,
            -Infinity,
            -Infinity
        ]
    ],
    "34": [
        [
            3,
            0,
            1,
            2
        ],
        [
            0.858197808265686,
            -Infinity,
            -Infinity,
            -Infinity
        ]
    ],
    "1": [
        [
            3,
            0,
            1,
            2
        ],
        [
            0.8737207055091858,
            -Infinity,
            -Infinity,
            -Infinity
        ]
    ],
    "29": [
        [
            3,
            2,
            0,
            1
        ],
        [
            0.8612310886383057,
            0.8502200841903687,
            -Infinity,
            -Infinity
        ]
    ],
    "55": [
        [
            1,
            0,
            2,
            3
        ],
        [
            0.824586808681488,
            -Infinity,
            -Infinity,
            -Infinity
        ]
    ],
    "25": [
        [
            3,
            0,
            1,
            2
        ],
        [
            0.8370740413665771,
            -Infinity,
            -Infinity,
            -Infinity
        ]
    ],
    "11": [
        [
            3,
            0,
            1,
            2
        ],
        [
            0.8359546661376953,
            -Infinity,
            -Infinity,
            -Infinity
        ]
    ],
    "83": [
        [
            1,
            0,
            2,
            3
        ],
        [
            0.8166837692260742,
            -Infinity,
            -Infinity,
            -Infinity
        ]
    ],
    "52": [
        [
            3,
            0,
            1,
            2
        ],
        [
            0.8505704402923584,
            -Infinity,
            -Infinity,
            -Infinity
        ]
    ],
    "60": [
        [
            2,
            1,
            0,
            3
        ],
        [
            0.8333165645599365,
            0.8069155812263489,
            -Infinity,
            -Infinity
        ]
    ],
    "49": [
        [
            3,
            0,
            1,
            2
        ],
        [
            0.8496925234794617,
            -Infinity,
            -Infinity,
            -Infinity
        ]
    ],
    "84": [
        [
            3,
            2,
            0,
            1
        ],
        [
            0.8437613844871521,
            0.8316351175308228,
            -Infinity,
            -Infinity
        ]
    ],
    "5": [
        [
            2,
            0,
            1,
            3
        ],
        [
            0.8278841972351074,
            -Infinity,
            -Infinity,
            -Infinity
        ]
    ],
    "66": [
        [
            1,
            0,
            2,
            3
        ],
        [
            0.8132928013801575,
            -Infinity,
            -Infinity,
            -Infinity
        ]
    ],
    "62": [
        [
            3,
            0,
            1,
            2
        ],
        [
            0.8574348092079163,
            -Infinity,
            -Infinity,
            -Infinity
        ]
    ],
    "7": [
        [
            3,
            0,
            1,
            2
        ],
        [
            0.8636364340782166,
            -Infinity,
            -Infinity,
            -Infinity
        ]
    ],
    "43": [
        [
            3,
            0,
            1,
            2
        ],
        [
            0.8372840881347656,
            -Infinity,
            -Infinity,
            -Infinity
        ]
    ],
    "56": [
        [
            2,
            0,
            1,
            3
        ],
        [
            0.8277114629745483,
            -Infinity,
            -Infinity,
            -Infinity
        ]
    ],
    "33": [
        [
            1,
            0,
            2,
            3
        ],
        [
            0.7796409726142883,
            -Infinity,
            -Infinity,
            -Infinity
        ]
    ],
    "54": [
        [
            2,
            0,
            1,
            3
        ],
        [
            0.8491340279579163,
            -Infinity,
            -Infinity,
            -Infinity
        ]
    ],
    "74": [
        [
            1,
            0,
            2,
            3
        ],
        [
            0.8127782344818115,
            -Infinity,
            -Infinity,
            -Infinity
        ]
    ],
    "72": [
        [
            2,
            0,
            1,
            3
        ],
        [
            0.8408738374710083,
            -Infinity,
            -Infinity,
            -Infinity
        ]
    ],
    "15": [
        [
            1,
            0,
            2,
            3
        ],
        [
            0.8106723427772522,
            -Infinity,
            -Infinity,
            -Infinity
        ]
    ],
    "57": [
        [
            1,
            0,
            2,
            3
        ],
        [
            0.8013326525688171,
            -Infinity,
            -Infinity,
            -Infinity
        ]
    ],
    "69": [
        [
            2,
            1,
            0,
            3
        ],
        [
            0.7909045219421387,
            0.7597228288650513,
            -Infinity,
            -Infinity
        ]
    ],
    "27": [
        [
            2,
            0,
            1,
            3
        ],
        [
            0.8680022358894348,
            -Infinity,
            -Infinity,
            -Infinity
        ]
    ],
    "63": [
        [
            3,
            2,
            0,
            1
        ],
        [
            0.868927538394928,
            0.8584267497062683,
            -Infinity,
            -Infinity
        ]
    ],
    "44": [
        [
            2,
            0,
            1,
            3
        ],
        [
            0.8762040138244629,
            -Infinity,
            -Infinity,
            -Infinity
        ]
    ],
    "58": [
        [
            3,
            1,
            0,
            2
        ],
        [
            0.8501331210136414,
            0.8126306533813477,
            -Infinity,
            -Infinity
        ]
    ],
    "79": [
        [
            3,
            0,
            1,
            2
        ],
        [
            0.8592836260795593,
            -Infinity,
            -Infinity,
            -Infinity
        ]
    ],
    "3": [
        [
            3,
            0,
            1,
            2
        ],
        [
            0.8539604544639587,
            -Infinity,
            -Infinity,
            -Infinity
        ]
    ],
    "77": [
        [
            3,
            2,
            0,
            1
        ],
        [
            0.8826060891151428,
            0.873041033744812,
            -Infinity,
            -Infinity
        ]
    ],