{
    "model_file": "./data_sets/ryanairreviews/checkpoint_FM/config_0/fold_2/FM-May-18-2025_21-58-12.pth",
    "data_set_name": "ryanairreviews",
    "algorithm_name": "FM",
    "algorithm_config_index": 0,
    "algorithm_configuration": {
        "task": "rating",
        "epoch": 10,
        "lr": 0.05
    },
    "fold": 2,
    "evaluation_time": 0.030863285064697266,
    "NDCG@1": 0.9322033898305084,
    "HR@1": 0.9322033898305084,
    "Recall@1": 0.9322033898305084,
    "NDCG@3": 0.6116863154150726,
    "HR@3": 1.0,
    "Recall@3": 0.9858757062146893,
    "NDCG@5": 0.449257238633038,
    "HR@5": 1.0,
    "Recall@5": 1.0,
    "NDCG@10": 0.29153720759537305,
    "HR@10": 1.0,
    "Recall@10": 1.0,
    "NDCG@20": 0.1881485946432414,
    "HR@20": 1.0,
    "Recall@20": 1.0
}