{
    "model_file": "./data_sets/ryanairreviews/checkpoint_NFM/config_0/fold_0/NFM-May-18-2025_21-53-29.pth",
    "data_set_name": "ryanairreviews",
    "algorithm_name": "NFM",
    "algorithm_config_index": 0,
    "algorithm_configuration": {
        "n_factors": 15,
        "n_epochs": 10
    },
    "fold": 0,
    "evaluation_time": 0.028406620025634766,
    "NDCG@1": 0.84375,
    "HR@1": 0.84375,
    "Recall@1": 0.84375,
    "NDCG@3": 0.5494072810351616,
    "HR@3": 1.0,
    "Recall@3": 0.9713541666666667,
    "NDCG@5": 0.4082505924100232,
    "HR@5": 1.0,
    "Recall@5": 1.0,
    "NDCG@10": 0.26492670006279634,
    "HR@10": 1.0,
    "Recall@10": 1.0,
    "NDCG@20": 0.17097504195576915,
    "HR@20": 1.0,
    "Recall@20": 1.0
}