{
    "model_file": "./data_sets/ryanairreviews/checkpoint_NFM/config_0/fold_1/NFM-May-18-2025_21-53-35.pth",
    "data_set_name": "ryanairreviews",
    "algorithm_name": "NFM",
    "algorithm_config_index": 0,
    "algorithm_configuration": {
        "n_factors": 15,
        "n_epochs": 10
    },
    "fold": 1,
    "evaluation_time": 0.026639699935913086,
    "NDCG@1": 0.7741935483870968,
    "HR@1": 0.7741935483870968,
    "Recall@1": 0.7741935483870968,
    "NDCG@3": 0.5299169878464176,
    "HR@3": 0.9838709677419355,
    "Recall@3": 0.9381720430107526,
    "NDCG@5": 0.39712073517154944,
    "HR@5": 1.0,
    "Recall@5": 0.9946236559139785,
    "NDCG@10": 0.25896867248114835,
    "HR@10": 1.0,
    "Recall@10": 1.0,
    "NDCG@20": 0.16712992549334973,
    "HR@20": 1.0,
    "Recall@20": 1.0
}