{
    "model_file": "./data_sets/MovieLens-100K/checkpoint_MultiDAE/config_0/fold_4/MultiDAE-Apr-25-2025_15-46-42.pth",
    "data_set_name": "MovieLens-100K",
    "algorithm_name": "MultiDAE",
    "algorithm_config_index": 0,
    "algorithm_configuration": {
        "latent_dimension": 64,
        "learning_rate": 0.01
    },
    "fold": 4,
    "evaluation_time": 0.8936326503753662,
    "NDCG@1": 0.41068917018284107,
    "HR@1": 0.41068917018284107,
    "Recall@1": 0.41068917018284107,
    "NDCG@3": 0.39129729635077126,
    "HR@3": 0.7229254571026723,
    "Recall@3": 0.38677918424753865,
    "NDCG@5": 0.3778298380408933,
    "HR@5": 0.8354430379746836,
    "Recall@5": 0.37088607594936635,
    "NDCG@10": 0.34809333393382336,
    "HR@10": 0.929676511954993,
    "Recall@10": 0.3494167615475632,
    "NDCG@20": 0.306646764167988,
    "HR@20": 0.9732770745428974,
    "Recall@20": 0.3676406795361805
}