{
    "model_file": "./data_sets/MovieLens-100K/checkpoint_NCEPLRec/config_0/fold_0/NCEPLRec-Apr-25-2025_20-51-51.pth",
    "data_set_name": "MovieLens-100K",
    "algorithm_name": "NCEPLRec",
    "algorithm_config_index": 0,
    "algorithm_configuration": {
        "epochs": 1,
        "rank": 450
    },
    "fold": 0,
    "evaluation_time": 0.8168962001800537,
    "NDCG@1": 0.2348804500703235,
    "HR@1": 0.2348804500703235,
    "Recall@1": 0.2348804500703235,
    "NDCG@3": 0.2101770551893149,
    "HR@3": 0.48523206751054854,
    "Recall@3": 0.20346929207688672,
    "NDCG@5": 0.19385800086460428,
    "HR@5": 0.5893108298171589,
    "Recall@5": 0.18300515705579085,
    "NDCG@10": 0.16799715607698154,
    "HR@10": 0.7580872011251758,
    "Recall@10": 0.15923916683410355,
    "NDCG@20": 0.14295828527351495,
    "HR@20": 0.8621659634317862,
    "Recall@20": 0.16212503838498293
}