{
    "model_file": "./data_sets/clothes/checkpoint_LR/config_0/fold_2/LR-May-23-2025_15-31-58.pth",
    "data_set_name": "clothes",
    "algorithm_name": "LR",
    "algorithm_config_index": 0,
    "algorithm_configuration": {},
    "fold": 2,
    "evaluation_time": 0.0022084712982177734,
    "NDCG@1": 0.0,
    "HR@1": 0.0,
    "Recall@1": 0.0,
    "NDCG@3": 0.0,
    "HR@3": 0.0,
    "Recall@3": 0.0,
    "NDCG@5": 0.0,
    "HR@5": 0.0,
    "Recall@5": 0.0,
    "NDCG@10": 0.0,
    "HR@10": 0.0,
    "Recall@10": 0.0,
    "NDCG@20": 0.011836669969471442,
    "HR@20": 0.3333333333333333,
    "Recall@20": 0.3333333333333333
}