{
    "70": [
        [
            2,
            0,
            1,
            3
        ],
        [
            0.809687614440918,
            -Infinity,
            -Infinity,
            -Infinity
        ]
    ],
    "17": [
        [
            3,
            0,
            1,
            2
        ],
        [
            0.8427534103393555,
            -Infinity,
            -Infinity,
            -Infinity
        ]
    ],
    "78": [
        [
            3,
            0,
            1,
            2
        ],
        [
            0.8777427673339844,
            -Infinity,
            -Infinity,
            -Infinity
        ]
    ],
    "81": [
        [
            3,
            0,
            1,
            2
        ],
        [
            0.8690500259399414,
            -Infinity,
            -Infinity,
            -Infinity
        ]
    ],
    "28": [
        [
            2,
            1,
            0,
            3
        ],
        [
            0.8706580400466919,
            0.8491326570510864,
            -Infinity,
            -Infinity
        ]
    ],
    "52": [
        [
            3,
            0,
            1,
            2
        ],
        [
            0.8517466187477112,
            -Infinity,
            -Infinity,
            -Infinity
        ]
    ],
    "60": [
        [
            3,
            0,
            1,
            2
        ],
        [
            0.8458775281906128,
            -Infinity,
            -Infinity,
            -Infinity
        ]
    ],
    "12": [
        [
            3,
            0,
            1,
            2
        ],
        [
            0.8675646185874939,
            -Infinity,
            -Infinity,
            -Infinity
        ]
    ],
    "74": [
        [
            1,
            0,
            2,
            3
        ],
        [
            0.8123809099197388,
            -Infinity,
            -Infinity,
            -Infinity
        ]
    ],
    "88": [
        [
            1,
            0,
            2,
            3
        ],
        [
            0.8037127256393433,
            -Infinity,
            -Infinity,
            -Infinity
        ]
    ],
    "41": [
        [
            1,
            0,
            2,
            3
        ],
        [
            0.801847517490387,
            -Infinity,
            -Infinity,
            -Infinity
        ]
    ],
    "37": [
        [
            2,
            1,
            0,
            3
        ],
        [
            0.8795710206031799,
            0.8592891693115234,
            -Infinity,
            -Infinity
        ]
    ],
    "89": [
        [
            2,
            0,
            1,
            3
        ],
        [
            0.8228459358215332,
            -Infinity,
            -Infinity,
            -Infinity
        ]
    ],
    "73": [
        [
            2,
            1,
            0,
            3
        ],
        [
            0.8587959408760071,
            0.8356689810752869,
            -Infinity,
            -Infinity
        ]
    ],
    "54": [
        [
            3,
            0,
            1,
            2
        ],
        [
            0.8605424165725708,
            -Infinity,
            -Infinity,
            -Infinity
        ]
    ],
    "27": [
        [
            1,
            0,
            2,
            3
        ],
        [
            0.8453798890113831,
            -Infinity,
            -Infinity,
            -Infinity
        ]
    ],
    "68": [
        [
            2,
            0,
            1,
            3
        ],
        [
            0.8386094570159912,
            -Infinity,
            -Infinity,
            -Infinity
        ]
    ],
    "80": [
        [
            2,
            1,
            0,
            3
        ],
        [
            0.8138154745101929,
            0.7851643562316895,
            -Infinity,
            -Infinity
        ]
    ],
    "51": [
        [
            3,
            1,
            0,
            2
        ],
        [
            0.8362562656402588,
            0.7959807515144348,
            -Infinity,
            -Infinity
        ]
    ],
    "40": [
        [
            2,
            0,
            1,
            3
        ],
        [
            0.8544020056724548,
            -Infinity,
            -Infinity,
            -Infinity
        ]
    ],
    "26": [
        [
            3,
            0,
            1,
            2
        ],
        [
            0.866958737373352,
            -Infinity,
            -Infinity,
            -Infinity
        ]
    ],
    "65": [
        [
            1,
            0,
            2,
            3
        ],
        [
            0.8048697113990784,
            -Infinity,
            -Infinity,
            -Infinity
        ]
    ],
    "90": [
        [
            2,
            1,
            0,
            3
        ],
        [
            0.866343080997467,
            0.8442279696464539,
            -Infinity,
            -Infinity
        ]
    ],
    "58": [
        [
            3,
            2,
            0,
            1
        ],
        [
            0.8573172688484192,
            0.8459115624427795,
            -Infinity,
            -Infinity
        ]
    ],
    "19": [
        [
            1,
            0,
            2,
            3
        ],
        [
            0.8481563329696655,
            -Infinity,
            -Infinity,
            -Infinity
        ]
    ],
    "11": [
        [
            1,
            0,
            2,
            3
        ],
        [
            0.7953348159790039,
            -Infinity,
            -Infinity,
            -Infinity
        ]
    ],
    "30": [
        [
            3,
            0,
            1,
            2
        ],
        [
            0.8542438745498657,
            -Infinity,
            -Infinity,
            -Infinity
        ]
    ],
    "86": [
        [
            3,
            0,
            1,
            2
        ],
        [
            0.8340610265731812,
            -Infinity,
            -Infinity,
            -Infinity
        ]
    ],
    "84": [
        [
            1,
            0,
            2,
            3
        ],
        [
            0.8047947287559509,
            -Infinity,
            -Infinity,
            -Infinity
        ]
    ],
    "20": [
        [
            1,
            0,
            2,
            3
        ],
        [
            0.815463662147522,
            -Infinity,
            -Infinity,
            -Infinity
        ]
    ],
    "59": [
        [
            3,
            1,
            0,
            2
        ],
        [
            0.8406952023506165,
            0.801252007484436,
            -Infinity,
            -Infinity
        ]
    ],
    "83": [
        [
            2,
            0,
            1,
            3
        ],
        [
            0.8419085144996643,
            -Infinity,
            -Infinity,
            -Infinity
        ]
    ],
    "6": [
        [
            1,
            0,
            2,
            3
        ],
        [
            0.8260793685913086,
            -Infinity,
            -Infinity,
            -Infinity
        ]
    ],
    "35": [
        [
            2,
            0,
            1,
            3
        ],
        [
            0.8424122333526611,
            -Infinity,
            -Infinity,
            -Infinity
        ]
    ],
    "85": [
        [
            2,
            0,
            1,
            3
        ],
        [
            0.8206769227981567,
            -Infinity,
            -Infinity,
            -Infinity
        ]
    ],
    "33": [
        [
            3,
            0,
            1,
            2
        ],
        [
            0.8221625089645386,
            -Infinity,
            -Infinity,
            -Infinity
        ]
    ],