{
    "7406": [
        [
            6,
            2,
            7,
            8,
            5,
            4,
            9,
            10,
            1,
            0,
            3
        ],
        [
            0.9999847412109375,
            0.9999287128448486,
            0.9998726844787598,
            0.9998656511306763,
            0.9993767142295837,
            0.9430040121078491,
            0.7642043828964233,
            0.7335385084152222,
            0.03217834234237671,
            -Infinity,
            -Infinity
        ]
    ],
    "5779": [
        [
            6,
            3,
            8,
            9,
            4,
            5,
            10,
            2,
            1,
            0,
            7
        ],
        [
            0.9998651742935181,
            0.9998124241828918,
            0.9989326596260071,
            0.9980182647705078,
            0.9945282340049744,
            0.9885363578796387,
            0.9580699801445007,
            0.925167977809906,
            0.3526858389377594,
            -Infinity,
            -Infinity
        ]
    ]
}