{
    "model_file": "./data_sets/MovieLens-100K/checkpoint_ItemKNN/config_0/fold_1/ItemKNN-Apr-25-2025_15-09-36.pth",
    "data_set_name": "MovieLens-100K",
    "algorithm_name": "ItemKNN",
    "algorithm_config_index": 0,
    "algorithm_configuration": {
        "epochs": 1,
        "k": 100
    },
    "fold": 1,
    "evaluation_time": 1.2287757396697998,
    "NDCG@1": 0.5288326300984529,
    "HR@1": 0.5288326300984529,
    "Recall@1": 0.5288326300984529,
    "NDCG@3": 0.47244859826940655,
    "HR@3": 0.7693389592123769,
    "Recall@3": 0.45757149554617904,
    "NDCG@5": 0.44602762361577414,
    "HR@5": 0.8621659634317862,
    "Recall@5": 0.4262306610407866,
    "NDCG@10": 0.3976629895315443,
    "HR@10": 0.9381153305203939,
    "Recall@10": 0.3842782354385731,
    "NDCG@20": 0.34154233493212643,
    "HR@20": 0.9746835443037974,
    "Recall@20": 0.3890060380550391
}