{
    "model_file": "./data_sets/MovieLens-100K/checkpoint_SpectralCF/config_0/fold_2/SpectralCF-Apr-25-2025_17-23-27.pth",
    "data_set_name": "MovieLens-100K",
    "algorithm_name": "SpectralCF",
    "algorithm_config_index": 0,
    "algorithm_configuration": {
        "embedding_size": 64,
        "learning_rate": 0.01
    },
    "fold": 2,
    "evaluation_time": 0.9154400825500488,
    "NDCG@1": 0.30942334739803096,
    "HR@1": 0.30942334739803096,
    "Recall@1": 0.30942334739803096,
    "NDCG@3": 0.28838140772199927,
    "HR@3": 0.5977496483825597,
    "Recall@3": 0.2822315986872954,
    "NDCG@5": 0.2731015363342809,
    "HR@5": 0.710267229254571,
    "Recall@5": 0.26258790436005597,
    "NDCG@10": 0.24987327860390524,
    "HR@10": 0.8579465541490858,
    "Recall@10": 0.2471351550465472,
    "NDCG@20": 0.2237024033577504,
    "HR@20": 0.9465541490857946,
    "Recall@20": 0.2673464158991786
}