{
    "40": [
        [
            3,
            1,
            0,
            2
        ],
        [
            0.8797106146812439,
            0.8757904171943665,
            -Infinity,
            -Infinity
        ]
    ],
    "93": [
        [
            3,
            1,
            0,
            2
        ],
        [
            0.8387332558631897,
            0.8346207737922668,
            -Infinity,
            -Infinity
        ]
    ],
    "41": [
        [
            1,
            0,
            2,
            3
        ],
        [
            0.8908448219299316,
            -Infinity,
            -Infinity,
            -Infinity
        ]
    ],
    "74": [
        [
            3,
            1,
            0,
            2
        ],
        [
            0.8862536549568176,
            0.8853724002838135,
            -Infinity,
            -Infinity
        ]
    ],
    "32": [
        [
            2,
            0,
            1,
            3
        ],
        [
            0.9275276064872742,
            -Infinity,
            -Infinity,
            -Infinity
        ]
    ],
    "56": [
        [
            1,
            0,
            2,
            3
        ],
        [
            0.9847411513328552,
            -Infinity,
            -Infinity,
            -Infinity
        ]
    ],
    "81": [
        [
            1,
            0,
            2,
            3
        ],
        [
            0.8621107339859009,
            -Infinity,
            -Infinity,
            -Infinity
        ]
    ],
    "48": [
        [
            2,
            0,
            1,
            3
        ],
        [
            0.8955698013305664,
            -Infinity,
            -Infinity,
            -Infinity
        ]
    ],
    "37": [
        [
            1,
            0,
            2,
            3
        ],
        [
            0.9074563384056091,
            -Infinity,
            -Infinity,
            -Infinity
        ]
    ],
    "11": [
        [
            2,
            0,
            1,
            3
        ],
        [
            0.8857256174087524,
            -Infinity,
            -Infinity,
            -Infinity
        ]
    ],
    "89": [
        [
            2,
            0,
            1,
            3
        ],
        [
            0.8745021820068359,
            -Infinity,
            -Infinity,
            -Infinity
        ]
    ],
    "34": [
        [
            2,
            0,
            1,
            3
        ],
        [
            0.9402548670768738,
            -Infinity,
            -Infinity,
            -Infinity
        ]
    ],
    "70": [
        [
            2,
            0,
            1,
            3
        ],
        [
            0.8908112049102783,
            -Infinity,
            -Infinity,
            -Infinity
        ]
    ],
    "68": [
        [
            2,
            0,
            1,
            3
        ],
        [
            0.8824602365493774,
            -Infinity,
            -Infinity,
            -Infinity
        ]
    ],
    "16": [
        [
            2,
            0,
            1,
            3
        ],
        [
            0.8907116055488586,
            -Infinity,
            -Infinity,
            -Infinity
        ]
    ],
    "38": [
        [
            1,
            0,
            2,
            3
        ],
        [
            0.9248701930046082,
            -Infinity,
            -Infinity,
            -Infinity
        ]
    ],
    "88": [
        [
            2,
            0,
            1,
            3
        ],
        [
            0.9244364500045776,
            -Infinity,
            -Infinity,
            -Infinity
        ]
    ],
    "13": [
        [
            1,
            0,
            2,
            3
        ],
        [
            0.8496415019035339,
            -Infinity,
            -Infinity,
            -Infinity
        ]
    ],
    "25": [
        [
            1,
            0,
            2,
            3
        ],
        [
            0.8517324328422546,
            -Infinity,
            -Infinity,
            -Infinity
        ]
    ],
    "80": [
        [
            1,
            0,
            2,
            3
        ],
        [
            0.8663985133171082,
            -Infinity,
            -Infinity,
            -Infinity
        ]
    ],
    "26": [
        [
            1,
            3,
            0,
            2
        ],
        [
            0.8632552623748779,
            0.8626508116722107,
            -Infinity,
            -Infinity
        ]
    ],
    "52": [
        [
            1,
            3,
            0,
            2
        ],
        [
            0.8710006475448608,
            0.8671482801437378,
            -Infinity,
            -Infinity
        ]
    ],
    "95": [
        [
            3,
            0,
            1,
            2
        ],
        [
            0.9777040481567383,
            -Infinity,
            -Infinity,
            -Infinity
        ]
    ],
    "67": [
        [
            3,
            0,
            1,
            2
        ],
        [
            0.8420792818069458,
            -Infinity,
            -Infinity,
            -Infinity
        ]
    ],
    "71": [
        [
            3,
            1,
            0,
            2
        ],
        [
            0.8927785754203796,
            0.8911237120628357,
            -Infinity,
            -Infinity
        ]
    ],
    "22": [
        [
            1,
            2,
            0,
            3
        ],
        [
            0.9614468216896057,
            0.8817086815834045,
            -Infinity,
            -Infinity
        ]
    ],
    "43": [
        [
            1,
            0,
            2,
            3
        ],
        [
            0.8693411946296692,
            -Infinity,
            -Infinity,
            -Infinity
        ]
    ],
    "14": [
        [
            3,
            0,
            1,
            2
        ],
        [
            0.9647194743156433,
            -Infinity,
            -Infinity,
            -Infinity
        ]
    ],
    "75": [
        [
            3,
            0,
            1,
            2
        ],
        [
            0.9499170184135437,
            -Infinity,
            -Infinity,
            -Infinity
        ]
    ],
    "94": [
        [
            3,
            0,
            1,
            2
        ],
        [
            0.9793013334274292,
            -Infinity,
            -Infinity,
            -Infinity
        ]
    ],
    "28": [
        [
            1,
            2,
            0,
            3
        ],
        [
            0.9608785510063171,
            0.8759337067604065,
            -Infinity,
            -Infinity
        ]
    ],
    "69": [
        [
            3,
            2,
            0,
            1
        ],
        [
            0.9661198258399963,
            0.8577882647514343,
            -Infinity,
            -Infinity
        ]
    ],
    "65": [
        [
            2,
            0,
            1,
            3
        ],
        [
            0.9441107511520386,
            -Infinity,
            -Infinity,
            -Infinity
        ]
    ],
    "51": [
        [
            2,
            0,
            1,
            3
        ],
        [
            0.8626548051834106,
            -Infinity,
            -Infinity,
            -Infinity
        ]
    ],
    "87": [
        [
            1,
            0,
            2,
            3
        ],
        [
            0.8697821497917175,
            -Infinity,
            -Infinity,
            -Infinity
        ]
    ],
    "91": [
        [
            2,
            0,
            1,
            3
        ],
        [
            0.902512788772583,
            -Infinity,
            -Infinity,
            -Infinity
        ]
    ],