{
    "model_file": "./data_sets/MovieLens-100K/checkpoint_DMF/config_0/fold_3/DMF-Apr-25-2025_13-43-43.pth",
    "data_set_name": "MovieLens-100K",
    "algorithm_name": "DMF",
    "algorithm_config_index": 0,
    "algorithm_configuration": {
        "user_embedding_size": 64,
        "item_embedding_size": 64,
        "learning_rate": 0.01
    },
    "fold": 3,
    "evaluation_time": 0.8724954128265381,
    "NDCG@1": 0.3628691983122363,
    "HR@1": 0.3628691983122363,
    "Recall@1": 0.3628691983122363,
    "NDCG@3": 0.32751896494414123,
    "HR@3": 0.5710267229254571,
    "Recall@3": 0.3164556962025323,
    "NDCG@5": 0.2972366650994074,
    "HR@5": 0.6779184247538678,
    "Recall@5": 0.27775433661509547,
    "NDCG@10": 0.25610972391606984,
    "HR@10": 0.7819971870604782,
    "Recall@10": 0.23485254392427338,
    "NDCG@20": 0.22655222285627355,
    "HR@20": 0.9015471167369902,
    "Recall@20": 0.24375318271381047
}