{
    "44": [
        [
            2,
            0,
            1,
            3
        ],
        [
            0.9828810691833496,
            -Infinity,
            -Infinity,
            -Infinity
        ]
    ],
    "87": [
        [
            3,
            0,
            1,
            2
        ],
        [
            0.9831157326698303,
            -Infinity,
            -Infinity,
            -Infinity
        ]
    ],
    "97": [
        [
            2,
            3,
            0,
            1
        ],
        [
            0.989540159702301,
            0.9891242980957031,
            -Infinity,
            -Infinity
        ]
    ],
    "19": [
        [
            3,
            0,
            1,
            2
        ],
        [
            0.9848533868789673,
            -Infinity,
            -Infinity,
            -Infinity
        ]
    ],
    "59": [
        [
            2,
            0,
            1,
            3
        ],
        [
            0.9825877547264099,
            -Infinity,
            -Infinity,
            -Infinity
        ]
    ],
    "26": [
        [
            2,
            0,
            1,
            3
        ],
        [
            0.9902592897415161,
            -Infinity,
            -Infinity,
            -Infinity
        ]
    ],
    "83": [
        [
            3,
            0,
            1,
            2
        ],
        [
            0.9878172278404236,
            -Infinity,
            -Infinity,
            -Infinity
        ]
    ],
    "11": [
        [
            1,
            2,
            0,
            3
        ],
        [
            0.9815983772277832,
            0.9600929021835327,
            -Infinity,
            -Infinity
        ]
    ],
    "34": [
        [
            3,
            0,
            1,
            2
        ],
        [
            0.9786580801010132,
            -Infinity,
            -Infinity,
            -Infinity
        ]
    ],
    "72": [
        [
            2,
            0,
            1,
            3
        ],
        [
            0.9472184181213379,
            -Infinity,
            -Infinity,
            -Infinity
        ]
    ],
    "69": [
        [
            1,
            0,
            2,
            3
        ],
        [
            0.9672962427139282,
            -Infinity,
            -Infinity,
            -Infinity
        ]
    ],
    "1": [
        [
            3,
            0,
            1,
            2
        ],
        [
            0.9861353635787964,
            -Infinity,
            -Infinity,
            -Infinity
        ]
    ],
    "80": [
        [
            2,
            0,
            1,
            3
        ],
        [
            0.9772886633872986,
            -Infinity,
            -Infinity,
            -Infinity
        ]
    ],
    "54": [
        [
            3,
            0,
            1,
            2
        ],
        [
            0.9802592992782593,
            -Infinity,
            -Infinity,
            -Infinity
        ]
    ],
    "8": [
        [
            3,
            0,
            1,
            2
        ],
        [
            0.9841273427009583,
            -Infinity,
            -Infinity,
            -Infinity
        ]
    ],
    "68": [
        [
            2,
            0,
            1,
            3
        ],
        [
            0.9807080626487732,
            -Infinity,
            -Infinity,
            -Infinity
        ]
    ],
    "37": [
        [
            1,
            0,
            2,
            3
        ],
        [
            0.9819017052650452,
            -Infinity,
            -Infinity,
            -Infinity
        ]
    ],
    "60": [
        [
            3,
            0,
            1,
            2
        ],
        [
            0.9851866364479065,
            -Infinity,
            -Infinity,
            -Infinity
        ]
    ],
    "39": [
        [
            2,
            0,
            1,
            3
        ],
        [
            0.9806428551673889,
            -Infinity,
            -Infinity,
            -Infinity
        ]
    ],
    "25": [
        [
            3,
            0,
            1,
            2
        ],
        [
            0.978829026222229,
            -Infinity,
            -Infinity,
            -Infinity
        ]
    ],
    "57": [
        [
            2,
            0,
            1,
            3
        ],
        [
            0.9222555756568909,
            -Infinity,
            -Infinity,
            -Infinity
        ]
    ],
    "90": [
        [
            2,
            0,
            1,
            3
        ],
        [
            0.9194424152374268,
            -Infinity,
            -Infinity,
            -Infinity
        ]
    ],
    "92": [
        [
            3,
            0,
            1,
            2
        ],
        [
            0.9831919074058533,
            -Infinity,
            -Infinity,
            -Infinity
        ]
    ],
    "63": [
        [
            1,
            0,
            2,
            3
        ],
        [
            0.9852978587150574,
            -Infinity,
            -Infinity,
            -Infinity
        ]
    ],
    "36": [
        [
            2,
            3,
            0,
            1
        ],
        [
            0.9807747006416321,
            0.9781613349914551,
            -Infinity,
            -Infinity
        ]
    ],
    "29": [
        [
            2,
            0,
            1,
            3
        ],
        [
            0.974944531917572,
            -Infinity,
            -Infinity,
            -Infinity
        ]
    ],
    "77": [
        [
            3,
            0,
            1,
            2
        ],
        [
            0.9808468222618103,
            -Infinity,
            -Infinity,
            -Infinity
        ]
    ],
    "74": [
        [
            3,
            0,
            1,
            2
        ],
        [
            0.9732609391212463,
            -Infinity,
            -Infinity,
            -Infinity
        ]
    ],
    "76": [
        [
            3,
            0,
            1,
            2
        ],
        [
            0.9667302966117859,
            -Infinity,
            -Infinity,
            -Infinity
        ]
    ],
    "43": [
        [
            3,
            0,
            1,
            2
        ],
        [
            0.9843519330024719,
            -Infinity,
            -Infinity,
            -Infinity
        ]
    ],
    "42": [
        [
            3,
            0,
            1,
            2
        ],
        [
            0.9725509881973267,
            -Infinity,
            -Infinity,
            -Infinity
        ]
    ],
    "15": [
        [
            2,
            0,
            1,
            3
        ],
        [
            0.9779452681541443,
            -Infinity,
            -Infinity,
            -Infinity
        ]
    ],
    "78": [
        [
            2,
            0,
            1,
            3
        ],
        [
            0.9834638237953186,
            -Infinity,
            -Infinity,
            -Infinity
        ]
    ],
    "91": [
        [
            1,
            3,
            0,
            2
        ],
        [
            0.9794808626174927,
            0.9743263721466064,
            -Infinity,
            -Infinity
        ]
    ],
    "30": [
        [
            2,
            0,
            1,
            3
        ],
        [
            0.9698436260223389,
            -Infinity,
            -Infinity,
            -Infinity
        ]
    ],
    "46": [
        [
            2,
            0,
            1,
            3
        ],
        [
            0.9591427445411682,
            -Infinity,
            -Infinity,
            -Infinity
        ]
    ],