{
    "model_file": "./data_sets/products/checkpoint_DSSM/config_0/fold_3/DSSM-May-23-2025_17-27-48.pth",
    "data_set_name": "products",
    "algorithm_name": "DSSM",
    "algorithm_config_index": 0,
    "algorithm_configuration": {},
    "fold": 3,
    "evaluation_time": 0.03851032257080078,
    "NDCG@1": 0.0,
    "HR@1": 0.0,
    "Recall@1": 0.0,
    "NDCG@3": 0.004001106904944125,
    "HR@3": 0.013513513513513514,
    "Recall@3": 0.013513513513513514,
    "NDCG@5": 0.004664747868200937,
    "HR@5": 0.02702702702702703,
    "Recall@5": 0.02702702702702703,
    "NDCG@10": 0.003922429526615738,
    "HR@10": 0.04054054054054054,
    "Recall@10": 0.04054054054054054,
    "NDCG@20": 0.00444532558135231,
    "HR@20": 0.0945945945945946,
    "Recall@20": 0.0945945945945946
}