{
    "40": [
        [
            1,
            3,
            0,
            2
        ],
        [
            0.9907252192497253,
            0.9780803918838501,
            -Infinity,
            -Infinity
        ]
    ],
    "93": [
        [
            1,
            3,
            0,
            2
        ],
        [
            0.9926210641860962,
            0.9832875728607178,
            -Infinity,
            -Infinity
        ]
    ],
    "41": [
        [
            1,
            0,
            2,
            3
        ],
        [
            0.984762966632843,
            -Infinity,
            -Infinity,
            -Infinity
        ]
    ],
    "74": [
        [
            1,
            3,
            0,
            2
        ],
        [
            0.9855400919914246,
            0.9758591055870056,
            -Infinity,
            -Infinity
        ]
    ],
    "32": [
        [
            2,
            0,
            1,
            3
        ],
        [
            0.9830984473228455,
            -Infinity,
            -Infinity,
            -Infinity
        ]
    ],
    "56": [
        [
            1,
            0,
            2,
            3
        ],
        [
            0.9814797043800354,
            -Infinity,
            -Infinity,
            -Infinity
        ]
    ],
    "81": [
        [
            1,
            0,
            2,
            3
        ],
        [
            0.9924352765083313,
            -Infinity,
            -Infinity,
            -Infinity
        ]
    ],
    "48": [
        [
            2,
            0,
            1,
            3
        ],
        [
            0.9910127520561218,
            -Infinity,
            -Infinity,
            -Infinity
        ]
    ],
    "37": [
        [
            1,
            0,
            2,
            3
        ],
        [
            0.9946300983428955,
            -Infinity,
            -Infinity,
            -Infinity
        ]
    ],
    "11": [
        [
            2,
            0,
            1,
            3
        ],
        [
            0.9786347150802612,
            -Infinity,
            -Infinity,
            -Infinity
        ]
    ],
    "89": [
        [
            2,
            0,
            1,
            3
        ],
        [
            0.9855475425720215,
            -Infinity,
            -Infinity,
            -Infinity
        ]
    ],
    "34": [
        [
            2,
            0,
            1,
            3
        ],
        [
            0.9792124032974243,
            -Infinity,
            -Infinity,
            -Infinity
        ]
    ],
    "70": [
        [
            2,
            0,
            1,
            3
        ],
        [
            0.9680850505828857,
            -Infinity,
            -Infinity,
            -Infinity
        ]
    ],
    "68": [
        [
            2,
            0,
            1,
            3
        ],
        [
            0.9825654029846191,
            -Infinity,
            -Infinity,
            -Infinity
        ]
    ],
    "16": [
        [
            2,
            0,
            1,
            3
        ],
        [
            0.9919025301933289,
            -Infinity,
            -Infinity,
            -Infinity
        ]
    ],
    "38": [
        [
            1,
            0,
            2,
            3
        ],
        [
            0.9938647150993347,
            -Infinity,
            -Infinity,
            -Infinity
        ]
    ],
    "88": [
        [
            2,
            0,
            1,
            3
        ],
        [
            0.9713010787963867,
            -Infinity,
            -Infinity,
            -Infinity
        ]
    ],
    "13": [
        [
            1,
            0,
            2,
            3
        ],
        [
            0.9887461066246033,
            -Infinity,
            -Infinity,
            -Infinity
        ]
    ],
    "25": [
        [
            1,
            0,
            2,
            3
        ],
        [
            0.9887732863426208,
            -Infinity,
            -Infinity,
            -Infinity
        ]
    ],
    "80": [
        [
            1,
            0,
            2,
            3
        ],
        [
            0.9885922074317932,
            -Infinity,
            -Infinity,
            -Infinity
        ]
    ],
    "26": [
        [
            1,
            3,
            0,
            2
        ],
        [
            0.9911250472068787,
            0.9783735275268555,
            -Infinity,
            -Infinity
        ]
    ],
    "52": [
        [
            1,
            3,
            0,
            2
        ],
        [
            0.9901080131530762,
            0.9672362804412842,
            -Infinity,
            -Infinity
        ]
    ],
    "95": [
        [
            3,
            0,
            1,
            2
        ],
        [
            0.9931609630584717,
            -Infinity,
            -Infinity,
            -Infinity
        ]
    ],
    "67": [
        [
            3,
            0,
            1,
            2
        ],
        [
            0.9806851148605347,
            -Infinity,
            -Infinity,
            -Infinity
        ]
    ],
    "71": [
        [
            1,
            3,
            0,
            2
        ],
        [
            0.9917144179344177,
            0.9843915700912476,
            -Infinity,
            -Infinity
        ]
    ],
    "22": [
        [
            1,
            2,
            0,
            3
        ],
        [
            0.9758723974227905,
            0.9655867218971252,
            -Infinity,
            -Infinity
        ]
    ],
    "43": [
        [
            1,
            0,
            2,
            3
        ],
        [
            0.9931011199951172,
            -Infinity,
            -Infinity,
            -Infinity
        ]
    ],
    "14": [
        [
            3,
            0,
            1,
            2
        ],
        [
            0.9856942296028137,
            -Infinity,
            -Infinity,
            -Infinity
        ]
    ],
    "75": [
        [
            3,
            0,
            1,
            2
        ],
        [
            0.9908143877983093,
            -Infinity,
            -Infinity,
            -Infinity
        ]
    ],
    "94": [
        [
            3,
            0,
            1,
            2
        ],
        [
            0.974358856678009,
            -Infinity,
            -Infinity,
            -Infinity
        ]
    ],
    "28": [
        [
            1,
            2,
            0,
            3
        ],
        [
            0.9636472463607788,
            0.9536558985710144,
            -Infinity,
            -Infinity
        ]
    ],
    "69": [
        [
            2,
            3,
            0,
            1
        ],
        [
            0.9889057874679565,
            0.9821917414665222,
            -Infinity,
            -Infinity
        ]
    ],
    "65": [
        [
            2,
            0,
            1,
            3
        ],
        [
            0.9851750731468201,
            -Infinity,
            -Infinity,
            -Infinity
        ]
    ],
    "51": [
        [
            2,
            0,
            1,
            3
        ],
        [
            0.991925060749054,
            -Infinity,
            -Infinity,
            -Infinity
        ]
    ],
    "87": [
        [
            1,
            0,
            2,
            3
        ],
        [
            0.9911173582077026,
            -Infinity,
            -Infinity,
            -Infinity
        ]
    ],
    "91": [
        [
            2,
            0,
            1,
            3
        ],
        [
            0.9736667275428772,
            -Infinity,
            -Infinity,
            -Infinity
        ]
    ],