{
    "61": [
        [
            1,
            2,
            0,
            3
        ],
        [
            0.9081818461418152,
            0.8602409958839417,
            -Infinity,
            -Infinity
        ]
    ],
    "17": [
        [
            1,
            0,
            2,
            3
        ],
        [
            0.9240436553955078,
            -Infinity,
            -Infinity,
            -Infinity
        ]
    ],
    "85": [
        [
            2,
            0,
            1,
            3
        ],
        [
            0.9307546615600586,
            -Infinity,
            -Infinity,
            -Infinity
        ]
    ],
    "12": [
        [
            2,
            0,
            1,
            3
        ],
        [
            0.9331648349761963,
            -Infinity,
            -Infinity,
            -Infinity
        ]
    ],
    "72": [
        [
            3,
            0,
            1,
            2
        ],
        [
            0.8493912220001221,
            -Infinity,
            -Infinity,
            -Infinity
        ]
    ],
    "77": [
        [
            3,
            0,
            1,
            2
        ],
        [
            0.9214317798614502,
            -Infinity,
            -Infinity,
            -Infinity
        ]
    ],
    "82": [
        [
            2,
            0,
            1,
            3
        ],
        [
            0.954889178276062,
            -Infinity,
            -Infinity,
            -Infinity
        ]
    ],
    "5": [
        [
            3,
            0,
            1,
            2
        ],
        [
            0.8939749002456665,
            -Infinity,
            -Infinity,
            -Infinity
        ]
    ],
    "80": [
        [
            1,
            0,
            2,
            3
        ],
        [
            0.91670161485672,
            -Infinity,
            -Infinity,
            -Infinity
        ]
    ],
    "79": [
        [
            2,
            3,
            0,
            1
        ],
        [
            0.9458669424057007,
            0.9089215397834778,
            -Infinity,
            -Infinity
        ]
    ],
    "89": [
        [
            1,
            3,
            0,
            2
        ],
        [
            0.9234560132026672,
            0.7122572660446167,
            -Infinity,
            -Infinity
        ]
    ],
    "74": [
        [
            2,
            3,
            0,
            1
        ],
        [
            0.9563711881637573,
            0.8977687954902649,
            -Infinity,
            -Infinity
        ]
    ],
    "31": [
        [
            3,
            0,
            1,
            2
        ],
        [
            0.9141378402709961,
            -Infinity,
            -Infinity,
            -Infinity
        ]
    ],
    "27": [
        [
            1,
            0,
            2,
            3
        ],
        [
            0.9281309247016907,
            -Infinity,
            -Infinity,
            -Infinity
        ]
    ],
    "25": [
        [
            3,
            0,
            1,
            2
        ],
        [
            0.7431272864341736,
            -Infinity,
            -Infinity,
            -Infinity
        ]
    ],
    "59": [
        [
            3,
            0,
            1,
            2
        ],
        [
            0.8817042112350464,
            -Infinity,
            -Infinity,
            -Infinity
        ]
    ],
    "71": [
        [
            2,
            0,
            1,
            3
        ],
        [
            0.873883068561554,
            -Infinity,
            -Infinity,
            -Infinity
        ]
    ],
    "91": [
        [
            2,
            0,
            1,
            3
        ],
        [
            0.88658207654953,
            -Infinity,
            -Infinity,
            -Infinity
        ]
    ],
    "67": [
        [
            1,
            0,
            2,
            3
        ],
        [
            0.8801233768463135,
            -Infinity,
            -Infinity,
            -Infinity
        ]
    ],
    "23": [
        [
            1,
            0,
            2,
            3
        ],
        [
            0.9327007532119751,
            -Infinity,
            -Infinity,
            -Infinity
        ]
    ],
    "36": [
        [
            3,
            0,
            1,
            2
        ],
        [
            0.8474521636962891,
            -Infinity,
            -Infinity,
            -Infinity
        ]
    ],
    "28": [
        [
            1,
            0,
            2,
            3
        ],
        [
            0.9381038546562195,
            -Infinity,
            -Infinity,
            -Infinity
        ]
    ],
    "64": [
        [
            1,
            0,
            2,
            3
        ],
        [
            0.9291534423828125,
            -Infinity,
            -Infinity,
            -Infinity
        ]
    ],
    "19": [
        [
            2,
            0,
            1,
            3
        ],
        [
            0.8959974050521851,
            -Infinity,
            -Infinity,
            -Infinity
        ]
    ],
    "69": [
        [
            2,
            0,
            1,
            3
        ],
        [
            0.8257438540458679,
            -Infinity,
            -Infinity,
            -Infinity
        ]
    ],
    "93": [
        [
            2,
            0,
            1,
            3
        ],
        [
            0.8520486354827881,
            -Infinity,
            -Infinity,
            -Infinity
        ]
    ],
    "90": [
        [
            3,
            0,
            1,
            2
        ],
        [
            0.7620688676834106,
            -Infinity,
            -Infinity,
            -Infinity
        ]
    ],
    "87": [
        [
            1,
            0,
            2,
            3
        ],
        [
            0.9205660223960876,
            -Infinity,
            -Infinity,
            -Infinity
        ]
    ],
    "51": [
        [
            2,
            0,
            1,
            3
        ],
        [
            0.8725013732910156,
            -Infinity,
            -Infinity,
            -Infinity
        ]
    ],
    "11": [
        [
            1,
            0,
            2,
            3
        ],
        [
            0.902178943157196,
            -Infinity,
            -Infinity,
            -Infinity
        ]
    ],
    "86": [
        [
            2,
            0,
            1,
            3
        ],
        [
            0.9401882886886597,
            -Infinity,
            -Infinity,
            -Infinity
        ]
    ],
    "84": [
        [
            2,
            0,
            1,
            3
        ],
        [
            0.9114110469818115,
            -Infinity,
            -Infinity,
            -Infinity
        ]
    ],
    "42": [
        [
            2,
            3,
            0,
            1
        ],
        [
            0.9686160087585449,
            0.9329566359519958,
            -Infinity,
            -Infinity
        ]
    ],
    "30": [
        [
            2,
            3,
            0,
            1
        ],
        [
            0.9603709578514099,
            0.9341617226600647,
            -Infinity,
            -Infinity
        ]
    ],
    "33": [
        [
            3,
            0,
            1,
            2
        ],
        [
            0.9208916425704956,
            -Infinity,
            -Infinity,
            -Infinity
        ]
    ],
    "76": [
        [
            3,
            0,
            1,
            2
        ],
        [
            0.9176315665245056,
            -Infinity,
            -Infinity,
            -Infinity
        ]
    ],