{
    "model_file": "./data_sets/MovieLens-100K/checkpoint_FISM/config_0/fold_4/FISM-Apr-25-2025_19-08-13.pth",
    "data_set_name": "MovieLens-100K",
    "algorithm_name": "FISM",
    "algorithm_config_index": 0,
    "algorithm_configuration": {
        "embedding_size": 64,
        "learning_rate": 0.01,
        "split_to": 5
    },
    "fold": 4,
    "evaluation_time": 0.9017560482025146,
    "NDCG@1": 0.20815752461322082,
    "HR@1": 0.20815752461322082,
    "Recall@1": 0.20815752461322082,
    "NDCG@3": 0.2222535325704826,
    "HR@3": 0.4838255977496484,
    "Recall@3": 0.2259728082512896,
    "NDCG@5": 0.22821632315380483,
    "HR@5": 0.6568213783403657,
    "Recall@5": 0.23340365682137826,
    "NDCG@10": 0.21932507382546096,
    "HR@10": 0.8213783403656821,
    "Recall@10": 0.22533878061304202,
    "NDCG@20": 0.19560868839748669,
    "HR@20": 0.9043600562587905,
    "Recall@20": 0.2260974594454889
}