{
    "model_file": "./data_sets/winesspa/checkpoint_AFM/config_0/fold_1/AFM-May-18-2025_20-59-11.pth",
    "data_set_name": "winesspa",
    "algorithm_name": "AFM",
    "algorithm_config_index": 0,
    "algorithm_configuration": {},
    "fold": 1,
    "evaluation_time": 0.04101681709289551,
    "NDCG@1": 0.01,
    "HR@1": 0.01,
    "Recall@1": 0.01,
    "NDCG@3": 0.06223508534204807,
    "HR@3": 0.24,
    "Recall@3": 0.0833333333333333,
    "NDCG@5": 0.06465971155437578,
    "HR@5": 0.33,
    "Recall@5": 0.08183333333333337,
    "NDCG@10": 0.05495737913028906,
    "HR@10": 0.46,
    "Recall@10": 0.07767857142857143,
    "NDCG@20": 0.06311587429381625,
    "HR@20": 0.79,
    "Recall@20": 0.17284324009324006
}