{
    "model_file": "./data_sets/laptops/checkpoint_FwFM/config_0/fold_1/FwFM-May-23-2025_16-52-33.pth",
    "data_set_name": "laptops",
    "algorithm_name": "FwFM",
    "algorithm_config_index": 0,
    "algorithm_configuration": {},
    "fold": 1,
    "evaluation_time": 0.0019960403442382812,
    "NDCG@1": 0.0,
    "HR@1": 0.0,
    "Recall@1": 0.0,
    "NDCG@3": 0.0,
    "HR@3": 0.0,
    "Recall@3": 0.0,
    "NDCG@5": 0.0,
    "HR@5": 0.0,
    "Recall@5": 0.0,
    "NDCG@10": 0.0,
    "HR@10": 0.0,
    "Recall@10": 0.0,
    "NDCG@20": 0.0032281827189467567,
    "HR@20": 0.09090909090909091,
    "Recall@20": 0.09090909090909091
}