{
    "model_file": "./data_sets/MovieLens-100K/checkpoint_RecVAE/config_0/fold_3/RecVAE-Apr-25-2025_16-05-07.pth",
    "data_set_name": "MovieLens-100K",
    "algorithm_name": "RecVAE",
    "algorithm_config_index": 0,
    "algorithm_configuration": {
        "latent_dimension": 200,
        "learning_rate": 0.01
    },
    "fold": 3,
    "evaluation_time": 0.8512992858886719,
    "NDCG@1": 0.44022503516174405,
    "HR@1": 0.44022503516174405,
    "Recall@1": 0.44022503516174405,
    "NDCG@3": 0.40786871670199026,
    "HR@3": 0.7130801687763713,
    "Recall@3": 0.3999062353492733,
    "NDCG@5": 0.3847994611204426,
    "HR@5": 0.8227848101265823,
    "Recall@5": 0.37041725269573267,
    "NDCG@10": 0.3467626653988152,
    "HR@10": 0.9113924050632911,
    "Recall@10": 0.33860145558457777,
    "NDCG@20": 0.2996493883258852,
    "HR@20": 0.9578059071729957,
    "Recall@20": 0.3486420044817394
}