{
    "model_file": "./data_sets/starbucks/checkpoint_FwFM/config_0/fold_3/FwFM-May-24-2025_01-33-17.pth",
    "data_set_name": "starbucks",
    "algorithm_name": "FwFM",
    "algorithm_config_index": 0,
    "algorithm_configuration": {},
    "fold": 3,
    "evaluation_time": 0.012916803359985352,
    "NDCG@1": 0.0,
    "HR@1": 0.0,
    "Recall@1": 0.0,
    "NDCG@3": 0.0,
    "HR@3": 0.0,
    "Recall@3": 0.0,
    "NDCG@5": 0.0,
    "HR@5": 0.0,
    "Recall@5": 0.0,
    "NDCG@10": 0.0021938202827224734,
    "HR@10": 0.034482758620689655,
    "Recall@10": 0.034482758620689655,
    "NDCG@20": 0.002590405229064536,
    "HR@20": 0.06896551724137931,
    "Recall@20": 0.04597701149425287
}