{
    "model_file": "./data_sets/videogamessecond/checkpoint_DSSM/config_0/fold_2/DSSM-May-24-2025_02-01-19.pth",
    "data_set_name": "videogamessecond",
    "algorithm_name": "DSSM",
    "algorithm_config_index": 0,
    "algorithm_configuration": {},
    "fold": 2,
    "evaluation_time": 0.013600349426269531,
    "NDCG@1": 0.0,
    "HR@1": 0.0,
    "Recall@1": 0.0,
    "NDCG@3": 0.02041235669143244,
    "HR@3": 0.07692307692307693,
    "Recall@3": 0.07692307692307693,
    "NDCG@5": 0.019798901726295285,
    "HR@5": 0.11538461538461539,
    "Recall@5": 0.11538461538461539,
    "NDCG@10": 0.023529074893577268,
    "HR@10": 0.2692307692307692,
    "Recall@10": 0.2692307692307692,
    "NDCG@20": 0.026501631863377065,
    "HR@20": 0.5769230769230769,
    "Recall@20": 0.5769230769230769
}