{
    "model_file": "./data_sets/clothes/checkpoint_LR/config_0/fold_1/LR-May-23-2025_15-31-52.pth",
    "data_set_name": "clothes",
    "algorithm_name": "LR",
    "algorithm_config_index": 0,
    "algorithm_configuration": {},
    "fold": 1,
    "evaluation_time": 0.0,
    "NDCG@1": 0.0,
    "HR@1": 0.0,
    "Recall@1": 0.0,
    "NDCG@3": 0.0,
    "HR@3": 0.0,
    "Recall@3": 0.0,
    "NDCG@5": 0.032801269378085446,
    "HR@5": 0.25,
    "Recall@5": 0.25,
    "NDCG@10": 0.029567557342203885,
    "HR@10": 0.375,
    "Recall@10": 0.375,
    "NDCG@20": 0.02362647208094277,
    "HR@20": 0.5,
    "Recall@20": 0.5
}