{
    "model_file": "./data_sets/airlinesreviews/checkpoint_LR/config_0/fold_4/LR-May-18-2025_21-16-39.pth",
    "data_set_name": "airlinesreviews",
    "algorithm_name": "LR",
    "algorithm_config_index": 0,
    "algorithm_configuration": {},
    "fold": 4,
    "evaluation_time": 0.06744575500488281,
    "NDCG@1": 0.26119402985074625,
    "HR@1": 0.26119402985074625,
    "Recall@1": 0.26119402985074625,
    "NDCG@3": 0.21808588458361813,
    "HR@3": 0.582089552238806,
    "Recall@3": 0.5472636815920399,
    "NDCG@5": 0.18985551638869475,
    "HR@5": 0.7835820895522388,
    "Recall@5": 0.7562189054726368,
    "NDCG@10": 0.1442296221915795,
    "HR@10": 1.0,
    "Recall@10": 1.0,
    "NDCG@20": 0.09308108884315891,
    "HR@20": 1.0,
    "Recall@20": 1.0
}