{
    "1268": [
        [
            5,
            10,
            3,
            1,
            6,
            8,
            4,
            7,
            9,
            0,
            2
        ],
        [
            1.0,
            1.0,
            0.9999997615814209,
            0.8360952734947205,
            9.542570613370991e-17,
            4.72459427270157e-27,
            0.0,
            0.0,
            0.0,
            -Infinity,
            -Infinity
        ]
    ],
    "5334": [
        [
            6,
            7,
            8,
            3,
            10,
            9,
            5,
            1,
            2,
            0,
            4
        ],
        [
            1.0,
            1.0,
            1.0,
            0.9963964819908142,
            0.012052916921675205,
            0.0034283234272152185,
            9.775591878296983e-29,
            0.0,
            0.0,
            -Infinity,
            -Infinity
        ]
    ]
}