{
    "model_file": "./data_sets/ryanairreviews/checkpoint_LR/config_0/fold_2/LR-May-18-2025_21-53-11.pth",
    "data_set_name": "ryanairreviews",
    "algorithm_name": "LR",
    "algorithm_config_index": 0,
    "algorithm_configuration": {},
    "fold": 2,
    "evaluation_time": 0.024074316024780273,
    "NDCG@1": 0.4915254237288136,
    "HR@1": 0.4915254237288136,
    "Recall@1": 0.4915254237288136,
    "NDCG@3": 0.48565434525230866,
    "HR@3": 1.0,
    "Recall@3": 0.9350282485875706,
    "NDCG@5": 0.37550072799529016,
    "HR@5": 1.0,
    "Recall@5": 1.0,
    "NDCG@10": 0.24367427895623897,
    "HR@10": 1.0,
    "Recall@10": 1.0,
    "NDCG@20": 0.15725942329787623,
    "HR@20": 1.0,
    "Recall@20": 1.0
}