{
    "num_users": 190308,
    "num_items": 8113,
    "num_interactions": 192112,
    "density": 0.012442738447971906,
    "feedback_type": "explicit",
    "user_item_ratio": 23.457167508936276,
    "item_user_ratio": 0.042630893078588396,
    "highest_num_rating_by_single_user": 3,
    "lowest_num_rating_by_single_user": 1,
    "highest_num_rating_on_single_item": 1708,
    "lowest_num_rating_on_single_item": 1,
    "mean_num_ratings_by_user": 1.0094793702839608,
    "mean_num_ratings_on_item": 23.679526685566376
}