{
    "model_file": "./data_sets/MovieLens-100K/checkpoint_GCMC/config_0/fold_3/GCMC-Apr-25-2025_19-24-56.pth",
    "data_set_name": "MovieLens-100K",
    "algorithm_name": "GCMC",
    "algorithm_config_index": 0,
    "algorithm_configuration": {
        "embedding_size": 64,
        "learning_rate": 0.01
    },
    "fold": 3,
    "evaluation_time": 0.8994908332824707,
    "NDCG@1": 0.014064697609001406,
    "HR@1": 0.014064697609001406,
    "Recall@1": 0.014064697609001406,
    "NDCG@3": 0.016618385873609757,
    "HR@3": 0.04781997187060478,
    "Recall@3": 0.017815283638068453,
    "NDCG@5": 0.017675663457467853,
    "HR@5": 0.07313642756680731,
    "Recall@5": 0.018846694796061866,
    "NDCG@10": 0.016915638280423712,
    "HR@10": 0.12939521800281295,
    "Recall@10": 0.01722534771057975,
    "NDCG@20": 0.019227968743410272,
    "HR@20": 0.23066104078762306,
    "Recall@20": 0.022279385940539978
}