{
    "model_file": "./data_sets/videogamessecond/checkpoint_AFM/config_0/fold_0/AFM-May-24-2025_01-55-29.pth",
    "data_set_name": "videogamessecond",
    "algorithm_name": "AFM",
    "algorithm_config_index": 0,
    "algorithm_configuration": {},
    "fold": 0,
    "evaluation_time": 0.012998104095458984,
    "NDCG@1": 0.0,
    "HR@1": 0.0,
    "Recall@1": 0.0,
    "NDCG@3": 0.041340159247155436,
    "HR@3": 0.15,
    "Recall@3": 0.15,
    "NDCG@5": 0.036437885480910245,
    "HR@5": 0.2,
    "Recall@5": 0.2,
    "NDCG@10": 0.03776635890638283,
    "HR@10": 0.4,
    "Recall@10": 0.4,
    "NDCG@20": 0.029829618904225863,
    "HR@20": 0.55,
    "Recall@20": 0.55
}