{
    "model_file": "./data_sets/MovieLens-100K/checkpoint_Pop/config_0/fold_4/Pop-Apr-25-2025_16-03-34.pth",
    "data_set_name": "MovieLens-100K",
    "algorithm_name": "Pop",
    "algorithm_config_index": 0,
    "algorithm_configuration": {
        "epochs": 1
    },
    "fold": 4,
    "evaluation_time": 1.0104811191558838,
    "NDCG@1": 0.1308016877637131,
    "HR@1": 0.1308016877637131,
    "Recall@1": 0.1308016877637131,
    "NDCG@3": 0.14701929855693005,
    "HR@3": 0.360056258790436,
    "Recall@3": 0.15236755743084823,
    "NDCG@5": 0.14708048457694126,
    "HR@5": 0.469760900140647,
    "Recall@5": 0.15028129395218073,
    "NDCG@10": 0.14812806187994376,
    "HR@10": 0.6624472573839663,
    "Recall@10": 0.1534218516286026,
    "NDCG@20": 0.14175479221251042,
    "HR@20": 0.8073136427566807,
    "Recall@20": 0.16391257316473845
}