{
    "model_file": "./data_sets/videogamessecond/checkpoint_FwFM/config_0/fold_0/FwFM-May-24-2025_02-12-30.pth",
    "data_set_name": "videogamessecond",
    "algorithm_name": "FwFM",
    "algorithm_config_index": 0,
    "algorithm_configuration": {},
    "fold": 0,
    "evaluation_time": 0.01000213623046875,
    "NDCG@1": 0.05,
    "HR@1": 0.05,
    "Recall@1": 0.05,
    "NDCG@3": 0.02346393630113782,
    "HR@3": 0.05,
    "Recall@3": 0.05,
    "NDCG@5": 0.030078518014914984,
    "HR@5": 0.15,
    "Recall@5": 0.15,
    "NDCG@10": 0.022831611251785563,
    "HR@10": 0.2,
    "Recall@10": 0.2,
    "NDCG@20": 0.02750353687840574,
    "HR@20": 0.55,
    "Recall@20": 0.55
}