{
    "model_file": "./data_sets/MovieLens-100K/checkpoint_SimpleX/config_0/fold_4/SimpleX-Apr-25-2025_17-12-55.pth",
    "data_set_name": "MovieLens-100K",
    "algorithm_name": "SimpleX",
    "algorithm_config_index": 0,
    "algorithm_configuration": {
        "embedding_size": 64
    },
    "fold": 4,
    "evaluation_time": 1.0669441223144531,
    "NDCG@1": 0.4711673699015471,
    "HR@1": 0.4711673699015471,
    "Recall@1": 0.4711673699015471,
    "NDCG@3": 0.40448216792833663,
    "HR@3": 0.7426160337552743,
    "Recall@3": 0.38490389123300534,
    "NDCG@5": 0.3746014014242624,
    "HR@5": 0.8382559774964838,
    "Recall@5": 0.3502812939521792,
    "NDCG@10": 0.3272486473511828,
    "HR@10": 0.9127988748241913,
    "Recall@10": 0.31155202821869504,
    "NDCG@20": 0.27713759152195727,
    "HR@20": 0.9563994374120957,
    "Recall@20": 0.318275073285132
}