{
    "model_file": "./data_sets/disneylandreviews/checkpoint_WideDeep/config_0/fold_3/WideDeep-May-18-2025_20-39-57.pth",
    "data_set_name": "disneylandreviews",
    "algorithm_name": "WideDeep",
    "algorithm_config_index": 0,
    "algorithm_configuration": {},
    "fold": 3,
    "evaluation_time": 0.014267444610595703,
    "NDCG@1": 1.0,
    "HR@1": 1.0,
    "Recall@1": 1.0,
    "NDCG@3": 0.511576141875023,
    "HR@3": 1.0,
    "Recall@3": 1.0,
    "NDCG@5": 0.36972967166426307,
    "HR@5": 1.0,
    "Recall@5": 1.0,
    "NDCG@10": 0.2399292582800168,
    "HR@10": 1.0,
    "Recall@10": 1.0,
    "NDCG@20": 0.1548425092341348,
    "HR@20": 1.0,
    "Recall@20": 1.0
}