{
    "44": [
        [
            2,
            0,
            1,
            3
        ],
        [
            0.931864321231842,
            -Infinity,
            -Infinity,
            -Infinity
        ]
    ],
    "87": [
        [
            3,
            0,
            1,
            2
        ],
        [
            0.9531756043434143,
            -Infinity,
            -Infinity,
            -Infinity
        ]
    ],
    "97": [
        [
            3,
            2,
            0,
            1
        ],
        [
            0.9680086374282837,
            0.9315688610076904,
            -Infinity,
            -Infinity
        ]
    ],
    "19": [
        [
            3,
            0,
            1,
            2
        ],
        [
            0.9672355055809021,
            -Infinity,
            -Infinity,
            -Infinity
        ]
    ],
    "59": [
        [
            2,
            0,
            1,
            3
        ],
        [
            0.9353919625282288,
            -Infinity,
            -Infinity,
            -Infinity
        ]
    ],
    "26": [
        [
            2,
            0,
            1,
            3
        ],
        [
            0.9055913686752319,
            -Infinity,
            -Infinity,
            -Infinity
        ]
    ],
    "83": [
        [
            3,
            0,
            1,
            2
        ],
        [
            0.969051718711853,
            -Infinity,
            -Infinity,
            -Infinity
        ]
    ],
    "11": [
        [
            1,
            2,
            0,
            3
        ],
        [
            0.9530130624771118,
            0.8797914385795593,
            -Infinity,
            -Infinity
        ]
    ],
    "34": [
        [
            3,
            0,
            1,
            2
        ],
        [
            0.9661308526992798,
            -Infinity,
            -Infinity,
            -Infinity
        ]
    ],
    "72": [
        [
            2,
            0,
            1,
            3
        ],
        [
            0.8973791599273682,
            -Infinity,
            -Infinity,
            -Infinity
        ]
    ],
    "69": [
        [
            1,
            0,
            2,
            3
        ],
        [
            0.9539860486984253,
            -Infinity,
            -Infinity,
            -Infinity
        ]
    ],
    "1": [
        [
            3,
            0,
            1,
            2
        ],
        [
            0.9238172769546509,
            -Infinity,
            -Infinity,
            -Infinity
        ]
    ],
    "80": [
        [
            2,
            0,
            1,
            3
        ],
        [
            0.924920916557312,
            -Infinity,
            -Infinity,
            -Infinity
        ]
    ],
    "54": [
        [
            3,
            0,
            1,
            2
        ],
        [
            0.8661854267120361,
            -Infinity,
            -Infinity,
            -Infinity
        ]
    ],
    "8": [
        [
            3,
            0,
            1,
            2
        ],
        [
            0.962513267993927,
            -Infinity,
            -Infinity,
            -Infinity
        ]
    ],
    "68": [
        [
            2,
            0,
            1,
            3
        ],
        [
            0.9119578003883362,
            -Infinity,
            -Infinity,
            -Infinity
        ]
    ],
    "37": [
        [
            1,
            0,
            2,
            3
        ],
        [
            0.8936197757720947,
            -Infinity,
            -Infinity,
            -Infinity
        ]
    ],
    "60": [
        [
            3,
            0,
            1,
            2
        ],
        [
            0.9313792586326599,
            -Infinity,
            -Infinity,
            -Infinity
        ]
    ],
    "39": [
        [
            2,
            0,
            1,
            3
        ],
        [
            0.9319184422492981,
            -Infinity,
            -Infinity,
            -Infinity
        ]
    ],
    "25": [
        [
            3,
            0,
            1,
            2
        ],
        [
            0.8530722856521606,
            -Infinity,
            -Infinity,
            -Infinity
        ]
    ],
    "57": [
        [
            2,
            0,
            1,
            3
        ],
        [
            0.8955197334289551,
            -Infinity,
            -Infinity,
            -Infinity
        ]
    ],
    "90": [
        [
            2,
            0,
            1,
            3
        ],
        [
            0.8841896653175354,
            -Infinity,
            -Infinity,
            -Infinity
        ]
    ],
    "92": [
        [
            3,
            0,
            1,
            2
        ],
        [
            0.9537750482559204,
            -Infinity,
            -Infinity,
            -Infinity
        ]
    ],
    "63": [
        [
            1,
            0,
            2,
            3
        ],
        [
            0.8914158940315247,
            -Infinity,
            -Infinity,
            -Infinity
        ]
    ],
    "36": [
        [
            3,
            2,
            0,
            1
        ],
        [
            0.9653598070144653,
            0.9213017225265503,
            -Infinity,
            -Infinity
        ]
    ],
    "29": [
        [
            2,
            0,
            1,
            3
        ],
        [
            0.8784638047218323,
            -Infinity,
            -Infinity,
            -Infinity
        ]
    ],
    "77": [
        [
            3,
            0,
            1,
            2
        ],
        [
            0.9694240689277649,
            -Infinity,
            -Infinity,
            -Infinity
        ]
    ],
    "74": [
        [
            3,
            0,
            1,
            2
        ],
        [
            0.8972653150558472,
            -Infinity,
            -Infinity,
            -Infinity
        ]
    ],
    "76": [
        [
            3,
            0,
            1,
            2
        ],
        [
            0.886020839214325,
            -Infinity,
            -Infinity,
            -Infinity
        ]
    ],
    "43": [
        [
            3,
            0,
            1,
            2
        ],
        [
            0.8478343486785889,
            -Infinity,
            -Infinity,
            -Infinity
        ]
    ],
    "42": [
        [
            3,
            0,
            1,
            2
        ],
        [
            0.9194841980934143,
            -Infinity,
            -Infinity,
            -Infinity
        ]
    ],
    "15": [
        [
            2,
            0,
            1,
            3
        ],
        [
            0.9346299171447754,
            -Infinity,
            -Infinity,
            -Infinity
        ]
    ],
    "78": [
        [
            2,
            0,
            1,
            3
        ],
        [
            0.9140987992286682,
            -Infinity,
            -Infinity,
            -Infinity
        ]
    ],
    "91": [
        [
            1,
            3,
            0,
            2
        ],
        [
            0.910453200340271,
            0.8791798949241638,
            -Infinity,
            -Infinity
        ]
    ],
    "30": [
        [
            2,
            0,
            1,
            3
        ],
        [
            0.9395001530647278,
            -Infinity,
            -Infinity,
            -Infinity
        ]
    ],
    "46": [
        [
            2,
            0,
            1,
            3
        ],
        [
            0.9156940579414368,
            -Infinity,
            -Infinity,
            -Infinity
        ]
    ],