{
    "model_file": "./data_sets/MovieLens-100K/checkpoint_DMF/config_0/fold_1/DMF-Apr-25-2025_13-40-56.pth",
    "data_set_name": "MovieLens-100K",
    "algorithm_name": "DMF",
    "algorithm_config_index": 0,
    "algorithm_configuration": {
        "user_embedding_size": 64,
        "item_embedding_size": 64,
        "learning_rate": 0.01
    },
    "fold": 1,
    "evaluation_time": 0.8575606346130371,
    "NDCG@1": 0.3558368495077356,
    "HR@1": 0.3558368495077356,
    "Recall@1": 0.3558368495077356,
    "NDCG@3": 0.3083944835843433,
    "HR@3": 0.5780590717299579,
    "Recall@3": 0.29653070792311353,
    "NDCG@5": 0.2865938152767497,
    "HR@5": 0.6821378340365682,
    "Recall@5": 0.27076887013595835,
    "NDCG@10": 0.2664806293520378,
    "HR@10": 0.8002812939521801,
    "Recall@10": 0.25658975732815387,
    "NDCG@20": 0.22451548167659727,
    "HR@20": 0.870604781997187,
    "Recall@20": 0.2372514168614156
}