{
    "model_file": "./data_sets/MovieLens-100K/checkpoint_SimpleX/config_0/fold_2/SimpleX-Apr-25-2025_17-10-16.pth",
    "data_set_name": "MovieLens-100K",
    "algorithm_name": "SimpleX",
    "algorithm_config_index": 0,
    "algorithm_configuration": {
        "embedding_size": 64
    },
    "fold": 2,
    "evaluation_time": 0.8519313335418701,
    "NDCG@1": 0.4149085794655415,
    "HR@1": 0.4149085794655415,
    "Recall@1": 0.4149085794655415,
    "NDCG@3": 0.38162484219593157,
    "HR@3": 0.7060478199718706,
    "Recall@3": 0.37130801687763776,
    "NDCG@5": 0.35452299160454986,
    "HR@5": 0.8185654008438819,
    "Recall@5": 0.33837318330989147,
    "NDCG@10": 0.31351439114048274,
    "HR@10": 0.9113924050632911,
    "Recall@10": 0.30547295336324887,
    "NDCG@20": 0.26756944814309774,
    "HR@20": 0.9704641350210971,
    "Recall@20": 0.31448156258397153
}