{
    "model_file": "./data_sets/MovieLens-100K/checkpoint_SimpleX/config_0/fold_3/SimpleX-Apr-25-2025_17-11-35.pth",
    "data_set_name": "MovieLens-100K",
    "algorithm_name": "SimpleX",
    "algorithm_config_index": 0,
    "algorithm_configuration": {
        "embedding_size": 64
    },
    "fold": 3,
    "evaluation_time": 0.8535656929016113,
    "NDCG@1": 0.42053445850914206,
    "HR@1": 0.42053445850914206,
    "Recall@1": 0.42053445850914206,
    "NDCG@3": 0.37662767914165507,
    "HR@3": 0.7032348804500703,
    "Recall@3": 0.36380684481950337,
    "NDCG@5": 0.34968597820237113,
    "HR@5": 0.8115330520393812,
    "Recall@5": 0.3305907172995774,
    "NDCG@10": 0.30995642272479096,
    "HR@10": 0.9226441631504922,
    "Recall@10": 0.29945973701247947,
    "NDCG@20": 0.2627401069753679,
    "HR@20": 0.9746835443037974,
    "Recall@20": 0.3117462729089294
}