{
    "model_file": "./data_sets/MovieLens-100K/checkpoint_LINE/config_0/fold_4/LINE-Apr-25-2025_15-45-25.pth",
    "data_set_name": "MovieLens-100K",
    "algorithm_name": "LINE",
    "algorithm_config_index": 0,
    "algorithm_configuration": {
        "embedding_size": 64,
        "learning_rate": 0.01
    },
    "fold": 4,
    "evaluation_time": 1.0238940715789795,
    "NDCG@1": 0.2348804500703235,
    "HR@1": 0.2348804500703235,
    "Recall@1": 0.2348804500703235,
    "NDCG@3": 0.21093915378676065,
    "HR@3": 0.4430379746835443,
    "Recall@3": 0.20393811533052036,
    "NDCG@5": 0.20208289513499003,
    "HR@5": 0.5639943741209564,
    "Recall@5": 0.19446788560712666,
    "NDCG@10": 0.1871657270083792,
    "HR@10": 0.7271448663853727,
    "Recall@10": 0.18435246578706482,
    "NDCG@20": 0.16739824638448572,
    "HR@20": 0.8621659634317862,
    "Recall@20": 0.19334403843521986
}