{
    "model_file": "./data_sets/airlinesreviews/checkpoint_NFM/config_0/fold_1/NFM-May-18-2025_21-16-51.pth",
    "data_set_name": "airlinesreviews",
    "algorithm_name": "NFM",
    "algorithm_config_index": 0,
    "algorithm_configuration": {
        "n_factors": 15,
        "n_epochs": 10
    },
    "fold": 1,
    "evaluation_time": 0.04739713668823242,
    "NDCG@1": 0.20175438596491227,
    "HR@1": 0.20175438596491227,
    "Recall@1": 0.20175438596491227,
    "NDCG@3": 0.1681859369741832,
    "HR@3": 0.4649122807017544,
    "Recall@3": 0.4517543859649123,
    "NDCG@5": 0.16263947843130053,
    "HR@5": 0.7280701754385965,
    "Recall@5": 0.7192982456140351,
    "NDCG@10": 0.1267573508516481,
    "HR@10": 1.0,
    "Recall@10": 1.0,
    "NDCG@20": 0.08180505541693465,
    "HR@20": 1.0,
    "Recall@20": 1.0
}