{
    "model_file": "./data_sets/MovieLens-100K/checkpoint_CDAE/config_0/fold_2/CDAE-Apr-25-2025_15-06-48.pth",
    "data_set_name": "MovieLens-100K",
    "algorithm_name": "CDAE",
    "algorithm_config_index": 0,
    "algorithm_configuration": {
        "embedding_size": 64,
        "learning_rate": 0.01
    },
    "fold": 2,
    "evaluation_time": 0.8785650730133057,
    "NDCG@1": 0.4767932489451477,
    "HR@1": 0.4767932489451477,
    "Recall@1": 0.4767932489451477,
    "NDCG@3": 0.43327158948392375,
    "HR@3": 0.7482419127988749,
    "Recall@3": 0.42147210501640875,
    "NDCG@5": 0.41221187516853597,
    "HR@5": 0.8481012658227848,
    "Recall@5": 0.39716361931551764,
    "NDCG@10": 0.3658473725783149,
    "HR@10": 0.9381153305203939,
    "Recall@10": 0.3604692697519701,
    "NDCG@20": 0.3207563655176229,
    "HR@20": 0.9746835443037974,
    "Recall@20": 0.37776230463572896
}