{
    "model_file": "./data_sets/winesspa/checkpoint_FwFM/config_0/fold_4/FwFM-May-18-2025_21-05-27.pth",
    "data_set_name": "winesspa",
    "algorithm_name": "FwFM",
    "algorithm_config_index": 0,
    "algorithm_configuration": {},
    "fold": 4,
    "evaluation_time": 0.04704642295837402,
    "NDCG@1": 0.35,
    "HR@1": 0.35,
    "Recall@1": 0.35,
    "NDCG@3": 0.383967053492617,
    "HR@3": 0.75,
    "Recall@3": 0.3999999999999999,
    "NDCG@5": 0.38519393107785777,
    "HR@5": 0.92,
    "Recall@5": 0.4024999999999998,
    "NDCG@10": 0.3667366109810176,
    "HR@10": 0.98,
    "Recall@10": 0.48417063492063506,
    "NDCG@20": 0.27857109695145593,
    "HR@20": 1.0,
    "Recall@20": 0.6134782856032855
}