{
    "model_file": "./data_sets/clothes/checkpoint_FwFM/config_0/fold_0/FwFM-May-23-2025_15-43-15.pth",
    "data_set_name": "clothes",
    "algorithm_name": "FwFM",
    "algorithm_config_index": 0,
    "algorithm_configuration": {},
    "fold": 0,
    "evaluation_time": 0.005023002624511719,
    "NDCG@1": 0.14285714285714285,
    "HR@1": 0.14285714285714285,
    "Recall@1": 0.14285714285714285,
    "NDCG@3": 0.06703981800325091,
    "HR@3": 0.14285714285714285,
    "Recall@3": 0.14285714285714285,
    "NDCG@5": 0.04845145789623088,
    "HR@5": 0.14285714285714285,
    "Recall@5": 0.14285714285714285,
    "NDCG@10": 0.031441680899725745,
    "HR@10": 0.14285714285714285,
    "Recall@10": 0.14285714285714285,
    "NDCG@20": 0.020291434233379615,
    "HR@20": 0.14285714285714285,
    "Recall@20": 0.14285714285714285
}