{
    "model_file": "./data_sets/productssecond/checkpoint_AFM/config_0/fold_2/AFM-May-24-2025_00-47-59.pth",
    "data_set_name": "productssecond",
    "algorithm_name": "AFM",
    "algorithm_config_index": 0,
    "algorithm_configuration": {},
    "fold": 2,
    "evaluation_time": 0.0020356178283691406,
    "NDCG@1": 0.5,
    "HR@1": 0.5,
    "Recall@1": 0.5,
    "NDCG@3": 0.23463936301137822,
    "HR@3": 0.5,
    "Recall@3": 0.5,
    "NDCG@5": 0.16958010263680806,
    "HR@5": 0.5,
    "Recall@5": 0.5,
    "NDCG@10": 0.1431729948762346,
    "HR@10": 1.0,
    "Recall@10": 1.0,
    "NDCG@20": 0.09239917607434443,
    "HR@20": 1.0,
    "Recall@20": 1.0
}