{
    "2126": [
        [
            4,
            5,
            8,
            9,
            10,
            1,
            6,
            7,
            3,
            0,
            2
        ],
        [
            1.0,
            1.0,
            1.0,
            1.0,
            1.0,
            0.995471715927124,
            0.993296205997467,
            0.00026547873858362436,
            2.6580038517409754e-11,
            -Infinity,
            -Infinity
        ]
    ],
    "8400": [
        [
            4,
            8,
            9,
            10,
            5,
            1,
            6,
            7,
            3,
            0,
            2
        ],
        [
            1.0,
            1.0,
            1.0,
            1.0,
            0.9999996423721313,
            0.767443060874939,
            0.048362113535404205,
            6.957045115996152e-05,
            1.8006456059538323e-07,
            -Infinity,
            -Infinity
        ]
    ]
}