{
    "model_file": "./data_sets/MovieLens-100K/checkpoint_ItemKNN/config_0/fold_2/ItemKNN-Apr-25-2025_15-09-45.pth",
    "data_set_name": "MovieLens-100K",
    "algorithm_name": "ItemKNN",
    "algorithm_config_index": 0,
    "algorithm_configuration": {
        "epochs": 1,
        "k": 100
    },
    "fold": 2,
    "evaluation_time": 0.9554963111877441,
    "NDCG@1": 0.509142053445851,
    "HR@1": 0.509142053445851,
    "Recall@1": 0.509142053445851,
    "NDCG@3": 0.47269970831151886,
    "HR@3": 0.7524613220815752,
    "Recall@3": 0.46272855133614593,
    "NDCG@5": 0.4431311034734199,
    "HR@5": 0.8438818565400844,
    "Recall@5": 0.42559774964838204,
    "NDCG@10": 0.39534181658163203,
    "HR@10": 0.9310829817158931,
    "Recall@10": 0.3827015381867694,
    "NDCG@20": 0.342174932639976,
    "HR@20": 0.9746835443037974,
    "Recall@20": 0.3904176840377872
}