{
    "model_file": "./data_sets/winesspa/checkpoint_LR/config_0/fold_4/LR-May-18-2025_20-58-29.pth",
    "data_set_name": "winesspa",
    "algorithm_name": "LR",
    "algorithm_config_index": 0,
    "algorithm_configuration": {},
    "fold": 4,
    "evaluation_time": 0.038958072662353516,
    "NDCG@1": 0.55,
    "HR@1": 0.55,
    "Recall@1": 0.55,
    "NDCG@3": 0.5050845961636411,
    "HR@3": 0.93,
    "Recall@3": 0.49666666666666665,
    "NDCG@5": 0.4902569995607904,
    "HR@5": 0.99,
    "Recall@5": 0.4844999999999996,
    "NDCG@10": 0.42018870922656854,
    "HR@10": 1.0,
    "Recall@10": 0.5070436507936507,
    "NDCG@20": 0.3059168542180583,
    "HR@20": 1.0,
    "Recall@20": 0.61182215007215
}