{
    "model_file": "./data_sets/MovieLens-100K/checkpoint_NCL/config_0/fold_0/NCL-Apr-25-2025_20-56-21.pth",
    "data_set_name": "MovieLens-100K",
    "algorithm_name": "NCL",
    "algorithm_config_index": 0,
    "algorithm_configuration": {
        "embedding_size": 64,
        "num_clusters": 100
    },
    "fold": 0,
    "evaluation_time": 0.895439863204956,
    "NDCG@1": 0.46835443037974683,
    "HR@1": 0.46835443037974683,
    "Recall@1": 0.46835443037974683,
    "NDCG@3": 0.4218939627476516,
    "HR@3": 0.7327707454289732,
    "Recall@3": 0.4078762306610411,
    "NDCG@5": 0.40442435488356204,
    "HR@5": 0.8509142053445851,
    "Recall@5": 0.3890998593530234,
    "NDCG@10": 0.3632428018048195,
    "HR@10": 0.9324894514767933,
    "Recall@10": 0.35411057531310713,
    "NDCG@20": 0.3158993261536187,
    "HR@20": 0.980309423347398,
    "Recall@20": 0.37019477093577985
}