{
    "model_file": "./data_sets/MovieLens-100K/checkpoint_MultiVAE/config_0/fold_0/MultiVAE-Apr-25-2025_15-47-11.pth",
    "data_set_name": "MovieLens-100K",
    "algorithm_name": "MultiVAE",
    "algorithm_config_index": 0,
    "algorithm_configuration": {
        "latent_dimension": 64,
        "learning_rate": 0.01
    },
    "fold": 0,
    "evaluation_time": 0.9444119930267334,
    "NDCG@1": 0.42756680731364277,
    "HR@1": 0.42756680731364277,
    "Recall@1": 0.42756680731364277,
    "NDCG@3": 0.4051340530508409,
    "HR@3": 0.7538677918424754,
    "Recall@3": 0.3982653539615559,
    "NDCG@5": 0.38571651510095967,
    "HR@5": 0.8481012658227848,
    "Recall@5": 0.374285044538208,
    "NDCG@10": 0.3545536006870516,
    "HR@10": 0.9578059071729957,
    "Recall@10": 0.35273145357533503,
    "NDCG@20": 0.30779856866092237,
    "HR@20": 0.9817158931082982,
    "Recall@20": 0.364643248373866
}