{
    "model_file": "./data_sets/MovieLens-100K/checkpoint_SGL/config_0/fold_0/SGL-Apr-25-2025_16-11-17.pth",
    "data_set_name": "MovieLens-100K",
    "algorithm_name": "SGL",
    "algorithm_config_index": 0,
    "algorithm_configuration": {
        "embedding_size": 64
    },
    "fold": 0,
    "evaluation_time": 0.931969404220581,
    "NDCG@1": 0.36146272855133615,
    "HR@1": 0.36146272855133615,
    "Recall@1": 0.36146272855133615,
    "NDCG@3": 0.34511924910904845,
    "HR@3": 0.6765119549929677,
    "Recall@3": 0.3384903891233009,
    "NDCG@5": 0.327777570909957,
    "HR@5": 0.7932489451476793,
    "Recall@5": 0.3165260196905763,
    "NDCG@10": 0.2974526641742809,
    "HR@10": 0.8945147679324894,
    "Recall@10": 0.2912843524657871,
    "NDCG@20": 0.260219395757935,
    "HR@20": 0.9690576652601969,
    "Recall@20": 0.3073064335652351
}