{
    "model_file": "./data_sets/productssecond/checkpoint_FwFM/config_0/fold_3/FwFM-May-24-2025_00-56-07.pth",
    "data_set_name": "productssecond",
    "algorithm_name": "FwFM",
    "algorithm_config_index": 0,
    "algorithm_configuration": {},
    "fold": 3,
    "evaluation_time": 0.002000093460083008,
    "NDCG@1": 0.5,
    "HR@1": 0.5,
    "Recall@1": 0.5,
    "NDCG@3": 0.23463936301137822,
    "HR@3": 0.5,
    "Recall@3": 0.5,
    "NDCG@5": 0.16958010263680806,
    "HR@5": 0.5,
    "Recall@5": 0.5,
    "NDCG@10": 0.14476149411742872,
    "HR@10": 1.0,
    "Recall@10": 1.0,
    "NDCG@20": 0.09342434161766451,
    "HR@20": 1.0,
    "Recall@20": 1.0
}