{
    "4077": [
        [
            7,
            3,
            6,
            5,
            1,
            9,
            8,
            2,
            10,
            0,
            4
        ],
        [
            1.0,
            0.9969800114631653,
            0.18844573199748993,
            0.13927778601646423,
            0.09014624357223511,
            0.00015284949040506035,
            7.661721610929817e-05,
            4.648547837859951e-05,
            7.664883128200017e-07,
            -Infinity,
            -Infinity
        ]
    ],
    "2905": [
        [
            2,
            3,
            8,
            9,
            7,
            10,
            5,
            4,
            1,
            0,
            6
        ],
        [
            1.0,
            1.0,
            1.0,
            1.0,
            0.9970933198928833,
            0.29265886545181274,
            0.15051957964897156,
            0.12650354206562042,
            0.11848592013120651,
            -Infinity,
            -Infinity
        ]
    ]
}