{
    "model_file": "./data_sets/MovieLens-100K/checkpoint_GCMC/config_0/fold_2/GCMC-Apr-25-2025_19-22-16.pth",
    "data_set_name": "MovieLens-100K",
    "algorithm_name": "GCMC",
    "algorithm_config_index": 0,
    "algorithm_configuration": {
        "embedding_size": 64,
        "learning_rate": 0.01
    },
    "fold": 2,
    "evaluation_time": 0.8916289806365967,
    "NDCG@1": 0.08720112517580872,
    "HR@1": 0.08720112517580872,
    "Recall@1": 0.08720112517580872,
    "NDCG@3": 0.0860382514979703,
    "HR@3": 0.18846694796061886,
    "Recall@3": 0.08579465541490865,
    "NDCG@5": 0.08486709964687196,
    "HR@5": 0.2517580872011252,
    "Recall@5": 0.08389592123769353,
    "NDCG@10": 0.08174713673186984,
    "HR@10": 0.3952180028129395,
    "Recall@10": 0.08173598553345408,
    "NDCG@20": 0.07806937637710688,
    "HR@20": 0.569620253164557,
    "Recall@20": 0.09052958845074568
}