{
    "model_file": "./data_sets/animes/checkpoint_FwFM/config_0/fold_2/FwFM-May-23-2025_14-11-50.pth",
    "data_set_name": "animes",
    "algorithm_name": "FwFM",
    "algorithm_config_index": 0,
    "algorithm_configuration": {},
    "fold": 2,
    "evaluation_time": 0.20357489585876465,
    "NDCG@1": 0.0,
    "HR@1": 0.0,
    "Recall@1": 0.0,
    "NDCG@3": 0.002011686581370094,
    "HR@3": 0.0072992700729927005,
    "Recall@3": 0.0072992700729927005,
    "NDCG@5": 0.002766998088772737,
    "HR@5": 0.0170316301703163,
    "Recall@5": 0.0170316301703163,
    "NDCG@10": 0.0025226376723249165,
    "HR@10": 0.0267639902676399,
    "Recall@10": 0.0267639902676399,
    "NDCG@20": 0.0017895882373054684,
    "HR@20": 0.031630170316301706,
    "Recall@20": 0.031630170316301706
}