{
    "model_file": "./data_sets/MovieLens-100K/checkpoint_NGCF/config_0/fold_1/NGCF-Apr-25-2025_15-55-27.pth",
    "data_set_name": "MovieLens-100K",
    "algorithm_name": "NGCF",
    "algorithm_config_index": 0,
    "algorithm_configuration": {
        "embedding_size": 64,
        "learning_rate": 0.01
    },
    "fold": 1,
    "evaluation_time": 0.9057102203369141,
    "NDCG@1": 0.3206751054852321,
    "HR@1": 0.3206751054852321,
    "Recall@1": 0.3206751054852321,
    "NDCG@3": 0.29558659069796117,
    "HR@3": 0.6033755274261603,
    "Recall@3": 0.2880918893577129,
    "NDCG@5": 0.2824105144458878,
    "HR@5": 0.7369901547116737,
    "Recall@5": 0.2723628691983118,
    "NDCG@10": 0.25679236089356056,
    "HR@10": 0.869198312236287,
    "Recall@10": 0.2539721608287007,
    "NDCG@20": 0.2257793659743576,
    "HR@20": 0.9521800281293952,
    "Recall@20": 0.2734295051397378
}