{
    "model_file": "./data_sets/videogamessecond/checkpoint_FM/config_0/fold_1/FM-May-24-2025_02-09-56.pth",
    "data_set_name": "videogamessecond",
    "algorithm_name": "FM",
    "algorithm_config_index": 0,
    "algorithm_configuration": {
        "task": "rating",
        "epoch": 10,
        "lr": 0.05
    },
    "fold": 1,
    "evaluation_time": 0.016000032424926758,
    "NDCG@1": 0.0,
    "HR@1": 0.0,
    "Recall@1": 0.0,
    "NDCG@3": 0.008379977250406364,
    "HR@3": 0.03571428571428571,
    "Recall@3": 0.03571428571428571,
    "NDCG@5": 0.011273159017125518,
    "HR@5": 0.07142857142857142,
    "Recall@5": 0.07142857142857142,
    "NDCG@10": 0.014847891550215866,
    "HR@10": 0.17857142857142858,
    "Recall@10": 0.17857142857142858,
    "NDCG@20": 0.016249565050343247,
    "HR@20": 0.35714285714285715,
    "Recall@20": 0.35714285714285715
}