{
    "model_file": "./data_sets/products/checkpoint_DCN/config_0/fold_3/DCN-May-23-2025_17-21-39.pth",
    "data_set_name": "products",
    "algorithm_name": "DCN",
    "algorithm_config_index": 0,
    "algorithm_configuration": {},
    "fold": 3,
    "evaluation_time": 0.04033303260803223,
    "NDCG@1": 0.0,
    "HR@1": 0.0,
    "Recall@1": 0.0,
    "NDCG@3": 0.00800221380988825,
    "HR@3": 0.02702702702702703,
    "Recall@3": 0.02702702702702703,
    "NDCG@5": 0.011102537324406492,
    "HR@5": 0.06756756756756757,
    "Recall@5": 0.06756756756756757,
    "NDCG@10": 0.024525530879085006,
    "HR@10": 0.3108108108108108,
    "Recall@10": 0.3108108108108108,
    "NDCG@20": 0.020694130814357975,
    "HR@20": 0.44594594594594594,
    "Recall@20": 0.44594594594594594
}