{
    "model_file": "./data_sets/MovieLens-100K/checkpoint_BPR/config_0/fold_0/BPR-Apr-25-2025_15-04-30.pth",
    "data_set_name": "MovieLens-100K",
    "algorithm_name": "BPR",
    "algorithm_config_index": 0,
    "algorithm_configuration": {
        "embedding_size": 64,
        "learning_rate": 0.01
    },
    "fold": 0,
    "evaluation_time": 0.8816306591033936,
    "NDCG@1": 0.28270042194092826,
    "HR@1": 0.28270042194092826,
    "Recall@1": 0.28270042194092826,
    "NDCG@3": 0.2623579601658213,
    "HR@3": 0.5569620253164557,
    "Recall@3": 0.25785278949835955,
    "NDCG@5": 0.2479877512734117,
    "HR@5": 0.6821378340365682,
    "Recall@5": 0.23909985935302386,
    "NDCG@10": 0.23272614439363454,
    "HR@10": 0.8537271448663853,
    "Recall@10": 0.2312755341236352,
    "NDCG@20": 0.20731648823465773,
    "HR@20": 0.9324894514767933,
    "Recall@20": 0.24864003422529762
}