{
    "model_file": "./data_sets/productssecond/checkpoint_LR/config_0/fold_1/LR-May-24-2025_00-46-47.pth",
    "data_set_name": "productssecond",
    "algorithm_name": "LR",
    "algorithm_config_index": 0,
    "algorithm_configuration": {},
    "fold": 1,
    "evaluation_time": 0.0020008087158203125,
    "NDCG@1": 0.5,
    "HR@1": 0.5,
    "Recall@1": 0.5,
    "NDCG@3": 0.38268031849431083,
    "HR@3": 1.0,
    "Recall@3": 1.0,
    "NDCG@5": 0.2765732350040718,
    "HR@5": 1.0,
    "Recall@5": 1.0,
    "NDCG@10": 0.17947710508581738,
    "HR@10": 1.0,
    "Recall@10": 1.0,
    "NDCG@20": 0.11582866341850037,
    "HR@20": 1.0,
    "Recall@20": 1.0
}