{
    "7406": [
        [
            4,
            2,
            1,
            5,
            7,
            6,
            8,
            10,
            9,
            0,
            3
        ],
        [
            0.994873583316803,
            0.9948622584342957,
            0.9947915077209473,
            0.9947702288627625,
            0.9946401715278625,
            0.9944792985916138,
            0.9944366216659546,
            0.9943031072616577,
            0.9924147725105286,
            -Infinity,
            -Infinity
        ]
    ],
    "5779": [
        [
            4,
            2,
            1,
            5,
            3,
            6,
            8,
            10,
            9,
            0,
            7
        ],
        [
            0.9937363862991333,
            0.9937226176261902,
            0.9936362504959106,
            0.9936103224754333,
            0.9936057329177856,
            0.9932553768157959,
            0.9932031631469727,
            0.9930403232574463,
            0.99073725938797,
            -Infinity,
            -Infinity
        ]
    ]
}