{
    "model_file": "./data_sets/MovieLens-100K/checkpoint_RecVAE/config_0/fold_2/RecVAE-Apr-25-2025_16-04-46.pth",
    "data_set_name": "MovieLens-100K",
    "algorithm_name": "RecVAE",
    "algorithm_config_index": 0,
    "algorithm_configuration": {
        "latent_dimension": 200,
        "learning_rate": 0.01
    },
    "fold": 2,
    "evaluation_time": 0.866051197052002,
    "NDCG@1": 0.4289732770745429,
    "HR@1": 0.4289732770745429,
    "Recall@1": 0.4289732770745429,
    "NDCG@3": 0.3838879688550875,
    "HR@3": 0.6835443037974683,
    "Recall@3": 0.3713080168776376,
    "NDCG@5": 0.3607792261557817,
    "HR@5": 0.7890295358649789,
    "Recall@5": 0.3443272386310355,
    "NDCG@10": 0.32391677408525754,
    "HR@10": 0.8917018284106891,
    "Recall@10": 0.31760208068224893,
    "NDCG@20": 0.2836777349622917,
    "HR@20": 0.9521800281293952,
    "Recall@20": 0.33248459560558646
}