{
    "model_file": "./data_sets/MovieLens-100K/checkpoint_DGCF/config_0/fold_4/DGCF-Apr-25-2025_14-51-02.pth",
    "data_set_name": "MovieLens-100K",
    "algorithm_name": "DGCF",
    "algorithm_config_index": 0,
    "algorithm_configuration": {
        "embedding_size": 64,
        "learning_rate": 0.01
    },
    "fold": 4,
    "evaluation_time": 0.8976039886474609,
    "NDCG@1": 0.33052039381153303,
    "HR@1": 0.33052039381153303,
    "Recall@1": 0.33052039381153303,
    "NDCG@3": 0.3093607267015106,
    "HR@3": 0.6258790436005626,
    "Recall@3": 0.30426629160806407,
    "NDCG@5": 0.30365386784900206,
    "HR@5": 0.7412095639943741,
    "Recall@5": 0.2989920300046879,
    "NDCG@10": 0.2718119891926954,
    "HR@10": 0.8790436005625879,
    "Recall@10": 0.2694913267698076,
    "NDCG@20": 0.24271584933778043,
    "HR@20": 0.9535864978902954,
    "Recall@20": 0.2947043857149541
}