{
    "model_file": "./data_sets/productssecond/checkpoint_DSSM/config_0/fold_3/DSSM-May-24-2025_00-50-48.pth",
    "data_set_name": "productssecond",
    "algorithm_name": "DSSM",
    "algorithm_config_index": 0,
    "algorithm_configuration": {},
    "fold": 3,
    "evaluation_time": 0.0019991397857666016,
    "NDCG@1": 0.0,
    "HR@1": 0.0,
    "Recall@1": 0.0,
    "NDCG@3": 0.0,
    "HR@3": 0.0,
    "Recall@3": 0.0,
    "NDCG@5": 0.13863671367752411,
    "HR@5": 1.0,
    "Recall@5": 1.0,
    "NDCG@10": 0.08996574100558591,
    "HR@10": 1.0,
    "Recall@10": 1.0,
    "NDCG@20": 0.058060951725008865,
    "HR@20": 1.0,
    "Recall@20": 1.0
}