{
    "4077": [
        [
            10,
            9,
            3,
            1,
            2,
            5,
            6,
            8,
            7,
            0,
            4
        ],
        [
            0.7310498952865601,
            0.7310473918914795,
            0.2766352593898773,
            0.2765517830848694,
            0.276504784822464,
            0.27627530694007874,
            0.27626898884773254,
            0.2761337459087372,
            0.2759726345539093,
            -Infinity,
            -Infinity
        ]
    ],
    "2905": [
        [
            8,
            5,
            7,
            2,
            1,
            3,
            9,
            10,
            4,
            0,
            6
        ],
        [
            0.731057345867157,
            0.7310570478439331,
            0.7310543656349182,
            0.7310525178909302,
            0.7310517430305481,
            0.7310488224029541,
            0.2765890061855316,
            0.27655720710754395,
            0.27648046612739563,
            -Infinity,
            -Infinity
        ]
    ]
}