{
    "model_file": "./data_sets/ryanairreviews/checkpoint_LR/config_0/fold_0/LR-May-18-2025_21-53-00.pth",
    "data_set_name": "ryanairreviews",
    "algorithm_name": "LR",
    "algorithm_config_index": 0,
    "algorithm_configuration": {},
    "fold": 0,
    "evaluation_time": 0.015959501266479492,
    "NDCG@1": 0.8125,
    "HR@1": 0.8125,
    "Recall@1": 0.8125,
    "NDCG@3": 0.5399808021173756,
    "HR@3": 1.0,
    "Recall@3": 0.9817708333333334,
    "NDCG@5": 0.39892326901320774,
    "HR@5": 1.0,
    "Recall@5": 1.0,
    "NDCG@10": 0.25887390539727123,
    "HR@10": 1.0,
    "Recall@10": 1.0,
    "NDCG@20": 0.1670687659117067,
    "HR@20": 1.0,
    "Recall@20": 1.0
}