{
    "model_file": "./data_sets/MovieLens-100K/checkpoint_BPR/config_0/fold_2/BPR-Apr-25-2025_15-04-56.pth",
    "data_set_name": "MovieLens-100K",
    "algorithm_name": "BPR",
    "algorithm_config_index": 0,
    "algorithm_configuration": {
        "embedding_size": 64,
        "learning_rate": 0.01
    },
    "fold": 2,
    "evaluation_time": 0.8993892669677734,
    "NDCG@1": 0.2967651195499297,
    "HR@1": 0.2967651195499297,
    "Recall@1": 0.2967651195499297,
    "NDCG@3": 0.2691467128872604,
    "HR@3": 0.5625879043600562,
    "Recall@3": 0.26207219878106003,
    "NDCG@5": 0.2572221096345807,
    "HR@5": 0.7018284106891702,
    "Recall@5": 0.24910923581809644,
    "NDCG@10": 0.23922928965222626,
    "HR@10": 0.8579465541490858,
    "Recall@10": 0.2406157212064384,
    "NDCG@20": 0.21397131636761235,
    "HR@20": 0.9465541490857946,
    "Recall@20": 0.2604667734481524
}