{
    "model_file": "./data_sets/ryanairreviews/checkpoint_FM/config_0/fold_3/FM-May-18-2025_21-58-17.pth",
    "data_set_name": "ryanairreviews",
    "algorithm_name": "FM",
    "algorithm_config_index": 0,
    "algorithm_configuration": {
        "task": "rating",
        "epoch": 10,
        "lr": 0.05
    },
    "fold": 3,
    "evaluation_time": 0.01843118667602539,
    "NDCG@1": 0.6440677966101694,
    "HR@1": 0.6440677966101694,
    "Recall@1": 0.6440677966101694,
    "NDCG@3": 0.5032675806818232,
    "HR@3": 1.0,
    "Recall@3": 0.9491525423728814,
    "NDCG@5": 0.3835307316542644,
    "HR@5": 1.0,
    "Recall@5": 1.0,
    "NDCG@10": 0.24888520188057783,
    "HR@10": 1.0,
    "Recall@10": 1.0,
    "NDCG@20": 0.1606223828085858,
    "HR@20": 1.0,
    "Recall@20": 1.0
}