{
    "model_file": "./data_sets/videogamessecond/checkpoint_FM/config_0/fold_2/FM-May-24-2025_02-10-05.pth",
    "data_set_name": "videogamessecond",
    "algorithm_name": "FM",
    "algorithm_config_index": 0,
    "algorithm_configuration": {
        "task": "rating",
        "epoch": 10,
        "lr": 0.05
    },
    "fold": 2,
    "evaluation_time": 0.016350269317626953,
    "NDCG@1": 0.0,
    "HR@1": 0.0,
    "Recall@1": 0.0,
    "NDCG@3": 0.0,
    "HR@3": 0.0,
    "Recall@3": 0.0,
    "NDCG@5": 0.010092698270180138,
    "HR@5": 0.07692307692307693,
    "Recall@5": 0.07692307692307693,
    "NDCG@10": 0.020670438678394795,
    "HR@10": 0.2692307692307692,
    "Recall@10": 0.2692307692307692,
    "NDCG@20": 0.024251116493733606,
    "HR@20": 0.5769230769230769,
    "Recall@20": 0.5769230769230769
}