{
    "model_file": "./data_sets/MovieLens-100K/checkpoint_MultiVAE/config_0/fold_2/MultiVAE-Apr-25-2025_15-47-29.pth",
    "data_set_name": "MovieLens-100K",
    "algorithm_name": "MultiVAE",
    "algorithm_config_index": 0,
    "algorithm_configuration": {
        "latent_dimension": 64,
        "learning_rate": 0.01
    },
    "fold": 2,
    "evaluation_time": 0.8703422546386719,
    "NDCG@1": 0.43319268635724334,
    "HR@1": 0.43319268635724334,
    "Recall@1": 0.43319268635724334,
    "NDCG@3": 0.40873288755929715,
    "HR@3": 0.7524613220815752,
    "Recall@3": 0.4022503516174409,
    "NDCG@5": 0.3921790525690994,
    "HR@5": 0.8537271448663853,
    "Recall@5": 0.3829348335677442,
    "NDCG@10": 0.35852918989714677,
    "HR@10": 0.9282700421940928,
    "Recall@10": 0.3581943607260063,
    "NDCG@20": 0.31409587491085955,
    "HR@20": 0.9690576652601969,
    "Recall@20": 0.37593362058849167
}