{
    "model_file": "./data_sets/ryanairreviews/checkpoint_FwFM/config_0/fold_4/FwFM-May-18-2025_21-59-20.pth",
    "data_set_name": "ryanairreviews",
    "algorithm_name": "FwFM",
    "algorithm_config_index": 0,
    "algorithm_configuration": {},
    "fold": 4,
    "evaluation_time": 0.019437789916992188,
    "NDCG@1": 0.5303030303030303,
    "HR@1": 0.5303030303030303,
    "Recall@1": 0.5303030303030303,
    "NDCG@3": 0.467072775529441,
    "HR@3": 1.0,
    "Recall@3": 0.9520202020202019,
    "NDCG@5": 0.3552711607605463,
    "HR@5": 1.0,
    "Recall@5": 1.0,
    "NDCG@10": 0.23054667402231524,
    "HR@10": 1.0,
    "Recall@10": 1.0,
    "NDCG@20": 0.1487872957100402,
    "HR@20": 1.0,
    "Recall@20": 1.0
}