{
    "model_file": "./data_sets/MovieLens-100K/checkpoint_Pop/config_0/fold_2/Pop-Apr-25-2025_16-02-52.pth",
    "data_set_name": "MovieLens-100K",
    "algorithm_name": "Pop",
    "algorithm_config_index": 0,
    "algorithm_configuration": {
        "epochs": 1
    },
    "fold": 2,
    "evaluation_time": 0.8762311935424805,
    "NDCG@1": 0.13924050632911392,
    "HR@1": 0.13924050632911392,
    "Recall@1": 0.13924050632911392,
    "NDCG@3": 0.13825046682273678,
    "HR@3": 0.31645569620253167,
    "Recall@3": 0.1378340365682135,
    "NDCG@5": 0.13766140611541236,
    "HR@5": 0.44163150492264414,
    "Recall@5": 0.1374589779653077,
    "NDCG@10": 0.13834960636689048,
    "HR@10": 0.6427566807313643,
    "Recall@10": 0.14246254995200117,
    "NDCG@20": 0.13342461462759045,
    "HR@20": 0.7876230661040787,
    "Recall@20": 0.15441705997397656
}