{
    "model_file": "./data_sets/winesspa/checkpoint_FM/config_0/fold_0/FM-May-18-2025_21-03-58.pth",
    "data_set_name": "winesspa",
    "algorithm_name": "FM",
    "algorithm_config_index": 0,
    "algorithm_configuration": {
        "task": "rating",
        "epoch": 10,
        "lr": 0.05
    },
    "fold": 0,
    "evaluation_time": 0.04036569595336914,
    "NDCG@1": 0.63,
    "HR@1": 0.63,
    "Recall@1": 0.63,
    "NDCG@3": 0.6088824573289762,
    "HR@3": 0.94,
    "Recall@3": 0.5999999999999998,
    "NDCG@5": 0.5668837882304204,
    "HR@5": 0.97,
    "Recall@5": 0.5558333333333332,
    "NDCG@10": 0.4810525179154095,
    "HR@10": 0.99,
    "Recall@10": 0.5669603174603174,
    "NDCG@20": 0.32446958304559226,
    "HR@20": 0.99,
    "Recall@20": 0.5945275835275835
}