{
    "9": [
        [
            2,
            0,
            1,
            3
        ],
        [
            0.834674596786499,
            -Infinity,
            -Infinity,
            -Infinity
        ]
    ],
    "22": [
        [
            2,
            0,
            1,
            3
        ],
        [
            0.8375145792961121,
            -Infinity,
            -Infinity,
            -Infinity
        ]
    ],
    "40": [
        [
            1,
            0,
            2,
            3
        ],
        [
            0.8306973576545715,
            -Infinity,
            -Infinity,
            -Infinity
        ]
    ],
    "5": [
        [
            3,
            0,
            1,
            2
        ],
        [
            0.8403993844985962,
            -Infinity,
            -Infinity,
            -Infinity
        ]
    ],
    "73": [
        [
            1,
            0,
            2,
            3
        ],
        [
            0.8369786739349365,
            -Infinity,
            -Infinity,
            -Infinity
        ]
    ],
    "45": [
        [
            2,
            0,
            1,
            3
        ],
        [
            0.8498595952987671,
            -Infinity,
            -Infinity,
            -Infinity
        ]
    ],
    "20": [
        [
            3,
            0,
            1,
            2
        ],
        [
            0.8528980612754822,
            -Infinity,
            -Infinity,
            -Infinity
        ]
    ],
    "26": [
        [
            1,
            0,
            2,
            3
        ],
        [
            0.8325324654579163,
            -Infinity,
            -Infinity,
            -Infinity
        ]
    ],
    "80": [
        [
            3,
            1,
            0,
            2
        ],
        [
            0.8280068039894104,
            0.786192774772644,
            -Infinity,
            -Infinity
        ]
    ],
    "95": [
        [
            1,
            0,
            2,
            3
        ],
        [
            0.8550029397010803,
            -Infinity,
            -Infinity,
            -Infinity
        ]
    ],
    "86": [
        [
            2,
            0,
            1,
            3
        ],
        [
            0.8211475610733032,
            -Infinity,
            -Infinity,
            -Infinity
        ]
    ],
    "57": [
        [
            3,
            2,
            0,
            1
        ],
        [
            0.8408263325691223,
            0.8284217119216919,
            -Infinity,
            -Infinity
        ]
    ],
    "65": [
        [
            3,
            1,
            0,
            2
        ],
        [
            0.8437456488609314,
            0.8048562407493591,
            -Infinity,
            -Infinity
        ]
    ],
    "37": [
        [
            1,
            0,
            2,
            3
        ],
        [
            0.8596664667129517,
            -Infinity,
            -Infinity,
            -Infinity
        ]
    ],
    "53": [
        [
            1,
            0,
            2,
            3
        ],
        [
            0.8068883419036865,
            -Infinity,
            -Infinity,
            -Infinity
        ]
    ],
    "92": [
        [
            2,
            0,
            1,
            3
        ],
        [
            0.8491380214691162,
            -Infinity,
            -Infinity,
            -Infinity
        ]
    ],
    "44": [
        [
            3,
            0,
            1,
            2
        ],
        [
            0.885818362236023,
            -Infinity,
            -Infinity,
            -Infinity
        ]
    ],
    "25": [
        [
            1,
            0,
            2,
            3
        ],
        [
            0.7969431281089783,
            -Infinity,
            -Infinity,
            -Infinity
        ]
    ],
    "50": [
        [
            2,
            0,
            1,
            3
        ],
        [
            0.8344334363937378,
            -Infinity,
            -Infinity,
            -Infinity
        ]
    ],
    "63": [
        [
            3,
            0,
            1,
            2
        ],
        [
            0.8689409494400024,
            -Infinity,
            -Infinity,
            -Infinity
        ]
    ],
    "85": [
        [
            2,
            1,
            0,
            3
        ],
        [
            0.8209448456764221,
            0.7930205464363098,
            -Infinity,
            -Infinity
        ]
    ],
    "69": [
        [
            2,
            0,
            1,
            3
        ],
        [
            0.7925748825073242,
            -Infinity,
            -Infinity,
            -Infinity
        ]
    ],
    "23": [
        [
            2,
            0,
            1,
            3
        ],
        [
            0.8388100266456604,
            -Infinity,
            -Infinity,
            -Infinity
        ]
    ],
    "75": [
        [
            2,
            0,
            1,
            3
        ],
        [
            0.8574370741844177,
            -Infinity,
            -Infinity,
            -Infinity
        ]
    ],
    "12": [
        [
            2,
            0,
            1,
            3
        ],
        [
            0.8569230437278748,
            -Infinity,
            -Infinity,
            -Infinity
        ]
    ],
    "10": [
        [
            1,
            0,
            2,
            3
        ],
        [
            0.8416370153427124,
            -Infinity,
            -Infinity,
            -Infinity
        ]
    ],
    "34": [
        [
            2,
            0,
            1,
            3
        ],
        [
            0.8466017246246338,
            -Infinity,
            -Infinity,
            -Infinity
        ]
    ],
    "68": [
        [
            1,
            0,
            2,
            3
        ],
        [
            0.8135164380073547,
            -Infinity,
            -Infinity,
            -Infinity
        ]
    ],
    "89": [
        [
            1,
            0,
            2,
            3
        ],
        [
            0.7949797511100769,
            -Infinity,
            -Infinity,
            -Infinity
        ]
    ],
    "84": [
        [
            1,
            0,
            2,
            3
        ],
        [
            0.8033847808837891,
            -Infinity,
            -Infinity,
            -Infinity
        ]
    ],
    "71": [
        [
            1,
            0,
            2,
            3
        ],
        [
            0.8507373332977295,
            -Infinity,
            -Infinity,
            -Infinity
        ]
    ],
    "2": [
        [
            3,
            0,
            1,
            2
        ],
        [
            0.8390960693359375,
            -Infinity,
            -Infinity,
            -Infinity
        ]
    ],
    "96": [
        [
            3,
            0,
            1,
            2
        ],
        [
            0.8301985263824463,
            -Infinity,
            -Infinity,
            -Infinity
        ]
    ],
    "3": [
        [
            3,
            2,
            0,
            1
        ],
        [
            0.8541858196258545,
            0.8426275253295898,
            -Infinity,
            -Infinity
        ]
    ],
    "52": [
        [
            1,
            0,
            2,
            3
        ],
        [
            0.8131096959114075,
            -Infinity,
            -Infinity,
            -Infinity
        ]
    ],
    "88": [
        [
            1,
            0,
            2,
            3
        ],
        [
            0.8041200637817383,
            -Infinity,
            -Infinity,
            -Infinity
        ]
    ],