{
    "model_file": "./data_sets/products/checkpoint_LR/config_0/fold_0/LR-May-23-2025_17-16-33.pth",
    "data_set_name": "products",
    "algorithm_name": "LR",
    "algorithm_config_index": 0,
    "algorithm_configuration": {},
    "fold": 0,
    "evaluation_time": 0.0335390567779541,
    "NDCG@1": 0.0,
    "HR@1": 0.0,
    "Recall@1": 0.0,
    "NDCG@3": 0.020073349895990862,
    "HR@3": 0.06779661016949153,
    "Recall@3": 0.06779661016949153,
    "NDCG@5": 0.023906642604206895,
    "HR@5": 0.13559322033898305,
    "Recall@5": 0.13559322033898305,
    "NDCG@10": 0.025029564692291832,
    "HR@10": 0.2711864406779661,
    "Recall@10": 0.2711864406779661,
    "NDCG@20": 0.024293549854338098,
    "HR@20": 0.4915254237288136,
    "Recall@20": 0.4915254237288136
}