{
    "model_file": "./data_sets/laptops/checkpoint_FiGNN/config_0/fold_1/FiGNN-May-23-2025_16-47-29.pth",
    "data_set_name": "laptops",
    "algorithm_name": "FiGNN",
    "algorithm_config_index": 0,
    "algorithm_configuration": {},
    "fold": 1,
    "evaluation_time": 0.006999969482421875,
    "NDCG@1": 0.0,
    "HR@1": 0.0,
    "Recall@1": 0.0,
    "NDCG@3": 0.0,
    "HR@3": 0.0,
    "Recall@3": 0.0,
    "NDCG@5": 0.0,
    "HR@5": 0.0,
    "Recall@5": 0.0,
    "NDCG@10": 0.007127115361697758,
    "HR@10": 0.09090909090909091,
    "Recall@10": 0.09090909090909091,
    "NDCG@20": 0.007827790262093763,
    "HR@20": 0.18181818181818182,
    "Recall@20": 0.18181818181818182
}