{
    "40": [
        [
            1,
            3,
            0,
            2
        ],
        [
            0.9844244122505188,
            0.9727752804756165,
            -Infinity,
            -Infinity
        ]
    ],
    "93": [
        [
            1,
            3,
            0,
            2
        ],
        [
            0.9911423921585083,
            0.9831872582435608,
            -Infinity,
            -Infinity
        ]
    ],
    "41": [
        [
            1,
            0,
            2,
            3
        ],
        [
            0.9782891273498535,
            -Infinity,
            -Infinity,
            -Infinity
        ]
    ],
    "74": [
        [
            3,
            1,
            0,
            2
        ],
        [
            0.974514365196228,
            0.9734617471694946,
            -Infinity,
            -Infinity
        ]
    ],
    "32": [
        [
            2,
            0,
            1,
            3
        ],
        [
            0.9804909825325012,
            -Infinity,
            -Infinity,
            -Infinity
        ]
    ],
    "56": [
        [
            1,
            0,
            2,
            3
        ],
        [
            0.9740236401557922,
            -Infinity,
            -Infinity,
            -Infinity
        ]
    ],
    "81": [
        [
            1,
            0,
            2,
            3
        ],
        [
            0.9861149787902832,
            -Infinity,
            -Infinity,
            -Infinity
        ]
    ],
    "48": [
        [
            2,
            0,
            1,
            3
        ],
        [
            0.9783406853675842,
            -Infinity,
            -Infinity,
            -Infinity
        ]
    ],
    "37": [
        [
            1,
            0,
            2,
            3
        ],
        [
            0.9875533580780029,
            -Infinity,
            -Infinity,
            -Infinity
        ]
    ],
    "11": [
        [
            2,
            0,
            1,
            3
        ],
        [
            0.9799327850341797,
            -Infinity,
            -Infinity,
            -Infinity
        ]
    ],
    "89": [
        [
            2,
            0,
            1,
            3
        ],
        [
            0.9937407374382019,
            -Infinity,
            -Infinity,
            -Infinity
        ]
    ],
    "34": [
        [
            2,
            0,
            1,
            3
        ],
        [
            0.9844635725021362,
            -Infinity,
            -Infinity,
            -Infinity
        ]
    ],
    "70": [
        [
            2,
            0,
            1,
            3
        ],
        [
            0.9692529439926147,
            -Infinity,
            -Infinity,
            -Infinity
        ]
    ],
    "68": [
        [
            2,
            0,
            1,
            3
        ],
        [
            0.9792847633361816,
            -Infinity,
            -Infinity,
            -Infinity
        ]
    ],
    "16": [
        [
            2,
            0,
            1,
            3
        ],
        [
            0.9901401400566101,
            -Infinity,
            -Infinity,
            -Infinity
        ]
    ],
    "38": [
        [
            1,
            0,
            2,
            3
        ],
        [
            0.992712140083313,
            -Infinity,
            -Infinity,
            -Infinity
        ]
    ],
    "88": [
        [
            2,
            0,
            1,
            3
        ],
        [
            0.9537175893783569,
            -Infinity,
            -Infinity,
            -Infinity
        ]
    ],
    "13": [
        [
            1,
            0,
            2,
            3
        ],
        [
            0.9833152294158936,
            -Infinity,
            -Infinity,
            -Infinity
        ]
    ],
    "25": [
        [
            1,
            0,
            2,
            3
        ],
        [
            0.9907846450805664,
            -Infinity,
            -Infinity,
            -Infinity
        ]
    ],
    "80": [
        [
            1,
            0,
            2,
            3
        ],
        [
            0.9821345806121826,
            -Infinity,
            -Infinity,
            -Infinity
        ]
    ],
    "26": [
        [
            1,
            3,
            0,
            2
        ],
        [
            0.9927986860275269,
            0.9887146353721619,
            -Infinity,
            -Infinity
        ]
    ],
    "52": [
        [
            1,
            3,
            0,
            2
        ],
        [
            0.9792110323905945,
            0.9775078892707825,
            -Infinity,
            -Infinity
        ]
    ],
    "95": [
        [
            3,
            0,
            1,
            2
        ],
        [
            0.9746758341789246,
            -Infinity,
            -Infinity,
            -Infinity
        ]
    ],
    "67": [
        [
            3,
            0,
            1,
            2
        ],
        [
            0.9843193888664246,
            -Infinity,
            -Infinity,
            -Infinity
        ]
    ],
    "71": [
        [
            1,
            3,
            0,
            2
        ],
        [
            0.9823976159095764,
            0.9738898277282715,
            -Infinity,
            -Infinity
        ]
    ],
    "22": [
        [
            1,
            2,
            0,
            3
        ],
        [
            0.9802844524383545,
            0.9793992042541504,
            -Infinity,
            -Infinity
        ]
    ],
    "43": [
        [
            1,
            0,
            2,
            3
        ],
        [
            0.9890003204345703,
            -Infinity,
            -Infinity,
            -Infinity
        ]
    ],
    "14": [
        [
            3,
            0,
            1,
            2
        ],
        [
            0.9907852411270142,
            -Infinity,
            -Infinity,
            -Infinity
        ]
    ],
    "75": [
        [
            3,
            0,
            1,
            2
        ],
        [
            0.9904326796531677,
            -Infinity,
            -Infinity,
            -Infinity
        ]
    ],
    "94": [
        [
            3,
            0,
            1,
            2
        ],
        [
            0.9851790070533752,
            -Infinity,
            -Infinity,
            -Infinity
        ]
    ],
    "28": [
        [
            1,
            2,
            0,
            3
        ],
        [
            0.9555202722549438,
            0.9392343163490295,
            -Infinity,
            -Infinity
        ]
    ],
    "69": [
        [
            2,
            3,
            0,
            1
        ],
        [
            0.9877403378486633,
            0.9840226173400879,
            -Infinity,
            -Infinity
        ]
    ],
    "65": [
        [
            2,
            0,
            1,
            3
        ],
        [
            0.9932075142860413,
            -Infinity,
            -Infinity,
            -Infinity
        ]
    ],
    "51": [
        [
            2,
            0,
            1,
            3
        ],
        [
            0.9869883060455322,
            -Infinity,
            -Infinity,
            -Infinity
        ]
    ],
    "87": [
        [
            1,
            0,
            2,
            3
        ],
        [
            0.9861810803413391,
            -Infinity,
            -Infinity,
            -Infinity
        ]
    ],
    "91": [
        [
            2,
            0,
            1,
            3
        ],
        [
            0.9716866612434387,
            -Infinity,
            -Infinity,
            -Infinity
        ]
    ],