{
    "model_file": "./data_sets/iphone/checkpoint_DSSM/config_0/fold_0/DSSM-May-23-2025_16-35-10.pth",
    "data_set_name": "iphone",
    "algorithm_name": "DSSM",
    "algorithm_config_index": 0,
    "algorithm_configuration": {},
    "fold": 0,
    "evaluation_time": 0.0009999275207519531,
    "NDCG@1": 0.0,
    "HR@1": 0.0,
    "Recall@1": 0.0,
    "NDCG@3": 0.0,
    "HR@3": 0.0,
    "Recall@3": 0.0,
    "NDCG@5": 0.14606834984270645,
    "HR@5": 1.0,
    "Recall@5": 1.0,
    "NDCG@10": 0.09478836436955079,
    "HR@10": 1.0,
    "Recall@10": 1.0,
    "NDCG@20": 0.061173315378031855,
    "HR@20": 1.0,
    "Recall@20": 1.0
}