{
    "model_file": "./data_sets/clothes/checkpoint_FiGNN/config_0/fold_0/FiGNN-May-23-2025_15-38-15.pth",
    "data_set_name": "clothes",
    "algorithm_name": "FiGNN",
    "algorithm_config_index": 0,
    "algorithm_configuration": {},
    "fold": 0,
    "evaluation_time": 0.005908012390136719,
    "NDCG@1": 0.0,
    "HR@1": 0.0,
    "Recall@1": 0.0,
    "NDCG@3": 0.0,
    "HR@3": 0.0,
    "Recall@3": 0.0,
    "NDCG@5": 0.0,
    "HR@5": 0.0,
    "Recall@5": 0.0,
    "NDCG@10": 0.009088684028421676,
    "HR@10": 0.14285714285714285,
    "Recall@10": 0.14285714285714285,
    "NDCG@20": 0.005865539912412722,
    "HR@20": 0.14285714285714285,
    "Recall@20": 0.14285714285714285
}