{
    "model_file": "./data_sets/MovieLens-100K/checkpoint_NCL/config_0/fold_1/NCL-Apr-25-2025_20-58-10.pth",
    "data_set_name": "MovieLens-100K",
    "algorithm_name": "NCL",
    "algorithm_config_index": 0,
    "algorithm_configuration": {
        "embedding_size": 64,
        "num_clusters": 100
    },
    "fold": 1,
    "evaluation_time": 0.9909017086029053,
    "NDCG@1": 0.48945147679324896,
    "HR@1": 0.48945147679324896,
    "Recall@1": 0.48945147679324896,
    "NDCG@3": 0.4351101446734774,
    "HR@3": 0.7383966244725738,
    "Recall@3": 0.41912798874824153,
    "NDCG@5": 0.4049157444557377,
    "HR@5": 0.8424753867791842,
    "Recall@5": 0.3839896858884195,
    "NDCG@10": 0.361738566601764,
    "HR@10": 0.929676511954993,
    "Recall@10": 0.3498225169111244,
    "NDCG@20": 0.31492964946609975,
    "HR@20": 0.9746835443037974,
    "Recall@20": 0.3672919299842859
}