{
    "40": [
        [
            3,
            1,
            0,
            2
        ],
        [
            0.295287162065506,
            0.28160783648490906,
            -Infinity,
            -Infinity
        ]
    ],
    "93": [
        [
            3,
            1,
            0,
            2
        ],
        [
            0.29856348037719727,
            0.2838004529476166,
            -Infinity,
            -Infinity
        ]
    ],
    "41": [
        [
            1,
            0,
            2,
            3
        ],
        [
            0.2811256945133209,
            -Infinity,
            -Infinity,
            -Infinity
        ]
    ],
    "74": [
        [
            3,
            1,
            0,
            2
        ],
        [
            0.29487740993499756,
            0.28129562735557556,
            -Infinity,
            -Infinity
        ]
    ],
    "32": [
        [
            2,
            0,
            1,
            3
        ],
        [
            0.27775853872299194,
            -Infinity,
            -Infinity,
            -Infinity
        ]
    ],
    "56": [
        [
            1,
            0,
            2,
            3
        ],
        [
            0.7282881736755371,
            -Infinity,
            -Infinity,
            -Infinity
        ]
    ],
    "81": [
        [
            1,
            0,
            2,
            3
        ],
        [
            0.2823961675167084,
            -Infinity,
            -Infinity,
            -Infinity
        ]
    ],
    "48": [
        [
            2,
            0,
            1,
            3
        ],
        [
            0.2749769389629364,
            -Infinity,
            -Infinity,
            -Infinity
        ]
    ],
    "37": [
        [
            1,
            0,
            2,
            3
        ],
        [
            0.28735029697418213,
            -Infinity,
            -Infinity,
            -Infinity
        ]
    ],
    "11": [
        [
            2,
            0,
            1,
            3
        ],
        [
            0.7304937839508057,
            -Infinity,
            -Infinity,
            -Infinity
        ]
    ],
    "89": [
        [
            2,
            0,
            1,
            3
        ],
        [
            0.27624374628067017,
            -Infinity,
            -Infinity,
            -Infinity
        ]
    ],
    "34": [
        [
            2,
            0,
            1,
            3
        ],
        [
            0.2737906575202942,
            -Infinity,
            -Infinity,
            -Infinity
        ]
    ],
    "70": [
        [
            2,
            0,
            1,
            3
        ],
        [
            0.28739628195762634,
            -Infinity,
            -Infinity,
            -Infinity
        ]
    ],
    "68": [
        [
            2,
            0,
            1,
            3
        ],
        [
            0.27436333894729614,
            -Infinity,
            -Infinity,
            -Infinity
        ]
    ],
    "16": [
        [
            2,
            0,
            1,
            3
        ],
        [
            0.2723846435546875,
            -Infinity,
            -Infinity,
            -Infinity
        ]
    ],
    "38": [
        [
            1,
            0,
            2,
            3
        ],
        [
            0.28683704137802124,
            -Infinity,
            -Infinity,
            -Infinity
        ]
    ],
    "88": [
        [
            2,
            0,
            1,
            3
        ],
        [
            0.27372536063194275,
            -Infinity,
            -Infinity,
            -Infinity
        ]
    ],
    "13": [
        [
            1,
            0,
            2,
            3
        ],
        [
            0.2863483130931854,
            -Infinity,
            -Infinity,
            -Infinity
        ]
    ],
    "25": [
        [
            1,
            0,
            2,
            3
        ],
        [
            0.2808361053466797,
            -Infinity,
            -Infinity,
            -Infinity
        ]
    ],
    "80": [
        [
            1,
            0,
            2,
            3
        ],
        [
            0.2840050160884857,
            -Infinity,
            -Infinity,
            -Infinity
        ]
    ],
    "26": [
        [
            3,
            1,
            0,
            2
        ],
        [
            0.29624560475349426,
            0.28223860263824463,
            -Infinity,
            -Infinity
        ]
    ],
    "52": [
        [
            3,
            1,
            0,
            2
        ],
        [
            0.2947556972503662,
            0.2813182771205902,
            -Infinity,
            -Infinity
        ]
    ],
    "95": [
        [
            3,
            0,
            1,
            2
        ],
        [
            0.7269414663314819,
            -Infinity,
            -Infinity,
            -Infinity
        ]
    ],
    "67": [
        [
            3,
            0,
            1,
            2
        ],
        [
            0.29598283767700195,
            -Infinity,
            -Infinity,
            -Infinity
        ]
    ],
    "71": [
        [
            3,
            1,
            0,
            2
        ],
        [
            0.29626452922821045,
            0.28224977850914,
            -Infinity,
            -Infinity
        ]
    ],
    "22": [
        [
            1,
            2,
            0,
            3
        ],
        [
            0.7294433116912842,
            0.28551849722862244,
            -Infinity,
            -Infinity
        ]
    ],
    "43": [
        [
            1,
            0,
            2,
            3
        ],
        [
            0.3614162802696228,
            -Infinity,
            -Infinity,
            -Infinity
        ]
    ],
    "14": [
        [
            3,
            0,
            1,
            2
        ],
        [
            0.7297015190124512,
            -Infinity,
            -Infinity,
            -Infinity
        ]
    ],
    "75": [
        [
            3,
            0,
            1,
            2
        ],
        [
            0.7263177037239075,
            -Infinity,
            -Infinity,
            -Infinity
        ]
    ],
    "94": [
        [
            3,
            0,
            1,
            2
        ],
        [
            0.7297187447547913,
            -Infinity,
            -Infinity,
            -Infinity
        ]
    ],
    "28": [
        [
            2,
            1,
            0,
            3
        ],
        [
            0.7306906580924988,
            0.28120797872543335,
            -Infinity,
            -Infinity
        ]
    ],
    "69": [
        [
            3,
            2,
            0,
            1
        ],
        [
            0.7243248820304871,
            0.2734512984752655,
            -Infinity,
            -Infinity
        ]
    ],
    "65": [
        [
            2,
            0,
            1,
            3
        ],
        [
            0.2793770730495453,
            -Infinity,
            -Infinity,
            -Infinity
        ]
    ],
    "51": [
        [
            2,
            0,
            1,
            3
        ],
        [
            0.2752048373222351,
            -Infinity,
            -Infinity,
            -Infinity
        ]
    ],
    "87": [
        [
            1,
            0,
            2,
            3
        ],
        [
            0.2810223698616028,
            -Infinity,
            -Infinity,
            -Infinity
        ]
    ],
    "91": [
        [
            2,
            0,
            1,
            3
        ],
        [
            0.27822089195251465,
            -Infinity,
            -Infinity,
            -Infinity
        ]
    ],