{
    "model_file": "./data_sets/animes/checkpoint_DSSM/config_0/fold_4/DSSM-May-23-2025_13-28-04.pth",
    "data_set_name": "animes",
    "algorithm_name": "DSSM",
    "algorithm_config_index": 0,
    "algorithm_configuration": {},
    "fold": 4,
    "evaluation_time": 0.22292208671569824,
    "NDCG@1": 0.0,
    "HR@1": 0.0,
    "Recall@1": 0.0,
    "NDCG@3": 0.0011537418999505293,
    "HR@3": 0.004347826086956522,
    "Recall@3": 0.004347826086956522,
    "NDCG@5": 0.001404296787817433,
    "HR@5": 0.008695652173913044,
    "Recall@5": 0.008695652173913044,
    "NDCG@10": 0.0012302661010968627,
    "HR@10": 0.013043478260869565,
    "Recall@10": 0.013043478260869565,
    "NDCG@20": 0.001553982762037527,
    "HR@20": 0.034782608695652174,
    "Recall@20": 0.034782608695652174
}