{
    "model_file": "./data_sets/MovieLens-100K/checkpoint_SpectralCF/config_0/fold_1/SpectralCF-Apr-25-2025_17-18-54.pth",
    "data_set_name": "MovieLens-100K",
    "algorithm_name": "SpectralCF",
    "algorithm_config_index": 0,
    "algorithm_configuration": {
        "embedding_size": 64,
        "learning_rate": 0.01
    },
    "fold": 1,
    "evaluation_time": 0.9287958145141602,
    "NDCG@1": 0.2841068917018284,
    "HR@1": 0.2841068917018284,
    "Recall@1": 0.2841068917018284,
    "NDCG@3": 0.2585155295743036,
    "HR@3": 0.5555555555555556,
    "Recall@3": 0.2510548523206755,
    "NDCG@5": 0.24912778952149076,
    "HR@5": 0.7018284106891702,
    "Recall@5": 0.24125644631973744,
    "NDCG@10": 0.2262682892882541,
    "HR@10": 0.8255977496483825,
    "Recall@10": 0.222353939231576,
    "NDCG@20": 0.20319916680958663,
    "HR@20": 0.9310829817158931,
    "Recall@20": 0.24620729180369197
}