{
    "model_file": "./data_sets/winesspa/checkpoint_FM/config_0/fold_3/FM-May-18-2025_21-04-15.pth",
    "data_set_name": "winesspa",
    "algorithm_name": "FM",
    "algorithm_config_index": 0,
    "algorithm_configuration": {
        "task": "rating",
        "epoch": 10,
        "lr": 0.05
    },
    "fold": 3,
    "evaluation_time": 0.034720659255981445,
    "NDCG@1": 0.41,
    "HR@1": 0.41,
    "Recall@1": 0.41,
    "NDCG@3": 0.5072617974664726,
    "HR@3": 0.9,
    "Recall@3": 0.5349999999999998,
    "NDCG@5": 0.4928453061248603,
    "HR@5": 0.94,
    "Recall@5": 0.5096666666666666,
    "NDCG@10": 0.4422465922832554,
    "HR@10": 0.99,
    "Recall@10": 0.5581388888888889,
    "NDCG@20": 0.3104051694819848,
    "HR@20": 1.0,
    "Recall@20": 0.6300213120213118
}