{
    "model_file": "./data_sets/winesspa/checkpoint_AFM/config_0/fold_3/AFM-May-18-2025_20-59-23.pth",
    "data_set_name": "winesspa",
    "algorithm_name": "AFM",
    "algorithm_config_index": 0,
    "algorithm_configuration": {},
    "fold": 3,
    "evaluation_time": 0.031537532806396484,
    "NDCG@1": 0.02,
    "HR@1": 0.02,
    "Recall@1": 0.02,
    "NDCG@3": 0.054581478972161854,
    "HR@3": 0.21,
    "Recall@3": 0.06999999999999998,
    "NDCG@5": 0.05388004375380067,
    "HR@5": 0.3,
    "Recall@5": 0.06400000000000003,
    "NDCG@10": 0.06276909774068001,
    "HR@10": 0.54,
    "Recall@10": 0.09605952380952376,
    "NDCG@20": 0.07342567994939939,
    "HR@20": 0.81,
    "Recall@20": 0.21370801420801414
}