{
    "model_file": "./data_sets/airlinesreviews/checkpoint_LR/config_0/fold_1/LR-May-18-2025_21-16-21.pth",
    "data_set_name": "airlinesreviews",
    "algorithm_name": "LR",
    "algorithm_config_index": 0,
    "algorithm_configuration": {},
    "fold": 1,
    "evaluation_time": 0.04994392395019531,
    "NDCG@1": 0.06140350877192982,
    "HR@1": 0.06140350877192982,
    "Recall@1": 0.06140350877192982,
    "NDCG@3": 0.12202199465360297,
    "HR@3": 0.39473684210526316,
    "Recall@3": 0.37280701754385964,
    "NDCG@5": 0.1441296680637035,
    "HR@5": 0.7631578947368421,
    "Recall@5": 0.7543859649122807,
    "NDCG@10": 0.11217349005572093,
    "HR@10": 1.0,
    "Recall@10": 1.0,
    "NDCG@20": 0.07239310784475828,
    "HR@20": 1.0,
    "Recall@20": 1.0
}