{
    "model_file": "./data_sets/ryanairreviews/checkpoint_DSSM/config_0/fold_2/DSSM-May-18-2025_21-55-42.pth",
    "data_set_name": "ryanairreviews",
    "algorithm_name": "DSSM",
    "algorithm_config_index": 0,
    "algorithm_configuration": {},
    "fold": 2,
    "evaluation_time": 0.029118776321411133,
    "NDCG@1": 0.2711864406779661,
    "HR@1": 0.2711864406779661,
    "Recall@1": 0.2711864406779661,
    "NDCG@3": 0.35782634351021025,
    "HR@3": 0.9661016949152542,
    "Recall@3": 0.7966101694915253,
    "NDCG@5": 0.31899245620459027,
    "HR@5": 1.0,
    "Recall@5": 0.9957627118644068,
    "NDCG@10": 0.20833306134379737,
    "HR@10": 1.0,
    "Recall@10": 1.0,
    "NDCG@20": 0.13445135539598904,
    "HR@20": 1.0,
    "Recall@20": 1.0
}