{
    "model_file": "./data_sets/winesspa/checkpoint_FwFM/config_0/fold_1/FwFM-May-18-2025_21-05-10.pth",
    "data_set_name": "winesspa",
    "algorithm_name": "FwFM",
    "algorithm_config_index": 0,
    "algorithm_configuration": {},
    "fold": 1,
    "evaluation_time": 0.029944896697998047,
    "NDCG@1": 0.45,
    "HR@1": 0.45,
    "Recall@1": 0.45,
    "NDCG@3": 0.4398886917119343,
    "HR@3": 0.82,
    "Recall@3": 0.4416666666666667,
    "NDCG@5": 0.41627699685562847,
    "HR@5": 0.94,
    "Recall@5": 0.4126666666666665,
    "NDCG@10": 0.3787413543281054,
    "HR@10": 0.98,
    "Recall@10": 0.4763531746031745,
    "NDCG@20": 0.2815362080237639,
    "HR@20": 0.99,
    "Recall@20": 0.5852961621711624
}