{
    "model_file": "./data_sets/MovieLens-100K/checkpoint_RecVAE/config_0/fold_4/RecVAE-Apr-25-2025_16-05-30.pth",
    "data_set_name": "MovieLens-100K",
    "algorithm_name": "RecVAE",
    "algorithm_config_index": 0,
    "algorithm_configuration": {
        "latent_dimension": 200,
        "learning_rate": 0.01
    },
    "fold": 4,
    "evaluation_time": 0.9639959335327148,
    "NDCG@1": 0.47538677918424754,
    "HR@1": 0.47538677918424754,
    "Recall@1": 0.47538677918424754,
    "NDCG@3": 0.4277477827001834,
    "HR@3": 0.7088607594936709,
    "Recall@3": 0.41397093295827436,
    "NDCG@5": 0.3968721464101333,
    "HR@5": 0.7960618846694796,
    "Recall@5": 0.37526957337083877,
    "NDCG@10": 0.35567604261542807,
    "HR@10": 0.8945147679324894,
    "Recall@10": 0.34120398276516445,
    "NDCG@20": 0.3066316434078631,
    "HR@20": 0.9620253164556962,
    "Recall@20": 0.34594061567190637
}