{
    "model_file": "./data_sets/MovieLens-100K/checkpoint_NGCF/config_0/fold_0/NGCF-Apr-25-2025_15-53-44.pth",
    "data_set_name": "MovieLens-100K",
    "algorithm_name": "NGCF",
    "algorithm_config_index": 0,
    "algorithm_configuration": {
        "embedding_size": 64,
        "learning_rate": 0.01
    },
    "fold": 0,
    "evaluation_time": 0.9418017864227295,
    "NDCG@1": 0.3150492264416315,
    "HR@1": 0.3150492264416315,
    "Recall@1": 0.3150492264416315,
    "NDCG@3": 0.27942408664221435,
    "HR@3": 0.5682137834036568,
    "Recall@3": 0.26910454758556107,
    "NDCG@5": 0.2621672541099974,
    "HR@5": 0.7018284106891702,
    "Recall@5": 0.24910923581809646,
    "NDCG@10": 0.24566527248815428,
    "HR@10": 0.8748241912798875,
    "Recall@10": 0.24314011117808584,
    "NDCG@20": 0.22039656012155612,
    "HR@20": 0.9437412095639943,
    "Recall@20": 0.2642943790688435
}