{
    "model_file": "./data_sets/MovieLens-100K/checkpoint_CDAE/config_0/fold_0/CDAE-Apr-25-2025_15-06-33.pth",
    "data_set_name": "MovieLens-100K",
    "algorithm_name": "CDAE",
    "algorithm_config_index": 0,
    "algorithm_configuration": {
        "embedding_size": 64,
        "learning_rate": 0.01
    },
    "fold": 0,
    "evaluation_time": 0.9823966026306152,
    "NDCG@1": 0.459915611814346,
    "HR@1": 0.459915611814346,
    "Recall@1": 0.459915611814346,
    "NDCG@3": 0.4292719798950757,
    "HR@3": 0.7412095639943741,
    "Recall@3": 0.42006563525550855,
    "NDCG@5": 0.40225986111293965,
    "HR@5": 0.8466947960618847,
    "Recall@5": 0.3854195968120012,
    "NDCG@10": 0.36487384618604374,
    "HR@10": 0.9381153305203939,
    "Recall@10": 0.35569676065456646,
    "NDCG@20": 0.31865815412096093,
    "HR@20": 0.9831223628691983,
    "Recall@20": 0.3740687397159882
}