{
    "model_file": "./data_sets/MovieLens-100K/checkpoint_Random/config_0/fold_4/Random-Apr-25-2025_21-44-07.pth",
    "data_set_name": "MovieLens-100K",
    "algorithm_name": "Random",
    "algorithm_config_index": 0,
    "algorithm_configuration": {
        "epochs": 1
    },
    "fold": 4,
    "evaluation_time": 0.8789267539978027,
    "NDCG@1": 0.035161744022503515,
    "HR@1": 0.035161744022503515,
    "Recall@1": 0.035161744022503515,
    "NDCG@3": 0.033582440090142086,
    "HR@3": 0.09142053445850915,
    "Recall@3": 0.033286451007969974,
    "NDCG@5": 0.03397852961814185,
    "HR@5": 0.14486638537271448,
    "Recall@5": 0.034224097515236696,
    "NDCG@10": 0.035050887737389194,
    "HR@10": 0.2714486638537271,
    "Recall@10": 0.03638012635902939,
    "NDCG@20": 0.03550887084415384,
    "HR@20": 0.4345991561181435,
    "Recall@20": 0.04165559634462731
}