{
    "model_file": "./data_sets/laptops/checkpoint_FM/config_0/fold_2/FM-May-23-2025_16-50-55.pth",
    "data_set_name": "laptops",
    "algorithm_name": "FM",
    "algorithm_config_index": 0,
    "algorithm_configuration": {
        "task": "rating",
        "epoch": 10,
        "lr": 0.05
    },
    "fold": 2,
    "evaluation_time": 0.004009246826171875,
    "NDCG@1": 0.0,
    "HR@1": 0.0,
    "Recall@1": 0.0,
    "NDCG@3": 0.0,
    "HR@3": 0.0,
    "Recall@3": 0.0,
    "NDCG@5": 0.0,
    "HR@5": 0.0,
    "Recall@5": 0.0,
    "NDCG@10": 0.0,
    "HR@10": 0.0,
    "Recall@10": 0.0,
    "NDCG@20": 0.005329535766634947,
    "HR@20": 0.14285714285714285,
    "Recall@20": 0.14285714285714285
}