{
    "model_file": "./data_sets/laptops/checkpoint_FM/config_0/fold_0/FM-May-23-2025_16-50-41.pth",
    "data_set_name": "laptops",
    "algorithm_name": "FM",
    "algorithm_config_index": 0,
    "algorithm_configuration": {
        "task": "rating",
        "epoch": 10,
        "lr": 0.05
    },
    "fold": 0,
    "evaluation_time": 0.0,
    "NDCG@1": 0.0,
    "HR@1": 0.0,
    "Recall@1": 0.0,
    "NDCG@3": 0.0,
    "HR@3": 0.0,
    "Recall@3": 0.0,
    "NDCG@5": 0.0,
    "HR@5": 0.0,
    "Recall@5": 0.0,
    "NDCG@10": 0.007361580383821005,
    "HR@10": 0.1111111111111111,
    "Recall@10": 0.1111111111111111,
    "NDCG@20": 0.0047509236127812856,
    "HR@20": 0.1111111111111111,
    "Recall@20": 0.1111111111111111
}