{
    "model_file": "./data_sets/products/checkpoint_DCN/config_0/fold_2/DCN-May-23-2025_17-21-02.pth",
    "data_set_name": "products",
    "algorithm_name": "DCN",
    "algorithm_config_index": 0,
    "algorithm_configuration": {},
    "fold": 2,
    "evaluation_time": 0.030999422073364258,
    "NDCG@1": 0.0,
    "HR@1": 0.0,
    "Recall@1": 0.0,
    "NDCG@3": 0.02145521093955545,
    "HR@3": 0.07246376811594203,
    "Recall@3": 0.07246376811594203,
    "NDCG@5": 0.023327752261628545,
    "HR@5": 0.13043478260869565,
    "Recall@5": 0.13043478260869565,
    "NDCG@10": 0.03945331765809347,
    "HR@10": 0.4782608695652174,
    "Recall@10": 0.4782608695652174,
    "NDCG@20": 0.032121010861387904,
    "HR@20": 0.6666666666666666,
    "Recall@20": 0.6666666666666666
}