{
    "model_file": "./data_sets/clothes/checkpoint_AFM/config_0/fold_4/AFM-May-23-2025_15-33-26.pth",
    "data_set_name": "clothes",
    "algorithm_name": "AFM",
    "algorithm_config_index": 0,
    "algorithm_configuration": {},
    "fold": 4,
    "evaluation_time": 0.004012107849121094,
    "NDCG@1": 0.0,
    "HR@1": 0.0,
    "Recall@1": 0.0,
    "NDCG@3": 0.0,
    "HR@3": 0.0,
    "Recall@3": 0.0,
    "NDCG@5": 0.0,
    "HR@5": 0.0,
    "Recall@5": 0.0,
    "NDCG@10": 0.009918745990968184,
    "HR@10": 0.14285714285714285,
    "Recall@10": 0.14285714285714285,
    "NDCG@20": 0.006401234800238818,
    "HR@20": 0.14285714285714285,
    "Recall@20": 0.14285714285714285
}