{
    "model_file": "./data_sets/MovieLens-100K/checkpoint_DMF/config_0/fold_0/DMF-Apr-25-2025_13-39-41.pth",
    "data_set_name": "MovieLens-100K",
    "algorithm_name": "DMF",
    "algorithm_config_index": 0,
    "algorithm_configuration": {
        "user_embedding_size": 64,
        "item_embedding_size": 64,
        "learning_rate": 0.01
    },
    "fold": 0,
    "evaluation_time": 0.8808643817901611,
    "NDCG@1": 0.02250351617440225,
    "HR@1": 0.02250351617440225,
    "Recall@1": 0.02250351617440225,
    "NDCG@3": 0.02286483969145502,
    "HR@3": 0.06610407876230662,
    "Recall@3": 0.022034692920768883,
    "NDCG@5": 0.03821091083480693,
    "HR@5": 0.2011251758087201,
    "Recall@5": 0.04411626816690098,
    "NDCG@10": 0.047585106818035475,
    "HR@10": 0.4050632911392405,
    "Recall@10": 0.056934119170406285,
    "NDCG@20": 0.051731285003163936,
    "HR@20": 0.6090014064697609,
    "Recall@20": 0.06903974118167927
}