{
    "model_file": "./data_sets/MovieLens-100K/checkpoint_DGCF/config_0/fold_0/DGCF-Apr-25-2025_13-49-50.pth",
    "data_set_name": "MovieLens-100K",
    "algorithm_name": "DGCF",
    "algorithm_config_index": 0,
    "algorithm_configuration": {
        "embedding_size": 64,
        "learning_rate": 0.01
    },
    "fold": 0,
    "evaluation_time": 0.9332475662231445,
    "NDCG@1": 0.3459915611814346,
    "HR@1": 0.3459915611814346,
    "Recall@1": 0.3459915611814346,
    "NDCG@3": 0.3183023926071646,
    "HR@3": 0.6230661040787623,
    "Recall@3": 0.31082981715893193,
    "NDCG@5": 0.3022367013226169,
    "HR@5": 0.7623066104078763,
    "Recall@5": 0.291045475855602,
    "NDCG@10": 0.27445131845281595,
    "HR@10": 0.8762306610407876,
    "Recall@10": 0.2704635768981759,
    "NDCG@20": 0.24342673005637394,
    "HR@20": 0.960618846694796,
    "Recall@20": 0.29395314189569044
}