{
    "model_file": "./data_sets/videogamessecond/checkpoint_FwFM/config_0/fold_3/FwFM-May-24-2025_02-13-00.pth",
    "data_set_name": "videogamessecond",
    "algorithm_name": "FwFM",
    "algorithm_config_index": 0,
    "algorithm_configuration": {},
    "fold": 3,
    "evaluation_time": 0.017296314239501953,
    "NDCG@1": 0.0,
    "HR@1": 0.0,
    "Recall@1": 0.0,
    "NDCG@3": 0.01738069355639839,
    "HR@3": 0.07407407407407407,
    "Recall@3": 0.07407407407407407,
    "NDCG@5": 0.022830875282543125,
    "HR@5": 0.14814814814814814,
    "Recall@5": 0.14814814814814814,
    "NDCG@10": 0.02231505482895401,
    "HR@10": 0.25925925925925924,
    "Recall@10": 0.25925925925925924,
    "NDCG@20": 0.02782688733105917,
    "HR@20": 0.6296296296296297,
    "Recall@20": 0.6296296296296297
}