{
    "model_file": "./data_sets/MovieLens-100K/checkpoint_RecVAE/config_0/fold_0/RecVAE-Apr-25-2025_16-04-02.pth",
    "data_set_name": "MovieLens-100K",
    "algorithm_name": "RecVAE",
    "algorithm_config_index": 0,
    "algorithm_configuration": {
        "latent_dimension": 200,
        "learning_rate": 0.01
    },
    "fold": 0,
    "evaluation_time": 0.8636429309844971,
    "NDCG@1": 0.45569620253164556,
    "HR@1": 0.45569620253164556,
    "Recall@1": 0.45569620253164556,
    "NDCG@3": 0.4125515217616046,
    "HR@3": 0.70042194092827,
    "Recall@3": 0.3994374120956399,
    "NDCG@5": 0.39187169707705644,
    "HR@5": 0.810126582278481,
    "Recall@5": 0.3747773089545233,
    "NDCG@10": 0.3492236017921366,
    "HR@10": 0.909985935302391,
    "Recall@10": 0.3371352666711313,
    "NDCG@20": 0.3008452810537281,
    "HR@20": 0.9578059071729957,
    "Recall@20": 0.3409756657514691
}