{
    "model_file": "./data_sets/airlinesreviews/checkpoint_FwFM/config_0/fold_0/FwFM-May-18-2025_21-24-18.pth",
    "data_set_name": "airlinesreviews",
    "algorithm_name": "FwFM",
    "algorithm_config_index": 0,
    "algorithm_configuration": {},
    "fold": 0,
    "evaluation_time": 0.03673410415649414,
    "NDCG@1": 0.13513513513513514,
    "HR@1": 0.13513513513513514,
    "Recall@1": 0.13513513513513514,
    "NDCG@3": 0.1389096126745481,
    "HR@3": 0.3783783783783784,
    "Recall@3": 0.3348348348348349,
    "NDCG@5": 0.15615218211168905,
    "HR@5": 0.7117117117117117,
    "Recall@5": 0.6846846846846847,
    "NDCG@10": 0.12705596199394217,
    "HR@10": 1.0,
    "Recall@10": 1.0,
    "NDCG@20": 0.08199776929805765,
    "HR@20": 1.0,
    "Recall@20": 1.0
}