{
    "model_file": "./data_sets/airlinesreviews/checkpoint_DSSM/config_0/fold_4/DSSM-May-18-2025_21-20-07.pth",
    "data_set_name": "airlinesreviews",
    "algorithm_name": "DSSM",
    "algorithm_config_index": 0,
    "algorithm_configuration": {},
    "fold": 4,
    "evaluation_time": 0.052564144134521484,
    "NDCG@1": 0.09701492537313433,
    "HR@1": 0.09701492537313433,
    "Recall@1": 0.09701492537313433,
    "NDCG@3": 0.12298813100618905,
    "HR@3": 0.3805970149253731,
    "Recall@3": 0.34452736318407956,
    "NDCG@5": 0.11556461137538661,
    "HR@5": 0.5447761194029851,
    "Recall@5": 0.503731343283582,
    "NDCG@10": 0.11535218743449424,
    "HR@10": 1.0,
    "Recall@10": 1.0,
    "NDCG@20": 0.0744445353436537,
    "HR@20": 1.0,
    "Recall@20": 1.0
}