{
    "model_file": "./data_sets/ryanairreviews/checkpoint_FwFM/config_0/fold_0/FwFM-May-18-2025_21-58-58.pth",
    "data_set_name": "ryanairreviews",
    "algorithm_name": "FwFM",
    "algorithm_config_index": 0,
    "algorithm_configuration": {},
    "fold": 0,
    "evaluation_time": 0.016950607299804688,
    "NDCG@1": 0.921875,
    "HR@1": 0.921875,
    "Recall@1": 0.921875,
    "NDCG@3": 0.5777771615997949,
    "HR@3": 1.0,
    "Recall@3": 0.9947916666666667,
    "NDCG@5": 0.4221395436881324,
    "HR@5": 1.0,
    "Recall@5": 1.0,
    "NDCG@10": 0.27393967909540706,
    "HR@10": 1.0,
    "Recall@10": 1.0,
    "NDCG@20": 0.17679172433577015,
    "HR@20": 1.0,
    "Recall@20": 1.0
}