{
    "model_file": "./data_sets/MovieLens-100K/checkpoint_CDAE/config_0/fold_4/CDAE-Apr-25-2025_15-07-05.pth",
    "data_set_name": "MovieLens-100K",
    "algorithm_name": "CDAE",
    "algorithm_config_index": 0,
    "algorithm_configuration": {
        "embedding_size": 64,
        "learning_rate": 0.01
    },
    "fold": 4,
    "evaluation_time": 0.8914391994476318,
    "NDCG@1": 0.4739803094233474,
    "HR@1": 0.4739803094233474,
    "Recall@1": 0.4739803094233474,
    "NDCG@3": 0.44240174473516936,
    "HR@3": 0.7510548523206751,
    "Recall@3": 0.43366150961087674,
    "NDCG@5": 0.41519977375962586,
    "HR@5": 0.8410689170182841,
    "Recall@5": 0.39859353023909966,
    "NDCG@10": 0.3725106108855316,
    "HR@10": 0.9240506329113924,
    "Recall@10": 0.3618947156921839,
    "NDCG@20": 0.32284421796114904,
    "HR@20": 0.960618846694796,
    "Recall@20": 0.3753705604564834
}