{
    "model_file": "./data_sets/disneylandreviews/checkpoint_FM/config_0/fold_2/FM-May-18-2025_20-37-59.pth",
    "data_set_name": "disneylandreviews",
    "algorithm_name": "FM",
    "algorithm_config_index": 0,
    "algorithm_configuration": {
        "task": "rating",
        "epoch": 10,
        "lr": 0.05
    },
    "fold": 2,
    "evaluation_time": 0.015279054641723633,
    "NDCG@1": 1.0,
    "HR@1": 1.0,
    "Recall@1": 1.0,
    "NDCG@3": 0.5316117599103071,
    "HR@3": 1.0,
    "Recall@3": 1.0,
    "NDCG@5": 0.38420994521772733,
    "HR@5": 1.0,
    "Recall@5": 1.0,
    "NDCG@10": 0.2493259650083023,
    "HR@10": 1.0,
    "Recall@10": 1.0,
    "NDCG@20": 0.16090683693962426,
    "HR@20": 1.0,
    "Recall@20": 1.0
}