{
    "70": [
        [
            2,
            0,
            1,
            3
        ],
        [
            0.974163293838501,
            -Infinity,
            -Infinity,
            -Infinity
        ]
    ],
    "17": [
        [
            3,
            0,
            1,
            2
        ],
        [
            0.993618369102478,
            -Infinity,
            -Infinity,
            -Infinity
        ]
    ],
    "78": [
        [
            3,
            0,
            1,
            2
        ],
        [
            0.984488844871521,
            -Infinity,
            -Infinity,
            -Infinity
        ]
    ],
    "81": [
        [
            3,
            0,
            1,
            2
        ],
        [
            0.9834452271461487,
            -Infinity,
            -Infinity,
            -Infinity
        ]
    ],
    "28": [
        [
            1,
            2,
            0,
            3
        ],
        [
            0.9924437403678894,
            0.9768774509429932,
            -Infinity,
            -Infinity
        ]
    ],
    "52": [
        [
            3,
            0,
            1,
            2
        ],
        [
            0.9715366363525391,
            -Infinity,
            -Infinity,
            -Infinity
        ]
    ],
    "60": [
        [
            3,
            0,
            1,
            2
        ],
        [
            0.9764967560768127,
            -Infinity,
            -Infinity,
            -Infinity
        ]
    ],
    "12": [
        [
            3,
            0,
            1,
            2
        ],
        [
            0.993813157081604,
            -Infinity,
            -Infinity,
            -Infinity
        ]
    ],
    "74": [
        [
            1,
            0,
            2,
            3
        ],
        [
            0.993073582649231,
            -Infinity,
            -Infinity,
            -Infinity
        ]
    ],
    "88": [
        [
            1,
            0,
            2,
            3
        ],
        [
            0.9756105542182922,
            -Infinity,
            -Infinity,
            -Infinity
        ]
    ],
    "41": [
        [
            1,
            0,
            2,
            3
        ],
        [
            0.9670329689979553,
            -Infinity,
            -Infinity,
            -Infinity
        ]
    ],
    "37": [
        [
            1,
            2,
            0,
            3
        ],
        [
            0.9932934045791626,
            0.982379138469696,
            -Infinity,
            -Infinity
        ]
    ],
    "89": [
        [
            2,
            0,
            1,
            3
        ],
        [
            0.9706473350524902,
            -Infinity,
            -Infinity,
            -Infinity
        ]
    ],
    "73": [
        [
            1,
            2,
            0,
            3
        ],
        [
            0.994739830493927,
            0.9731137156486511,
            -Infinity,
            -Infinity
        ]
    ],
    "54": [
        [
            3,
            0,
            1,
            2
        ],
        [
            0.9906340837478638,
            -Infinity,
            -Infinity,
            -Infinity
        ]
    ],
    "27": [
        [
            1,
            0,
            2,
            3
        ],
        [
            0.9911308288574219,
            -Infinity,
            -Infinity,
            -Infinity
        ]
    ],
    "68": [
        [
            2,
            0,
            1,
            3
        ],
        [
            0.9791810512542725,
            -Infinity,
            -Infinity,
            -Infinity
        ]
    ],
    "80": [
        [
            1,
            2,
            0,
            3
        ],
        [
            0.9905735850334167,
            0.9644397497177124,
            -Infinity,
            -Infinity
        ]
    ],
    "51": [
        [
            1,
            3,
            0,
            2
        ],
        [
            0.9805569648742676,
            0.9775475263595581,
            -Infinity,
            -Infinity
        ]
    ],
    "40": [
        [
            2,
            0,
            1,
            3
        ],
        [
            0.9805508852005005,
            -Infinity,
            -Infinity,
            -Infinity
        ]
    ],
    "26": [
        [
            3,
            0,
            1,
            2
        ],
        [
            0.9807813167572021,
            -Infinity,
            -Infinity,
            -Infinity
        ]
    ],
    "65": [
        [
            1,
            0,
            2,
            3
        ],
        [
            0.9838316440582275,
            -Infinity,
            -Infinity,
            -Infinity
        ]
    ],
    "90": [
        [
            1,
            2,
            0,
            3
        ],
        [
            0.9928962588310242,
            0.9816432595252991,
            -Infinity,
            -Infinity
        ]
    ],
    "58": [
        [
            3,
            2,
            0,
            1
        ],
        [
            0.9960402250289917,
            0.9858740568161011,
            -Infinity,
            -Infinity
        ]
    ],
    "19": [
        [
            1,
            0,
            2,
            3
        ],
        [
            0.9844369888305664,
            -Infinity,
            -Infinity,
            -Infinity
        ]
    ],
    "11": [
        [
            1,
            0,
            2,
            3
        ],
        [
            0.9821441173553467,
            -Infinity,
            -Infinity,
            -Infinity
        ]
    ],
    "30": [
        [
            3,
            0,
            1,
            2
        ],
        [
            0.9797233939170837,
            -Infinity,
            -Infinity,
            -Infinity
        ]
    ],
    "86": [
        [
            3,
            0,
            1,
            2
        ],
        [
            0.9927678108215332,
            -Infinity,
            -Infinity,
            -Infinity
        ]
    ],
    "84": [
        [
            1,
            0,
            2,
            3
        ],
        [
            0.9648770093917847,
            -Infinity,
            -Infinity,
            -Infinity
        ]
    ],
    "20": [
        [
            1,
            0,
            2,
            3
        ],
        [
            0.9959338307380676,
            -Infinity,
            -Infinity,
            -Infinity
        ]
    ],
    "59": [
        [
            3,
            1,
            0,
            2
        ],
        [
            0.9663313031196594,
            0.9643676280975342,
            -Infinity,
            -Infinity
        ]
    ],
    "83": [
        [
            2,
            0,
            1,
            3
        ],
        [
            0.9776650071144104,
            -Infinity,
            -Infinity,
            -Infinity
        ]
    ],
    "6": [
        [
            1,
            0,
            2,
            3
        ],
        [
            0.991943359375,
            -Infinity,
            -Infinity,
            -Infinity
        ]
    ],
    "35": [
        [
            2,
            0,
            1,
            3
        ],
        [
            0.9879939556121826,
            -Infinity,
            -Infinity,
            -Infinity
        ]
    ],
    "85": [
        [
            2,
            0,
            1,
            3
        ],
        [
            0.9673739075660706,
            -Infinity,
            -Infinity,
            -Infinity
        ]
    ],
    "33": [
        [
            3,
            0,
            1,
            2
        ],
        [
            0.9724138975143433,
            -Infinity,
            -Infinity,
            -Infinity
        ]
    ],