{
    "model_file": "./data_sets/starbucks/checkpoint_DSSM/config_0/fold_3/DSSM-May-24-2025_01-30-12.pth",
    "data_set_name": "starbucks",
    "algorithm_name": "DSSM",
    "algorithm_config_index": 0,
    "algorithm_configuration": {},
    "fold": 3,
    "evaluation_time": 0.01250910758972168,
    "NDCG@1": 0.0,
    "HR@1": 0.0,
    "Recall@1": 0.0,
    "NDCG@3": 0.0,
    "HR@3": 0.0,
    "Recall@3": 0.0,
    "NDCG@5": 0.0,
    "HR@5": 0.0,
    "Recall@5": 0.0,
    "NDCG@10": 0.0027033885854715637,
    "HR@10": 0.034482758620689655,
    "Recall@10": 0.034482758620689655,
    "NDCG@20": 0.001744678723262657,
    "HR@20": 0.034482758620689655,
    "Recall@20": 0.034482758620689655
}