{
    "model_file": "./data_sets/MovieLens-100K/checkpoint_EASE/config_0/fold_3/EASE-Apr-25-2025_18-48-20.pth",
    "data_set_name": "MovieLens-100K",
    "algorithm_name": "EASE",
    "algorithm_config_index": 0,
    "algorithm_configuration": {
        "epochs": 1,
        "reg_weight": 250
    },
    "fold": 3,
    "evaluation_time": 0.8273711204528809,
    "NDCG@1": 0.5485232067510548,
    "HR@1": 0.5485232067510548,
    "Recall@1": 0.5485232067510548,
    "NDCG@3": 0.5007270312696602,
    "HR@3": 0.8059071729957806,
    "Recall@3": 0.48663853727144873,
    "NDCG@5": 0.46642338909165665,
    "HR@5": 0.8832630098452883,
    "Recall@5": 0.44397562119081063,
    "NDCG@10": 0.41656007694464114,
    "HR@10": 0.9423347398030942,
    "Recall@10": 0.4031120934074524,
    "NDCG@20": 0.3558583018910291,
    "HR@20": 0.9831223628691983,
    "Recall@20": 0.41102237125835855
}