{
    "model_file": "./data_sets/products/checkpoint_FM/config_0/fold_4/FM-May-23-2025_17-39-33.pth",
    "data_set_name": "products",
    "algorithm_name": "FM",
    "algorithm_config_index": 0,
    "algorithm_configuration": {
        "task": "rating",
        "epoch": 10,
        "lr": 0.05
    },
    "fold": 4,
    "evaluation_time": 0.030504465103149414,
    "NDCG@1": 0.0,
    "HR@1": 0.0,
    "Recall@1": 0.0,
    "NDCG@3": 0.00899527583012277,
    "HR@3": 0.03389830508474576,
    "Recall@3": 0.03389830508474576,
    "NDCG@5": 0.00872493974379114,
    "HR@5": 0.05084745762711865,
    "Recall@5": 0.05084745762711865,
    "NDCG@10": 0.0191069283630671,
    "HR@10": 0.2542372881355932,
    "Recall@10": 0.2542372881355932,
    "NDCG@20": 0.015718019266857848,
    "HR@20": 0.3559322033898305,
    "Recall@20": 0.3559322033898305
}