{
    "model_file": "./data_sets/clothes/checkpoint_DeepFM/config_0/fold_3/DeepFM-May-23-2025_15-35-22.pth",
    "data_set_name": "clothes",
    "algorithm_name": "DeepFM",
    "algorithm_config_index": 0,
    "algorithm_configuration": {},
    "fold": 3,
    "evaluation_time": 0.0031757354736328125,
    "NDCG@1": 0.0,
    "HR@1": 0.0,
    "Recall@1": 0.0,
    "NDCG@3": 0.0,
    "HR@3": 0.0,
    "Recall@3": 0.0,
    "NDCG@5": 0.0,
    "HR@5": 0.0,
    "Recall@5": 0.0,
    "NDCG@10": 0.007952598524868966,
    "HR@10": 0.125,
    "Recall@10": 0.125,
    "NDCG@20": 0.009476119010719703,
    "HR@20": 0.25,
    "Recall@20": 0.25
}