{
    "model_file": "./data_sets/airlinesreviews/checkpoint_FM/config_0/fold_3/FM-May-18-2025_21-23-22.pth",
    "data_set_name": "airlinesreviews",
    "algorithm_name": "FM",
    "algorithm_config_index": 0,
    "algorithm_configuration": {
        "task": "rating",
        "epoch": 10,
        "lr": 0.05
    },
    "fold": 3,
    "evaluation_time": 0.053589820861816406,
    "NDCG@1": 0.12686567164179105,
    "HR@1": 0.12686567164179105,
    "Recall@1": 0.12686567164179105,
    "NDCG@3": 0.144459137753137,
    "HR@3": 0.44029850746268656,
    "Recall@3": 0.41044776119402987,
    "NDCG@5": 0.14710045334843816,
    "HR@5": 0.7014925373134329,
    "Recall@5": 0.6902985074626866,
    "NDCG@10": 0.11943725672675541,
    "HR@10": 1.0,
    "Recall@10": 1.0,
    "NDCG@20": 0.07708090568107552,
    "HR@20": 1.0,
    "Recall@20": 1.0
}