{
    "model_file": "./data_sets/airlinesreviews/checkpoint_xDeepFM/config_0/fold_2/xDeepFM-May-18-2025_21-26-25.pth",
    "data_set_name": "airlinesreviews",
    "algorithm_name": "xDeepFM",
    "algorithm_config_index": 0,
    "algorithm_configuration": {},
    "fold": 2,
    "evaluation_time": 0.045953989028930664,
    "NDCG@1": 0.19327731092436976,
    "HR@1": 0.19327731092436976,
    "Recall@1": 0.19327731092436976,
    "NDCG@3": 0.17501515281464786,
    "HR@3": 0.4957983193277311,
    "Recall@3": 0.45238095238095233,
    "NDCG@5": 0.17248571969676454,
    "HR@5": 0.7478991596638656,
    "Recall@5": 0.7331932773109243,
    "NDCG@10": 0.13413146943131363,
    "HR@10": 1.0,
    "Recall@10": 1.0,
    "NDCG@20": 0.08656407077192255,
    "HR@20": 1.0,
    "Recall@20": 1.0
}