{
    "model_file": "./data_sets/iphone/checkpoint_FwFM/config_0/fold_0/FwFM-May-23-2025_16-38-40.pth",
    "data_set_name": "iphone",
    "algorithm_name": "FwFM",
    "algorithm_config_index": 0,
    "algorithm_configuration": {},
    "fold": 0,
    "evaluation_time": 0.001012563705444336,
    "NDCG@1": 1.0,
    "HR@1": 1.0,
    "Recall@1": 1.0,
    "NDCG@3": 0.46927872602275644,
    "HR@3": 1.0,
    "Recall@3": 1.0,
    "NDCG@5": 0.3391602052736161,
    "HR@5": 1.0,
    "Recall@5": 1.0,
    "NDCG@10": 0.2200917662980802,
    "HR@10": 1.0,
    "Recall@10": 1.0,
    "NDCG@20": 0.1420400396336573,
    "HR@20": 1.0,
    "Recall@20": 1.0
}