{
    "model_file": "./data_sets/starbucks/checkpoint_LR/config_0/fold_3/LR-May-24-2025_01-27-59.pth",
    "data_set_name": "starbucks",
    "algorithm_name": "LR",
    "algorithm_config_index": 0,
    "algorithm_configuration": {},
    "fold": 3,
    "evaluation_time": 0.013005256652832031,
    "NDCG@1": 0.0,
    "HR@1": 0.0,
    "Recall@1": 0.0,
    "NDCG@3": 0.0,
    "HR@3": 0.0,
    "Recall@3": 0.0,
    "NDCG@5": 0.0,
    "HR@5": 0.0,
    "Recall@5": 0.0,
    "NDCG@10": 0.0021938202827224734,
    "HR@10": 0.034482758620689655,
    "Recall@10": 0.017241379310344827,
    "NDCG@20": 0.0025309334667313397,
    "HR@20": 0.06896551724137931,
    "Recall@20": 0.028735632183908042
}