{
    "model_file": "./data_sets/ryanairreviews/checkpoint_AFM/config_0/fold_4/AFM-May-18-2025_21-54-21.pth",
    "data_set_name": "ryanairreviews",
    "algorithm_name": "AFM",
    "algorithm_config_index": 0,
    "algorithm_configuration": {},
    "fold": 4,
    "evaluation_time": 0.012900590896606445,
    "NDCG@1": 0.7878787878787878,
    "HR@1": 0.7878787878787878,
    "Recall@1": 0.7878787878787878,
    "NDCG@3": 0.5469791430044825,
    "HR@3": 1.0,
    "Recall@3": 0.9898989898989898,
    "NDCG@5": 0.39974267496349947,
    "HR@5": 1.0,
    "Recall@5": 1.0,
    "NDCG@10": 0.2594056437914304,
    "HR@10": 1.0,
    "Recall@10": 1.0,
    "NDCG@20": 0.16741193250921957,
    "HR@20": 1.0,
    "Recall@20": 1.0
}