{
    "model_file": "./data_sets/laptops/checkpoint_WideDeep/config_0/fold_0/WideDeep-May-23-2025_16-53-49.pth",
    "data_set_name": "laptops",
    "algorithm_name": "WideDeep",
    "algorithm_config_index": 0,
    "algorithm_configuration": {},
    "fold": 0,
    "evaluation_time": 0.004731893539428711,
    "NDCG@1": 0.1111111111111111,
    "HR@1": 0.1111111111111111,
    "Recall@1": 0.1111111111111111,
    "NDCG@3": 0.05214208066919516,
    "HR@3": 0.1111111111111111,
    "Recall@3": 0.1111111111111111,
    "NDCG@5": 0.03768446725262401,
    "HR@5": 0.1111111111111111,
    "Recall@5": 0.1111111111111111,
    "NDCG@10": 0.024454640699786687,
    "HR@10": 0.1111111111111111,
    "Recall@10": 0.1111111111111111,
    "NDCG@20": 0.01578222662596192,
    "HR@20": 0.1111111111111111,
    "Recall@20": 0.1111111111111111
}