{
    "model_file": "./data_sets/animes/checkpoint_FwFM/config_0/fold_0/FwFM-May-23-2025_14-10-33.pth",
    "data_set_name": "animes",
    "algorithm_name": "FwFM",
    "algorithm_config_index": 0,
    "algorithm_configuration": {},
    "fold": 0,
    "evaluation_time": 0.2194197177886963,
    "NDCG@1": 0.0,
    "HR@1": 0.0,
    "Recall@1": 0.0,
    "NDCG@3": 0.0006493024363286519,
    "HR@3": 0.0021929824561403508,
    "Recall@3": 0.0021929824561403508,
    "NDCG@5": 0.000756998557558924,
    "HR@5": 0.0043859649122807015,
    "Recall@5": 0.0043859649122807015,
    "NDCG@10": 0.0012414625858364714,
    "HR@10": 0.015350877192982455,
    "Recall@10": 0.015350877192982455,
    "NDCG@20": 0.0014116097744100997,
    "HR@20": 0.03289473684210526,
    "Recall@20": 0.03289473684210526
}