{
    "model_file": "./data_sets/airlinesreviews/checkpoint_AutoInt/config_0/fold_4/AutoInt-May-18-2025_21-22-05.pth",
    "data_set_name": "airlinesreviews",
    "algorithm_name": "AutoInt",
    "algorithm_config_index": 0,
    "algorithm_configuration": {},
    "fold": 4,
    "evaluation_time": 0.047246456146240234,
    "NDCG@1": 0.11194029850746269,
    "HR@1": 0.11194029850746269,
    "Recall@1": 0.11194029850746269,
    "NDCG@3": 0.14987838959378835,
    "HR@3": 0.4626865671641791,
    "Recall@3": 0.4203980099502488,
    "NDCG@5": 0.1525316956254664,
    "HR@5": 0.7238805970149254,
    "Recall@5": 0.6977611940298508,
    "NDCG@10": 0.1233613600613936,
    "HR@10": 1.0,
    "Recall@10": 1.0,
    "NDCG@20": 0.07961339384523371,
    "HR@20": 1.0,
    "Recall@20": 1.0
}