{
    "model_file": "./data_sets/MovieLens-100K/checkpoint_LINE/config_0/fold_2/LINE-Apr-25-2025_15-44-48.pth",
    "data_set_name": "MovieLens-100K",
    "algorithm_name": "LINE",
    "algorithm_config_index": 0,
    "algorithm_configuration": {
        "embedding_size": 64,
        "learning_rate": 0.01
    },
    "fold": 2,
    "evaluation_time": 0.8788361549377441,
    "NDCG@1": 0.2250351617440225,
    "HR@1": 0.2250351617440225,
    "Recall@1": 0.2250351617440225,
    "NDCG@3": 0.20840112069628242,
    "HR@3": 0.4613220815752461,
    "Recall@3": 0.20300046882325345,
    "NDCG@5": 0.19583341911792895,
    "HR@5": 0.5639943741209564,
    "Recall@5": 0.18745897796530758,
    "NDCG@10": 0.18124370806745058,
    "HR@10": 0.7313642756680732,
    "Recall@10": 0.17738764985600405,
    "NDCG@20": 0.16677563092744446,
    "HR@20": 0.8621659634317862,
    "Recall@20": 0.1963429584187318
}