{
    "model_file": "./data_sets/animes/checkpoint_DSSM/config_0/fold_0/DSSM-May-23-2025_13-17-28.pth",
    "data_set_name": "animes",
    "algorithm_name": "DSSM",
    "algorithm_config_index": 0,
    "algorithm_configuration": {},
    "fold": 0,
    "evaluation_time": 0.2221965789794922,
    "NDCG@1": 0.0,
    "HR@1": 0.0,
    "Recall@1": 0.0,
    "NDCG@3": 0.0011638624429325514,
    "HR@3": 0.0043859649122807015,
    "Recall@3": 0.0043859649122807015,
    "NDCG@5": 0.0008411543144108238,
    "HR@5": 0.0043859649122807015,
    "Recall@5": 0.0043859649122807015,
    "NDCG@10": 0.0016468483682242833,
    "HR@10": 0.019736842105263157,
    "Recall@10": 0.019736842105263157,
    "NDCG@20": 0.0015212433090313663,
    "HR@20": 0.03289473684210526,
    "Recall@20": 0.03289473684210526
}