{
    "model_file": "./data_sets/MovieLens-100K/checkpoint_DiffRec/config_0/fold_4/DiffRec-Apr-25-2025_18-45-38.pth",
    "data_set_name": "MovieLens-100K",
    "algorithm_name": "DiffRec",
    "algorithm_config_index": 0,
    "algorithm_configuration": {
        "steps": 5,
        "learning_rate": 0.01
    },
    "fold": 4,
    "evaluation_time": 0.9877779483795166,
    "NDCG@1": 0.47538677918424754,
    "HR@1": 0.47538677918424754,
    "Recall@1": 0.47538677918424754,
    "NDCG@3": 0.44439747892205395,
    "HR@3": 0.7623066104078763,
    "Recall@3": 0.43553680262540995,
    "NDCG@5": 0.41976556413075966,
    "HR@5": 0.8466947960618847,
    "Recall@5": 0.40407876230661005,
    "NDCG@10": 0.37011254171095403,
    "HR@10": 0.9184247538677919,
    "Recall@10": 0.35650269015247926,
    "NDCG@20": 0.31515966079510094,
    "HR@20": 0.9634317862165963,
    "Recall@20": 0.35825954348736555
}