{
    "model_file": "./data_sets/ryanairreviews/checkpoint_EulerNet/config_0/fold_1/EulerNet-May-18-2025_21-57-37.pth",
    "data_set_name": "ryanairreviews",
    "algorithm_name": "EulerNet",
    "algorithm_config_index": 0,
    "algorithm_configuration": {},
    "fold": 1,
    "evaluation_time": 0.03990340232849121,
    "NDCG@1": 0.8387096774193549,
    "HR@1": 0.8387096774193549,
    "Recall@1": 0.8387096774193549,
    "NDCG@3": 0.5737080994244936,
    "HR@3": 1.0,
    "Recall@3": 0.9946236559139785,
    "NDCG@5": 0.41699002952220854,
    "HR@5": 1.0,
    "Recall@5": 1.0,
    "NDCG@10": 0.27059799675552026,
    "HR@10": 1.0,
    "Recall@10": 1.0,
    "NDCG@20": 0.17463511166468204,
    "HR@20": 1.0,
    "Recall@20": 1.0
}