{
    "model_file": "./data_sets/animes/checkpoint_DeepFM/config_0/fold_3/DeepFM-May-23-2025_13-15-19.pth",
    "data_set_name": "animes",
    "algorithm_name": "DeepFM",
    "algorithm_config_index": 0,
    "algorithm_configuration": {},
    "fold": 3,
    "evaluation_time": 0.22613787651062012,
    "NDCG@1": 0.0,
    "HR@1": 0.0,
    "Recall@1": 0.0,
    "NDCG@3": 0.0,
    "HR@3": 0.0,
    "Recall@3": 0.0,
    "NDCG@5": 0.0,
    "HR@5": 0.0,
    "Recall@5": 0.0,
    "NDCG@10": 0.0013764361453933304,
    "HR@10": 0.018691588785046728,
    "Recall@10": 0.018691588785046728,
    "NDCG@20": 0.0016504501520011171,
    "HR@20": 0.0397196261682243,
    "Recall@20": 0.0397196261682243
}