{
    "model_file": "./data_sets/winesspa/checkpoint_FM/config_0/fold_2/FM-May-18-2025_21-04-10.pth",
    "data_set_name": "winesspa",
    "algorithm_name": "FM",
    "algorithm_config_index": 0,
    "algorithm_configuration": {
        "task": "rating",
        "epoch": 10,
        "lr": 0.05
    },
    "fold": 2,
    "evaluation_time": 0.04322504997253418,
    "NDCG@1": 0.59,
    "HR@1": 0.59,
    "Recall@1": 0.59,
    "NDCG@3": 0.5756990216431862,
    "HR@3": 0.9,
    "Recall@3": 0.5766666666666667,
    "NDCG@5": 0.5596862758532518,
    "HR@5": 0.99,
    "Recall@5": 0.5568333333333334,
    "NDCG@10": 0.47859326778063754,
    "HR@10": 1.0,
    "Recall@10": 0.5726349206349206,
    "NDCG@20": 0.3209050498502405,
    "HR@20": 1.0,
    "Recall@20": 0.596375901875902
}