{
    "model_file": "./data_sets/ryanairreviews/checkpoint_PNN/config_0/fold_4/PNN-May-18-2025_21-59-48.pth",
    "data_set_name": "ryanairreviews",
    "algorithm_name": "PNN",
    "algorithm_config_index": 0,
    "algorithm_configuration": {},
    "fold": 4,
    "evaluation_time": 0.01802206039428711,
    "NDCG@1": 0.7727272727272727,
    "HR@1": 0.7727272727272727,
    "Recall@1": 0.7727272727272727,
    "NDCG@3": 0.5327585755492473,
    "HR@3": 1.0,
    "Recall@3": 0.9722222222222221,
    "NDCG@5": 0.3961045634329069,
    "HR@5": 1.0,
    "Recall@5": 1.0,
    "NDCG@10": 0.25704475834464996,
    "HR@10": 1.0,
    "Recall@10": 1.0,
    "NDCG@20": 0.16588829412841324,
    "HR@20": 1.0,
    "Recall@20": 1.0
}