{
    "model_file": "./data_sets/disneylandreviews/checkpoint_DSSM/config_0/fold_4/DSSM-May-18-2025_20-35-41.pth",
    "data_set_name": "disneylandreviews",
    "algorithm_name": "DSSM",
    "algorithm_config_index": 0,
    "algorithm_configuration": {},
    "fold": 4,
    "evaluation_time": 0.010900497436523438,
    "NDCG@1": 1.0,
    "HR@1": 1.0,
    "Recall@1": 1.0,
    "NDCG@3": 0.49949116591723264,
    "HR@3": 1.0,
    "Recall@3": 1.0,
    "NDCG@5": 0.3609955384097925,
    "HR@5": 1.0,
    "Recall@5": 1.0,
    "NDCG@10": 0.23426140342803498,
    "HR@10": 1.0,
    "Recall@10": 1.0,
    "NDCG@20": 0.1511846607768555,
    "HR@20": 1.0,
    "Recall@20": 1.0
}