{
    "9": [
        [
            2,
            0,
            1,
            3
        ],
        [
            0.30314692854881287,
            -Infinity,
            -Infinity,
            -Infinity
        ]
    ],
    "22": [
        [
            2,
            0,
            1,
            3
        ],
        [
            0.37261220812797546,
            -Infinity,
            -Infinity,
            -Infinity
        ]
    ],
    "40": [
        [
            1,
            0,
            2,
            3
        ],
        [
            0.43248504400253296,
            -Infinity,
            -Infinity,
            -Infinity
        ]
    ],
    "5": [
        [
            3,
            0,
            1,
            2
        ],
        [
            0.3018834888935089,
            -Infinity,
            -Infinity,
            -Infinity
        ]
    ],
    "73": [
        [
            1,
            0,
            2,
            3
        ],
        [
            0.4097629487514496,
            -Infinity,
            -Infinity,
            -Infinity
        ]
    ],
    "45": [
        [
            2,
            0,
            1,
            3
        ],
        [
            0.3146207928657532,
            -Infinity,
            -Infinity,
            -Infinity
        ]
    ],
    "20": [
        [
            3,
            0,
            1,
            2
        ],
        [
            0.2900286316871643,
            -Infinity,
            -Infinity,
            -Infinity
        ]
    ],
    "26": [
        [
            1,
            0,
            2,
            3
        ],
        [
            0.45333683490753174,
            -Infinity,
            -Infinity,
            -Infinity
        ]
    ],
    "80": [
        [
            1,
            3,
            0,
            2
        ],
        [
            0.443348228931427,
            0.40258657932281494,
            -Infinity,
            -Infinity
        ]
    ],
    "95": [
        [
            1,
            0,
            2,
            3
        ],
        [
            0.4643810987472534,
            -Infinity,
            -Infinity,
            -Infinity
        ]
    ],
    "86": [
        [
            2,
            0,
            1,
            3
        ],
        [
            0.39115631580352783,
            -Infinity,
            -Infinity,
            -Infinity
        ]
    ],
    "57": [
        [
            2,
            3,
            0,
            1
        ],
        [
            0.47627127170562744,
            0.39476901292800903,
            -Infinity,
            -Infinity
        ]
    ],
    "65": [
        [
            1,
            3,
            0,
            2
        ],
        [
            0.4548644423484802,
            0.38438552618026733,
            -Infinity,
            -Infinity
        ]
    ],
    "37": [
        [
            1,
            0,
            2,
            3
        ],
        [
            0.43497881293296814,
            -Infinity,
            -Infinity,
            -Infinity
        ]
    ],
    "53": [
        [
            1,
            0,
            2,
            3
        ],
        [
            0.40002238750457764,
            -Infinity,
            -Infinity,
            -Infinity
        ]
    ],
    "92": [
        [
            2,
            0,
            1,
            3
        ],
        [
            0.29594284296035767,
            -Infinity,
            -Infinity,
            -Infinity
        ]
    ],
    "44": [
        [
            3,
            0,
            1,
            2
        ],
        [
            0.42617088556289673,
            -Infinity,
            -Infinity,
            -Infinity
        ]
    ],
    "25": [
        [
            1,
            0,
            2,
            3
        ],
        [
            0.34155112504959106,
            -Infinity,
            -Infinity,
            -Infinity
        ]
    ],
    "50": [
        [
            2,
            0,
            1,
            3
        ],
        [
            0.41314274072647095,
            -Infinity,
            -Infinity,
            -Infinity
        ]
    ],
    "63": [
        [
            3,
            0,
            1,
            2
        ],
        [
            0.3040693700313568,
            -Infinity,
            -Infinity,
            -Infinity
        ]
    ],
    "85": [
        [
            1,
            2,
            0,
            3
        ],
        [
            0.4090912640094757,
            0.36082300543785095,
            -Infinity,
            -Infinity
        ]
    ],
    "69": [
        [
            2,
            0,
            1,
            3
        ],
        [
            0.29978659749031067,
            -Infinity,
            -Infinity,
            -Infinity
        ]
    ],
    "23": [
        [
            2,
            0,
            1,
            3
        ],
        [
            0.30208152532577515,
            -Infinity,
            -Infinity,
            -Infinity
        ]
    ],
    "75": [
        [
            2,
            0,
            1,
            3
        ],
        [
            0.349848210811615,
            -Infinity,
            -Infinity,
            -Infinity
        ]
    ],
    "12": [
        [
            2,
            0,
            1,
            3
        ],
        [
            0.33180615305900574,
            -Infinity,
            -Infinity,
            -Infinity
        ]
    ],
    "10": [
        [
            1,
            0,
            2,
            3
        ],
        [
            0.3447571098804474,
            -Infinity,
            -Infinity,
            -Infinity
        ]
    ],
    "34": [
        [
            2,
            0,
            1,
            3
        ],
        [
            0.39245426654815674,
            -Infinity,
            -Infinity,
            -Infinity
        ]
    ],
    "68": [
        [
            1,
            0,
            2,
            3
        ],
        [
            0.4411275088787079,
            -Infinity,
            -Infinity,
            -Infinity
        ]
    ],
    "89": [
        [
            1,
            0,
            2,
            3
        ],
        [
            0.431334912776947,
            -Infinity,
            -Infinity,
            -Infinity
        ]
    ],
    "84": [
        [
            1,
            0,
            2,
            3
        ],
        [
            0.4348401725292206,
            -Infinity,
            -Infinity,
            -Infinity
        ]
    ],
    "71": [
        [
            1,
            0,
            2,
            3
        ],
        [
            0.4473944306373596,
            -Infinity,
            -Infinity,
            -Infinity
        ]
    ],
    "2": [
        [
            3,
            0,
            1,
            2
        ],
        [
            0.3152857720851898,
            -Infinity,
            -Infinity,
            -Infinity
        ]
    ],
    "96": [
        [
            3,
            0,
            1,
            2
        ],
        [
            0.40571433305740356,
            -Infinity,
            -Infinity,
            -Infinity
        ]
    ],
    "3": [
        [
            2,
            3,
            0,
            1
        ],
        [
            0.43221837282180786,
            0.43054160475730896,
            -Infinity,
            -Infinity
        ]
    ],
    "52": [
        [
            1,
            0,
            2,
            3
        ],
        [
            0.3130669593811035,
            -Infinity,
            -Infinity,
            -Infinity
        ]
    ],
    "88": [
        [
            1,
            0,
            2,
            3
        ],
        [
            0.3851983845233917,
            -Infinity,
            -Infinity,
            -Infinity
        ]
    ],