{
    "model_file": "./data_sets/ryanairreviews/checkpoint_FM/config_0/fold_1/FM-May-18-2025_21-58-06.pth",
    "data_set_name": "ryanairreviews",
    "algorithm_name": "FM",
    "algorithm_config_index": 0,
    "algorithm_configuration": {
        "task": "rating",
        "epoch": 10,
        "lr": 0.05
    },
    "fold": 1,
    "evaluation_time": 0.017264127731323242,
    "NDCG@1": 0.8709677419354839,
    "HR@1": 0.8709677419354839,
    "Recall@1": 0.8709677419354839,
    "NDCG@3": 0.5802861022965624,
    "HR@3": 1.0,
    "Recall@3": 0.9946236559139785,
    "NDCG@5": 0.4217441269927875,
    "HR@5": 1.0,
    "Recall@5": 1.0,
    "NDCG@10": 0.27368308071638425,
    "HR@10": 1.0,
    "Recall@10": 1.0,
    "NDCG@20": 0.17662612412028109,
    "HR@20": 1.0,
    "Recall@20": 1.0
}