{
    "44": [
        [
            2,
            0,
            1,
            3
        ],
        [
            0.2781740427017212,
            -Infinity,
            -Infinity,
            -Infinity
        ]
    ],
    "87": [
        [
            3,
            0,
            1,
            2
        ],
        [
            0.3019488453865051,
            -Infinity,
            -Infinity,
            -Infinity
        ]
    ],
    "97": [
        [
            3,
            2,
            0,
            1
        ],
        [
            0.657651960849762,
            0.33946216106414795,
            -Infinity,
            -Infinity
        ]
    ],
    "19": [
        [
            3,
            0,
            1,
            2
        ],
        [
            0.3481987714767456,
            -Infinity,
            -Infinity,
            -Infinity
        ]
    ],
    "59": [
        [
            2,
            0,
            1,
            3
        ],
        [
            0.28552567958831787,
            -Infinity,
            -Infinity,
            -Infinity
        ]
    ],
    "26": [
        [
            2,
            0,
            1,
            3
        ],
        [
            0.28433799743652344,
            -Infinity,
            -Infinity,
            -Infinity
        ]
    ],
    "83": [
        [
            3,
            0,
            1,
            2
        ],
        [
            0.5730829238891602,
            -Infinity,
            -Infinity,
            -Infinity
        ]
    ],
    "11": [
        [
            1,
            2,
            0,
            3
        ],
        [
            0.671104907989502,
            0.2921093702316284,
            -Infinity,
            -Infinity
        ]
    ],
    "34": [
        [
            3,
            0,
            1,
            2
        ],
        [
            0.289135217666626,
            -Infinity,
            -Infinity,
            -Infinity
        ]
    ],
    "72": [
        [
            2,
            0,
            1,
            3
        ],
        [
            0.2809426784515381,
            -Infinity,
            -Infinity,
            -Infinity
        ]
    ],
    "69": [
        [
            1,
            0,
            2,
            3
        ],
        [
            0.6733541488647461,
            -Infinity,
            -Infinity,
            -Infinity
        ]
    ],
    "1": [
        [
            3,
            0,
            1,
            2
        ],
        [
            0.3468630909919739,
            -Infinity,
            -Infinity,
            -Infinity
        ]
    ],
    "80": [
        [
            2,
            0,
            1,
            3
        ],
        [
            0.2966887652873993,
            -Infinity,
            -Infinity,
            -Infinity
        ]
    ],
    "54": [
        [
            3,
            0,
            1,
            2
        ],
        [
            0.28697866201400757,
            -Infinity,
            -Infinity,
            -Infinity
        ]
    ],
    "8": [
        [
            3,
            0,
            1,
            2
        ],
        [
            0.6631485819816589,
            -Infinity,
            -Infinity,
            -Infinity
        ]
    ],
    "68": [
        [
            2,
            0,
            1,
            3
        ],
        [
            0.31232529878616333,
            -Infinity,
            -Infinity,
            -Infinity
        ]
    ],
    "37": [
        [
            1,
            0,
            2,
            3
        ],
        [
            0.3340190649032593,
            -Infinity,
            -Infinity,
            -Infinity
        ]
    ],
    "60": [
        [
            3,
            0,
            1,
            2
        ],
        [
            0.28814035654067993,
            -Infinity,
            -Infinity,
            -Infinity
        ]
    ],
    "39": [
        [
            2,
            0,
            1,
            3
        ],
        [
            0.2794550955295563,
            -Infinity,
            -Infinity,
            -Infinity
        ]
    ],
    "25": [
        [
            3,
            0,
            1,
            2
        ],
        [
            0.28859561681747437,
            -Infinity,
            -Infinity,
            -Infinity
        ]
    ],
    "57": [
        [
            2,
            0,
            1,
            3
        ],
        [
            0.34077152609825134,
            -Infinity,
            -Infinity,
            -Infinity
        ]
    ],
    "90": [
        [
            2,
            0,
            1,
            3
        ],
        [
            0.2827882766723633,
            -Infinity,
            -Infinity,
            -Infinity
        ]
    ],
    "92": [
        [
            3,
            0,
            1,
            2
        ],
        [
            0.6773015260696411,
            -Infinity,
            -Infinity,
            -Infinity
        ]
    ],
    "63": [
        [
            1,
            0,
            2,
            3
        ],
        [
            0.35174721479415894,
            -Infinity,
            -Infinity,
            -Infinity
        ]
    ],
    "36": [
        [
            3,
            2,
            0,
            1
        ],
        [
            0.6511529684066772,
            0.34557417035102844,
            -Infinity,
            -Infinity
        ]
    ],
    "29": [
        [
            2,
            0,
            1,
            3
        ],
        [
            0.31998246908187866,
            -Infinity,
            -Infinity,
            -Infinity
        ]
    ],
    "77": [
        [
            3,
            0,
            1,
            2
        ],
        [
            0.6225632429122925,
            -Infinity,
            -Infinity,
            -Infinity
        ]
    ],
    "74": [
        [
            3,
            0,
            1,
            2
        ],
        [
            0.29166463017463684,
            -Infinity,
            -Infinity,
            -Infinity
        ]
    ],
    "76": [
        [
            3,
            0,
            1,
            2
        ],
        [
            0.2891956567764282,
            -Infinity,
            -Infinity,
            -Infinity
        ]
    ],
    "43": [
        [
            3,
            0,
            1,
            2
        ],
        [
            0.2866264879703522,
            -Infinity,
            -Infinity,
            -Infinity
        ]
    ],
    "42": [
        [
            3,
            0,
            1,
            2
        ],
        [
            0.2878133952617645,
            -Infinity,
            -Infinity,
            -Infinity
        ]
    ],
    "15": [
        [
            2,
            0,
            1,
            3
        ],
        [
            0.28751295804977417,
            -Infinity,
            -Infinity,
            -Infinity
        ]
    ],
    "78": [
        [
            2,
            0,
            1,
            3
        ],
        [
            0.28137442469596863,
            -Infinity,
            -Infinity,
            -Infinity
        ]
    ],
    "91": [
        [
            1,
            3,
            0,
            2
        ],
        [
            0.3473197817802429,
            0.2892321050167084,
            -Infinity,
            -Infinity
        ]
    ],
    "30": [
        [
            2,
            0,
            1,
            3
        ],
        [
            0.2848479747772217,
            -Infinity,
            -Infinity,
            -Infinity
        ]
    ],
    "46": [
        [
            2,
            0,
            1,
            3
        ],
        [
            0.2852565348148346,
            -Infinity,
            -Infinity,
            -Infinity
        ]
    ],