{
    "model_file": "./data_sets/animes/checkpoint_PNN/config_0/fold_2/PNN-May-23-2025_14-15-24.pth",
    "data_set_name": "animes",
    "algorithm_name": "PNN",
    "algorithm_config_index": 0,
    "algorithm_configuration": {},
    "fold": 2,
    "evaluation_time": 0.2222146987915039,
    "NDCG@1": 0.0,
    "HR@1": 0.0,
    "Recall@1": 0.0,
    "NDCG@3": 0.0012912926374142176,
    "HR@3": 0.004866180048661801,
    "Recall@3": 0.004866180048661801,
    "NDCG@5": 0.002246350242703327,
    "HR@5": 0.014598540145985401,
    "Recall@5": 0.014598540145985401,
    "NDCG@10": 0.001958067858135249,
    "HR@10": 0.021897810218978103,
    "Recall@10": 0.021897810218978103,
    "NDCG@20": 0.0017800033793923013,
    "HR@20": 0.0364963503649635,
    "Recall@20": 0.0364963503649635
}